timestamp,node_id,temperature_c,humidity_pct,heat_index_c,pressure_hpa,altitude_m,accel_x,accel_y,accel_z,accel_total,seismic_dev,mq135_raw,co2_eq_ppm,soil_raw,soil_moisture_pct,tds_raw,tds_ppm,rain_raw,rain_wetness_pct,distance_cm,water_rate_cm_min,pir_motion,hazard_code,hazard_label,severity,risk_score,confidence_pct
2026-09-01 00:00:00,IN-DELHI-01,29.1,68.4,33.9,1006.0,170.9,1.09,-0.11,10.85,10.9,1.09,108,1696,3963,4,18,27.0,4061,1,180.7,0.0,0,4,HAZARDOUS_AIR_POLLUTION,Severe,85.0,96.1
2026-09-01 00:00:05,IN-DELHI-01,27.4,64.6,30.8,1000.6,216.3,0.94,-0.23,10.91,10.96,1.15,20,480,1847,80,524,1021.8,3691,13,107.5,-1.68,1,5,WATER_CONTAMINATION,Severe,85.4,93.5
2026-09-01 00:00:10,IN-DELHI-01,42.3,17.9,42.9,997.5,242.5,1.01,-0.17,10.78,10.83,1.02,114,1369,4081,0,10,15.0,4095,0,190.8,0.0,0,3,WILDFIRE,Extreme,93.2,87.8
2026-09-01 00:00:15,IN-DELHI-01,24.4,62.7,26.4,1007.5,158.7,1.09,-0.16,10.81,10.87,1.06,179,2548,3951,5,9,13.5,4050,1,182.5,0.0,1,4,HAZARDOUS_AIR_POLLUTION,Severe,93.5,98.0
2026-09-01 00:00:20,IN-DELHI-01,29.2,65.7,33.6,1004.7,182.2,1.04,-0.22,10.77,10.82,1.01,214,2968,3948,5,16,24.0,4077,0,180.2,0.0,0,4,HAZARDOUS_AIR_POLLUTION,Extreme,97.7,96.8
2026-09-01 00:00:25,IN-DELHI-01,21.4,87.7,24.4,993.5,276.4,2.84,1.45,10.37,10.85,1.04,10,435,1327,99,270,432.0,1374,93,121.2,-6.38,0,2,LANDSLIDE_PRECURSOR,Extreme,99.0,87.5
2026-09-01 00:00:30,IN-DELHI-01,23.0,88.9,26.9,992.4,286.0,-1.42,-0.93,9.86,10.0,0.19,9,431,1238,100,194,310.4,1598,86,157.9,-1.18,1,2,LANDSLIDE_PRECURSOR,Extreme,97.4,93.9
2026-09-01 00:00:35,IN-DELHI-01,24.0,66.5,26.2,1000.3,219.0,0.98,-0.16,10.93,10.97,1.16,15,460,1882,79,749,1460.5,3534,19,105.8,-1.04,0,5,WATER_CONTAMINATION,Severe,94.2,91.1
2026-09-01 00:00:40,IN-DELHI-01,26.4,50.1,27.7,1001.5,209.0,1.22,-0.22,10.89,10.96,1.15,2,407,4026,2,14,21.0,4082,0,194.6,-0.03,0,0,NORMAL,None,5.9,96.0
2026-09-01 00:00:45,IN-DELHI-01,29.3,54.7,32.3,1002.8,197.8,1.11,-0.18,10.69,10.75,0.94,2,407,4023,2,8,12.0,4084,0,176.7,0.04,0,0,NORMAL,None,5.2,94.2
2026-09-01 00:00:50,IN-DELHI-01,29.0,58.2,32.4,1004.4,184.3,1.01,-0.18,10.76,10.81,1.0,195,2740,3952,5,11,16.5,4061,1,181.9,0.0,0,4,HAZARDOUS_AIR_POLLUTION,Extreme,95.4,91.9
2026-09-01 00:00:55,IN-DELHI-01,27.9,50.7,29.9,1001.1,212.1,1.17,-0.17,10.81,10.88,1.07,10,435,4014,2,7,10.5,4077,0,169.6,0.02,0,0,NORMAL,None,8.8,95.3
2026-09-01 00:01:00,IN-DELHI-01,25.8,74.9,29.6,1001.9,205.9,1.03,-0.19,10.73,10.78,0.97,7,428,1990,75,665,1296.8,3012,37,67.8,-1.14,0,5,WATER_CONTAMINATION,Severe,90.9,85.8
2026-09-01 00:01:05,IN-DELHI-01,43.7,21.6,45.8,998.5,234.3,1.04,-0.18,10.88,10.93,1.12,147,1649,4085,0,9,13.5,4095,0,180.1,0.0,0,3,WILDFIRE,Extreme,98.0,88.8
2026-09-01 00:01:10,IN-DELHI-01,27.9,55.5,30.4,1000.9,214.0,1.07,-0.24,10.48,10.54,0.73,21,473,4090,0,1,1.5,4059,1,185.3,0.1,0,0,NORMAL,None,11.3,95.8
2026-09-01 00:01:15,IN-DELHI-01,24.8,69.5,27.6,997.0,247.0,1.07,-0.2,10.74,10.8,0.99,6,424,1882,79,657,1281.1,3254,29,81.8,-2.12,0,5,WATER_CONTAMINATION,Severe,90.6,90.7
2026-09-01 00:01:20,IN-DELHI-01,39.0,15.7,39.0,994.9,264.5,1.1,-0.34,10.72,10.78,0.97,133,1530,4095,0,5,7.5,4095,0,192.0,0.0,0,3,WILDFIRE,Severe,81.4,90.3
2026-09-01 00:01:25,IN-DELHI-01,25.5,90.0,30.9,991.5,293.5,1.11,-0.26,10.77,10.83,1.02,8,428,1333,98,351,631.8,1301,96,57.2,-11.4,1,1,FLASH_FLOOD,Severe,88.6,92.2
2026-09-01 00:01:30,IN-DELHI-01,40.6,14.0,40.6,999.6,225.0,1.04,-0.05,10.76,10.81,1.0,106,1301,4095,0,6,9.0,4095,0,187.2,0.0,1,3,WILDFIRE,Severe,87.2,88.2
2026-09-01 00:01:35,IN-DELHI-01,42.5,20.0,43.7,997.4,243.6,1.12,-0.23,10.59,10.65,0.84,97,1224,4084,0,6,9.0,4095,0,187.3,0.0,0,3,WILDFIRE,Extreme,93.8,96.1
2026-09-01 00:01:40,IN-DELHI-01,30.6,52.2,33.8,1000.4,218.4,1.0,-0.18,10.6,10.65,0.84,2,407,4063,1,10,15.0,4095,0,171.8,-0.27,0,0,NORMAL,None,4.4,92.9
2026-09-01 00:01:45,IN-DELHI-01,22.4,88.4,25.9,992.4,286.0,1.14,-0.21,10.63,10.69,0.88,19,466,1322,99,279,502.2,1107,100,31.5,-6.76,0,1,FLASH_FLOOD,Severe,93.7,90.2
2026-09-01 00:01:50,IN-DELHI-01,27.0,60.1,29.7,1000.7,216.0,1.06,-0.19,10.74,10.8,0.99,10,435,4018,2,13,19.5,4032,2,184.1,-0.11,0,0,NORMAL,None,3.7,98.1
2026-09-01 00:01:55,IN-DELHI-01,22.6,94.3,26.7,990.2,304.5,-2.08,-2.14,9.81,10.26,0.45,11,438,1296,100,225,360.0,1471,90,96.9,-4.18,0,2,LANDSLIDE_PRECURSOR,Extreme,89.6,86.3
2026-09-01 00:02:00,IN-DELHI-01,29.5,62.4,33.6,1000.9,213.7,1.09,-0.27,10.83,10.89,1.08,1,403,4017,2,5,7.5,4050,1,188.1,-0.01,1,0,NORMAL,None,16.8,95.8
2026-09-01 00:02:05,IN-DELHI-01,27.8,75.6,32.8,999.9,222.4,1.07,-0.13,10.94,11.0,1.19,15,460,1710,85,506,986.7,3732,12,97.3,-2.69,0,5,WATER_CONTAMINATION,Severe,84.7,92.0
2026-09-01 00:02:10,IN-DELHI-01,41.4,20.2,42.3,998.3,235.6,1.16,-0.22,10.85,10.92,1.11,96,1216,4081,0,9,13.5,4095,0,191.3,0.0,0,3,WILDFIRE,Severe,89.7,93.4
2026-09-01 00:02:15,IN-DELHI-01,26.0,59.2,28.2,1007.7,156.4,1.01,-0.23,10.82,10.87,1.06,85,1420,3974,4,3,4.5,4053,1,187.2,0.0,0,4,HAZARDOUS_AIR_POLLUTION,Severe,82.2,90.8
2026-09-01 00:02:20,IN-DELHI-01,25.1,72.3,28.4,1001.4,210.3,1.01,-0.04,10.82,10.87,1.06,10,440,1701,85,399,778.0,3401,23,44.5,-2.08,0,5,WATER_CONTAMINATION,Severe,80.6,89.0
2026-09-01 00:02:25,IN-DELHI-01,27.4,51.6,29.2,1001.0,213.2,0.91,-0.13,10.83,10.87,1.06,0,400,4090,0,8,12.0,4084,0,183.6,0.1,0,0,NORMAL,None,12.7,98.9
2026-09-01 00:02:30,IN-DELHI-01,39.5,15.9,39.5,999.8,223.8,0.91,-0.13,10.82,10.86,1.05,100,1250,4092,0,2,3.0,4095,0,192.3,0.0,0,3,WILDFIRE,Severe,83.3,95.3
2026-09-01 00:02:35,IN-DELHI-01,30.2,60.2,34.3,1009.1,145.2,1.0,-0.18,10.6,10.65,0.84,183,2596,3983,4,22,33.0,4066,1,178.7,0.0,1,4,HAZARDOUS_AIR_POLLUTION,Extreme,94.0,93.3
2026-09-01 00:02:40,IN-DELHI-01,27.3,50.4,29.0,999.7,223.8,1.1,-0.22,10.79,10.85,1.04,2,407,4088,0,5,7.5,4056,1,169.0,0.01,1,0,NORMAL,None,7.6,97.3
2026-09-01 00:02:45,IN-DELHI-01,20.2,82.5,22.3,991.1,296.3,-3.27,-1.6,9.5,10.17,0.36,15,452,1301,99,158,252.8,1769,80,88.4,-1.55,0,2,LANDSLIDE_PRECURSOR,Extreme,93.3,93.0
2026-09-01 00:02:50,IN-DELHI-01,27.2,50.5,28.9,1000.5,217.5,1.03,-0.18,10.69,10.74,0.93,1,403,4066,1,10,15.0,4050,1,182.2,-0.28,0,0,NORMAL,None,3.3,92.1
2026-09-01 00:02:55,IN-DELHI-01,46.6,20.4,49.3,997.1,246.1,1.08,-0.16,10.74,10.8,0.99,142,1607,4086,0,7,10.5,4095,0,183.3,0.0,0,3,WILDFIRE,Extreme,98.0,92.2
2026-09-01 00:03:00,IN-DELHI-01,26.3,50.8,27.7,1000.4,218.7,0.92,-0.14,10.89,10.93,1.12,5,417,4095,0,17,25.5,4079,0,181.3,0.13,0,0,NORMAL,None,17.3,94.8
2026-09-01 00:03:05,IN-DELHI-01,25.3,70.1,28.3,1003.3,194.0,1.08,-0.21,10.73,10.78,0.97,14,456,1769,83,437,852.1,3329,26,47.7,-0.55,0,5,WATER_CONTAMINATION,Severe,82.0,85.7
2026-09-01 00:03:10,IN-DELHI-01,26.8,55.7,28.9,1008.9,146.3,1.06,-0.2,10.89,10.94,1.13,146,2152,4013,2,3,4.5,4030,2,183.2,0.0,0,4,HAZARDOUS_AIR_POLLUTION,Severe,89.5,92.3
2026-09-01 00:03:15,IN-DELHI-01,41.9,14.7,41.9,998.1,237.7,0.95,-0.2,10.81,10.85,1.04,142,1607,4082,0,0,0.0,4095,0,190.0,0.0,0,3,WILDFIRE,Severe,91.6,94.4
2026-09-01 00:03:20,IN-DELHI-01,25.3,94.0,30.9,988.7,316.8,1.19,-0.16,10.64,10.71,0.9,19,466,1286,100,318,572.4,1260,97,52.2,-12.97,0,1,FLASH_FLOOD,Severe,89.6,92.6
2026-09-01 00:03:25,IN-DELHI-01,25.1,73.7,28.5,1000.5,217.2,0.98,-0.14,10.76,10.8,0.99,15,460,1975,75,565,1101.8,2912,40,54.4,-1.74,0,5,WATER_CONTAMINATION,Severe,87.0,90.5
2026-09-01 00:03:30,IN-DELHI-01,22.7,90.7,26.6,988.0,323.0,1.17,-0.18,10.88,10.95,1.14,5,417,1327,99,333,599.4,1298,96,16.2,-11.94,0,1,FLASH_FLOOD,Extreme,96.8,93.0
2026-09-01 00:03:35,IN-DELHI-01,25.3,92.3,30.7,987.3,328.6,1.23,-0.27,11.07,11.14,1.33,15,452,1363,97,359,646.2,1270,97,69.1,-14.22,0,1,FLASH_FLOOD,Severe,86.2,89.0
2026-09-01 00:03:40,IN-DELHI-01,25.7,49.7,26.7,1000.3,219.3,1.07,-0.04,10.84,10.89,1.08,2,407,4065,1,4,6.0,4095,0,186.4,0.08,0,0,NORMAL,None,6.9,99.0
2026-09-01 00:03:45,IN-DELHI-01,27.8,47.6,29.4,1000.6,217.0,0.96,-0.23,10.77,10.81,1.0,9,431,4016,2,7,10.5,4095,0,173.8,0.08,1,0,NORMAL,None,17.4,92.7
2026-09-01 00:03:50,IN-DELHI-01,25.3,71.3,28.6,1000.4,218.0,1.02,-0.17,10.78,10.83,1.02,27,508,1903,78,544,1060.8,3038,36,73.3,-0.26,0,5,WATER_CONTAMINATION,Severe,86.2,89.5
2026-09-01 00:03:55,IN-DELHI-01,26.2,66.7,29.3,1006.6,165.9,0.96,-0.17,10.69,10.73,0.92,181,2572,4001,3,18,27.0,4072,0,181.1,0.0,0,4,HAZARDOUS_AIR_POLLUTION,Extreme,93.7,95.1
2026-09-01 00:04:00,IN-DELHI-01,42.1,20.8,43.4,996.1,254.7,0.98,-0.17,10.69,10.74,0.93,133,1530,4076,0,3,4.5,4095,0,181.1,0.0,0,3,WILDFIRE,Extreme,92.4,93.6
2026-09-01 00:04:05,IN-DELHI-01,25.3,61.7,27.5,1002.7,199.2,1.1,-0.25,11.2,11.26,1.45,4,414,4008,3,9,13.5,4075,0,182.3,-0.17,0,0,NORMAL,None,16.7,93.3
2026-09-01 00:04:10,IN-DELHI-01,37.8,20.2,37.8,999.0,230.2,1.03,-0.23,10.79,10.84,1.03,134,1539,4087,0,1,1.5,4095,0,190.5,0.0,0,3,WILDFIRE,Severe,77.3,91.4
2026-09-01 00:04:15,IN-DELHI-01,23.1,66.3,24.9,1000.4,218.6,1.11,-0.13,10.73,10.79,0.98,5,420,1850,80,544,1060.8,2833,43,60.1,-1.23,0,5,WATER_CONTAMINATION,Severe,86.2,92.6
2026-09-01 00:04:20,IN-DELHI-01,25.2,62.7,27.5,1005.9,172.0,1.09,-0.2,10.95,11.01,1.2,150,2200,3981,4,5,7.5,4033,2,178.9,0.0,1,4,HAZARDOUS_AIR_POLLUTION,Severe,90.0,93.5
2026-09-01 00:04:25,IN-DELHI-01,26.0,61.9,28.5,1000.9,214.4,1.01,-0.17,10.82,10.87,1.06,5,417,4014,2,5,7.5,4069,0,192.0,-0.36,0,0,NORMAL,None,10.8,94.7
2026-09-01 00:04:30,IN-DELHI-01,37.0,17.7,37.0,998.0,239.0,1.0,-0.16,10.66,10.71,0.9,152,1692,4081,0,6,9.0,4095,0,185.1,0.0,0,3,WILDFIRE,Severe,75.0,93.5
2026-09-01 00:04:35,IN-DELHI-01,24.6,62.2,26.6,1004.4,184.7,1.03,-0.24,10.71,10.76,0.95,126,1912,3990,3,19,28.5,4088,0,176.7,0.0,0,4,HAZARDOUS_AIR_POLLUTION,Severe,87.1,90.4
2026-09-01 00:04:40,IN-DELHI-01,24.4,57.1,25.8,1001.7,207.6,0.9,-0.08,10.78,10.82,1.01,10,440,2168,68,852,1661.4,3836,8,103.3,-1.68,0,5,WATER_CONTAMINATION,Severe,96.0,86.0
2026-09-01 00:04:45,IN-DELHI-01,22.7,89.9,26.5,992.1,288.1,-1.6,-2.02,9.96,10.29,0.48,9,431,1315,99,237,379.2,1520,88,105.8,-1.31,0,2,LANDSLIDE_PRECURSOR,Extreme,91.8,91.7
2026-09-01 00:04:50,IN-DELHI-01,25.0,69.7,27.9,1007.1,162.2,1.26,-0.26,10.75,10.82,1.01,117,1804,4031,2,21,31.5,4075,0,176.1,0.0,0,4,HAZARDOUS_AIR_POLLUTION,Severe,86.0,97.7
2026-09-01 00:04:55,IN-DELHI-01,27.2,53.4,29.2,1000.2,220.0,1.12,-0.18,10.87,10.93,1.12,4,414,4059,1,13,19.5,4054,1,177.6,-0.07,0,0,NORMAL,None,5.7,96.5
2026-09-01 00:05:00,IN-DELHI-01,20.1,88.0,22.5,992.3,286.6,6.52,2.33,9.8,12.0,2.19,13,445,1225,100,190,304.0,1505,89,137.6,-3.25,0,2,LANDSLIDE_PRECURSOR,Extreme,91.8,88.5
2026-09-01 00:05:05,IN-DELHI-01,40.3,16.4,40.3,998.2,237.1,1.04,-0.19,10.79,10.85,1.04,93,1190,4095,0,5,7.5,4095,0,189.9,0.0,0,3,WILDFIRE,Severe,86.0,95.2
2026-09-01 00:05:10,IN-DELHI-01,19.8,93.3,22.6,986.2,337.9,1.13,-0.29,10.85,10.91,1.1,17,459,1353,98,234,421.2,1232,98,36.1,-8.47,1,1,FLASH_FLOOD,Severe,92.8,95.5
2026-09-01 00:05:15,IN-DELHI-01,29.0,45.6,30.6,1000.1,221.1,1.11,-0.15,10.75,10.81,1.0,0,400,4028,2,0,0.0,4056,1,166.8,-0.06,0,0,NORMAL,None,6.1,97.8
2026-09-01 00:05:20,IN-DELHI-01,23.5,87.4,27.4,994.7,266.1,6.0,3.75,12.97,14.77,4.96,16,456,1224,100,323,516.8,1553,87,137.1,-5.8,0,2,LANDSLIDE_PRECURSOR,Extreme,85.2,91.6
2026-09-01 00:05:25,IN-DELHI-01,20.0,92.3,22.7,991.8,290.5,4.61,1.27,11.0,11.99,2.18,15,452,1241,100,244,390.4,1549,87,167.8,-2.56,0,2,LANDSLIDE_PRECURSOR,Extreme,89.2,90.3
2026-09-01 00:05:30,IN-DELHI-01,28.0,52.3,30.1,1001.6,208.2,1.05,-0.17,10.9,10.95,1.14,1,403,3991,3,20,30.0,4061,1,173.8,-0.21,0,0,NORMAL,None,12.5,97.8
2026-09-01 00:05:35,IN-DELHI-01,23.9,49.6,24.4,1008.4,150.7,1.12,-0.17,10.52,10.58,0.77,194,2728,3992,3,12,18.0,4050,1,174.2,0.0,0,4,HAZARDOUS_AIR_POLLUTION,Extreme,95.3,93.0
2026-09-01 00:05:40,IN-DELHI-01,22.5,99.0,27.0,992.4,285.6,1.02,-0.12,10.87,10.92,1.11,5,417,1227,100,362,651.6,1271,97,76.6,-12.93,1,1,FLASH_FLOOD,Severe,84.7,95.9
2026-09-01 00:05:45,IN-DELHI-01,41.9,20.0,42.9,998.1,237.7,1.0,-0.09,10.9,10.95,1.14,179,1921,4085,0,6,9.0,4095,0,189.7,0.0,0,3,WILDFIRE,Severe,91.7,88.9
2026-09-01 00:05:50,IN-DELHI-01,26.9,59.6,29.5,1004.0,187.9,1.15,-0.19,10.74,10.8,0.99,157,2284,4003,3,11,16.5,4064,1,185.0,0.0,1,4,HAZARDOUS_AIR_POLLUTION,Severe,90.8,95.0
2026-09-01 00:05:55,IN-DELHI-01,22.8,80.0,25.7,991.9,290.2,-3.13,-3.18,10.25,11.18,1.37,17,459,1439,95,248,396.8,1684,83,111.0,-1.54,0,2,LANDSLIDE_PRECURSOR,Extreme,97.6,89.4
2026-09-01 00:06:00,IN-DELHI-01,29.3,55.3,32.3,1001.4,210.0,0.98,-0.24,10.57,10.62,0.81,3,410,4095,0,2,3.0,4077,0,190.8,0.14,0,0,NORMAL,None,12.4,97.4
2026-09-01 00:06:05,IN-DELHI-01,26.3,64.0,29.1,1002.4,201.3,1.0,-0.16,10.67,10.72,0.91,19,476,1745,84,587,1144.6,3448,22,96.3,-1.85,0,5,WATER_CONTAMINATION,Severe,87.9,85.9
2026-09-01 00:06:10,IN-DELHI-01,28.2,53.1,30.5,1000.8,214.6,0.9,-0.25,10.69,10.74,0.93,3,410,4041,1,12,18.0,4052,1,190.2,0.0,0,0,NORMAL,None,17.5,96.2
2026-09-01 00:06:15,IN-DELHI-01,20.6,95.8,23.9,989.8,307.7,1.19,-0.07,10.9,10.96,1.15,10,435,1322,99,311,559.8,1240,98,57.7,-16.55,0,1,FLASH_FLOOD,Severe,88.5,93.9
2026-09-01 00:06:20,IN-DELHI-01,27.4,61.1,30.4,1005.7,173.9,1.17,-0.22,10.74,10.81,1.0,185,2620,3968,4,8,12.0,4058,1,180.5,0.0,0,4,HAZARDOUS_AIR_POLLUTION,Extreme,94.2,94.8
2026-09-01 00:06:25,IN-DELHI-01,24.7,90.4,29.6,993.0,281.1,-2.82,-2.42,10.93,11.55,1.74,10,435,1316,99,270,432.0,1532,88,139.5,-4.78,0,2,LANDSLIDE_PRECURSOR,Extreme,85.7,86.9
2026-09-01 00:06:30,IN-DELHI-01,20.9,84.6,23.4,990.4,303.0,-2.46,-1.34,11.81,12.14,2.33,7,424,1249,100,209,334.4,1692,83,137.3,-4.07,0,2,LANDSLIDE_PRECURSOR,Extreme,98.2,94.1
2026-09-01 00:06:35,IN-DELHI-01,24.9,72.5,28.1,1004.0,188.1,1.06,-0.16,10.83,10.88,1.07,17,468,1696,85,719,1402.0,2650,49,102.2,-0.8,1,5,WATER_CONTAMINATION,Severe,93.0,85.2
2026-09-01 00:06:40,IN-DELHI-01,29.0,47.5,30.9,999.3,227.5,0.99,-0.21,10.78,10.83,1.02,0,400,4021,2,19,28.5,4042,1,173.1,0.06,0,0,NORMAL,None,5.9,96.1
2026-09-01 00:06:45,IN-DELHI-01,41.0,23.3,42.7,998.7,232.4,1.05,-0.23,10.76,10.81,1.0,108,1318,4078,0,1,1.5,4095,0,190.4,0.0,0,3,WILDFIRE,Severe,88.7,97.5
2026-09-01 00:06:50,IN-DELHI-01,30.1,63.8,34.6,1004.8,181.3,1.08,-0.15,10.61,10.67,0.86,119,1828,3964,4,10,15.0,4063,1,174.2,0.0,0,4,HAZARDOUS_AIR_POLLUTION,Severe,86.3,96.5
2026-09-01 00:06:55,IN-DELHI-01,20.4,81.4,22.5,988.0,323.0,4.97,2.34,10.3,11.67,1.86,15,452,1300,100,209,334.4,1706,82,154.6,-3.18,0,2,LANDSLIDE_PRECURSOR,Extreme,91.3,86.6
2026-09-01 00:07:00,IN-DELHI-01,25.1,95.8,30.8,990.1,305.0,0.95,-0.36,10.79,10.84,1.03,5,417,1314,99,363,653.4,1200,100,54.6,-17.23,1,1,FLASH_FLOOD,Severe,89.1,92.5
2026-09-01 00:07:05,IN-DELHI-01,29.4,50.7,31.9,1001.9,206.1,0.91,-0.15,10.74,10.78,0.97,4,414,4095,0,12,18.0,4094,0,181.5,-0.11,0,0,NORMAL,None,8.2,97.4
2026-09-01 00:07:10,IN-DELHI-01,24.5,53.4,25.5,1004.2,186.6,1.03,-0.19,10.87,10.93,1.12,193,2716,3964,4,27,40.5,4035,2,170.9,0.0,0,4,HAZARDOUS_AIR_POLLUTION,Extreme,95.2,92.8
2026-09-01 00:07:15,IN-DELHI-01,39.0,12.3,39.0,996.0,255.2,1.16,-0.2,10.71,10.77,0.96,116,1386,4081,0,0,0.0,4095,0,185.9,0.0,0,3,WILDFIRE,Severe,81.4,88.4
2026-09-01 00:07:20,IN-DELHI-01,26.4,60.8,28.9,1000.1,220.6,0.97,-0.21,10.68,10.72,0.91,15,460,2030,73,652,1271.4,3420,23,89.7,-1.8,1,5,WATER_CONTAMINATION,Severe,90.4,86.4
2026-09-01 00:07:25,IN-DELHI-01,26.6,59.6,29.1,999.5,225.9,1.05,-0.19,10.6,10.66,0.85,4,414,4084,0,4,6.0,4060,1,179.7,0.1,0,0,NORMAL,None,16.4,97.0
2026-09-01 00:07:30,IN-DELHI-01,30.0,46.3,32.1,1002.0,205.2,1.06,-0.12,10.71,10.76,0.95,2,407,4095,0,4,6.0,4066,1,184.8,-0.16,0,0,NORMAL,None,7.9,98.6
2026-09-01 00:07:35,IN-DELHI-01,20.6,88.7,23.3,990.0,305.9,-3.73,-2.76,10.18,11.19,1.38,11,438,1344,98,255,408.0,1473,90,164.0,-1.68,0,2,LANDSLIDE_PRECURSOR,Extreme,89.0,94.0
2026-09-01 00:07:40,IN-DELHI-01,25.4,53.7,26.8,1001.3,211.1,1.02,-0.09,10.63,10.68,0.87,8,428,4082,0,7,10.5,4054,1,186.1,-0.05,0,0,NORMAL,None,7.1,92.7
2026-09-01 00:07:45,IN-DELHI-01,25.5,62.8,27.9,998.4,235.0,1.09,-0.15,10.82,10.87,1.06,10,440,2081,72,751,1464.5,3165,32,70.6,-0.96,0,5,WATER_CONTAMINATION,Severe,94.3,90.5
2026-09-01 00:07:50,IN-DELHI-01,25.7,63.9,28.2,999.8,223.3,1.06,-0.22,10.8,10.85,1.04,23,492,1738,84,502,978.9,3815,9,83.2,-2.49,0,5,WATER_CONTAMINATION,Severe,84.6,90.8
2026-09-01 00:07:55,IN-DELHI-01,25.0,71.3,28.1,1002.5,200.7,1.01,-0.2,10.63,10.68,0.87,25,500,2319,63,772,1505.4,3589,17,79.1,-3.88,0,5,WATER_CONTAMINATION,Severe,95.1,88.9
2026-09-01 00:08:00,IN-DELHI-01,21.8,91.3,25.2,992.6,284.2,5.67,1.62,9.75,11.39,1.58,17,459,1226,100,170,272.0,1588,86,110.3,-1.58,0,2,LANDSLIDE_PRECURSOR,Extreme,87.5,94.2
2026-09-01 00:08:05,IN-DELHI-01,22.6,92.0,26.6,991.7,291.7,-3.17,-2.45,9.87,10.65,0.84,12,442,1308,99,227,363.2,1914,75,143.3,-9.99,0,2,LANDSLIDE_PRECURSOR,Extreme,88.5,93.9
2026-09-01 00:08:10,IN-DELHI-01,27.0,50.0,28.5,1003.3,193.6,1.16,-0.15,10.72,10.78,0.97,2,407,4095,0,4,6.0,4082,0,188.1,-0.04,0,0,NORMAL,None,13.1,94.6
2026-09-01 00:08:15,IN-DELHI-01,41.4,19.2,42.1,995.3,261.3,1.09,-0.14,10.75,10.8,0.99,116,1386,4088,0,3,4.5,4095,0,191.0,0.0,0,3,WILDFIRE,Severe,89.9,94.9
2026-09-01 00:08:20,IN-DELHI-01,26.9,48.1,28.1,1003.3,193.6,1.09,-0.31,11.09,11.15,1.34,1,403,4095,0,8,12.0,4095,0,186.5,-0.18,0,0,NORMAL,None,17.2,93.0
2026-09-01 00:08:25,IN-DELHI-01,44.5,16.6,45.2,995.3,261.6,1.09,-0.14,10.7,10.75,0.94,97,1224,4086,0,4,6.0,4095,0,190.5,0.0,0,3,WILDFIRE,Extreme,98.0,91.9
2026-09-01 00:08:30,IN-DELHI-01,29.1,47.1,31.0,1000.3,218.8,0.96,-0.13,10.75,10.79,0.98,5,417,4067,1,4,6.0,4070,0,177.0,-0.04,0,0,NORMAL,None,9.1,99.0
2026-09-01 00:08:35,IN-DELHI-01,21.5,85.0,24.3,988.4,319.4,1.17,-0.12,10.85,10.91,1.1,10,435,1150,100,368,662.4,1067,100,71.6,-12.94,0,1,FLASH_FLOOD,Severe,85.7,93.2
2026-09-01 00:08:40,IN-DELHI-01,24.8,89.3,29.7,986.6,334.3,0.79,-0.36,10.56,10.59,0.78,11,438,1348,98,328,590.4,1289,96,46.0,-13.28,0,1,FLASH_FLOOD,Severe,90.8,91.5
2026-09-01 00:08:45,IN-DELHI-01,44.6,22.5,47.2,998.7,233.0,1.08,-0.2,10.65,10.71,0.9,93,1190,4089,0,3,4.5,4095,0,187.1,0.0,0,3,WILDFIRE,Extreme,98.0,87.8
2026-09-01 00:08:50,IN-DELHI-01,21.3,85.1,24.0,994.8,265.9,-4.98,-2.28,11.69,12.91,3.1,17,459,1217,100,186,297.6,1586,86,157.0,-0.02,0,2,LANDSLIDE_PRECURSOR,Extreme,98.3,91.4
2026-09-01 00:08:55,IN-DELHI-01,23.5,91.1,27.9,985.9,340.5,0.97,-0.12,10.91,10.95,1.14,8,428,1335,98,378,680.4,1405,92,59.9,-8.27,0,1,FLASH_FLOOD,Severe,88.0,93.7
2026-09-01 00:09:00,IN-DELHI-01,45.7,19.5,47.8,1000.8,214.7,1.15,-0.17,10.68,10.74,0.93,129,1496,4095,0,4,6.0,4095,0,187.3,0.0,0,3,WILDFIRE,Extreme,98.0,93.0
2026-09-01 00:09:05,IN-DELHI-01,28.8,60.1,32.2,1006.9,163.3,0.95,-0.19,10.79,10.83,1.02,200,2800,3997,3,9,13.5,4061,1,176.6,0.0,0,4,HAZARDOUS_AIR_POLLUTION,Extreme,96.0,96.2
2026-09-01 00:09:10,IN-DELHI-01,22.4,94.6,26.4,987.8,324.6,0.98,-0.07,10.72,10.76,0.95,19,466,1345,98,357,642.6,1300,96,53.5,-16.11,1,1,FLASH_FLOOD,Severe,89.3,96.2
2026-09-01 00:09:15,IN-DELHI-01,29.2,56.1,32.3,998.4,235.0,1.04,-0.22,10.96,11.02,1.21,2,407,4095,0,15,22.5,4053,1,187.9,0.08,0,0,NORMAL,None,5.9,96.1
2026-09-01 00:09:20,IN-DELHI-01,29.5,53.6,32.4,1002.3,202.4,0.97,-0.25,10.78,10.82,1.01,7,424,3984,3,15,22.5,4065,1,170.2,-0.1,0,0,NORMAL,None,5.1,95.9
2026-09-01 00:09:25,IN-DELHI-01,28.9,48.3,30.8,1001.9,206.0,0.91,-0.21,10.63,10.67,0.86,0,400,4016,2,14,21.0,4081,0,190.9,-0.02,0,0,NORMAL,None,4.3,96.2
2026-09-01 00:09:30,IN-DELHI-01,21.5,88.0,24.5,993.3,278.3,5.85,2.73,12.62,14.18,4.37,17,459,1360,97,203,324.8,1727,81,98.5,-6.57,0,2,LANDSLIDE_PRECURSOR,Extreme,92.1,91.4
2026-09-01 00:09:35,IN-DELHI-01,21.6,85.1,24.5,992.8,282.0,-5.49,-4.07,9.76,11.92,2.11,11,438,1212,100,264,422.4,1626,85,167.6,-4.72,0,2,LANDSLIDE_PRECURSOR,Extreme,93.1,93.6
2026-09-01 00:09:40,IN-DELHI-01,38.8,18.4,38.8,996.4,251.7,0.91,-0.27,10.86,10.91,1.1,121,1428,4095,0,4,6.0,4095,0,185.5,0.0,0,3,WILDFIRE,Severe,80.9,91.6
2026-09-01 00:09:45,IN-DELHI-01,21.3,84.7,24.0,992.8,282.6,-5.48,-3.43,10.58,12.4,2.59,16,456,1279,100,148,236.8,1845,77,103.7,-3.38,0,2,LANDSLIDE_PRECURSOR,Extreme,94.5,95.1
2026-09-01 00:09:50,IN-DELHI-01,23.6,54.8,24.5,1005.1,178.8,1.02,-0.18,10.88,10.93,1.12,176,2512,4080,0,13,19.5,4075,0,182.1,0.0,1,4,HAZARDOUS_AIR_POLLUTION,Severe,93.1,93.0
2026-09-01 00:09:55,IN-DELHI-01,27.7,67.6,31.6,1001.9,205.6,1.02,-0.22,10.91,10.96,1.15,18,472,2212,67,564,1099.8,3127,33,84.3,-1.66,0,5,WATER_CONTAMINATION,Severe,87.0,87.6
2026-09-01 00:10:00,IN-DELHI-01,20.4,89.5,23.1,996.0,255.2,6.69,2.4,9.66,11.99,2.18,8,428,1283,100,279,446.4,1404,92,123.9,-2.05,0,2,LANDSLIDE_PRECURSOR,Extreme,86.4,94.1
2026-09-01 00:10:05,IN-DELHI-01,28.1,64.1,31.8,1000.3,219.4,1.11,-0.11,10.85,10.91,1.1,4,414,4022,2,10,15.0,4053,1,181.5,0.05,0,0,NORMAL,None,12.4,93.6
2026-09-01 00:10:10,IN-DELHI-01,24.3,56.4,25.6,1002.0,205.2,1.03,-0.16,10.71,10.76,0.95,40,560,1601,89,517,1008.1,3446,22,112.5,-2.29,0,5,WATER_CONTAMINATION,Severe,85.2,93.8
2026-09-01 00:10:15,IN-DELHI-01,26.8,57.8,29.1,1002.0,205.0,1.02,-0.26,10.8,10.85,1.04,2,407,4064,1,7,10.5,4054,1,181.9,0.05,0,0,NORMAL,None,12.4,97.0
2026-09-01 00:10:20,IN-DELHI-01,26.0,51.3,27.3,998.9,231.1,0.93,-0.22,10.86,10.9,1.09,9,431,4095,0,13,19.5,4048,1,190.9,0.12,0,0,NORMAL,None,4.2,94.3
2026-09-01 00:10:25,IN-DELHI-01,29.3,52.2,31.9,1000.1,220.8,1.07,-0.22,10.89,10.94,1.13,3,410,4047,1,15,22.5,4072,0,192.4,-0.09,0,0,NORMAL,None,16.8,98.2
2026-09-01 00:10:30,IN-DELHI-01,25.2,67.1,28.0,1001.8,206.2,1.1,-0.2,10.7,10.76,0.95,16,464,1969,76,667,1300.6,3193,31,45.4,-2.37,0,5,WATER_CONTAMINATION,Severe,91.0,90.4
2026-09-01 00:10:35,IN-DELHI-01,27.6,66.6,31.3,1003.3,194.0,1.01,-0.24,10.78,10.83,1.02,112,1744,3938,5,13,19.5,4068,0,178.8,0.0,0,4,HAZARDOUS_AIR_POLLUTION,Severe,85.4,97.7
2026-09-01 00:10:40,IN-DELHI-01,26.6,50.9,28.1,1000.3,219.0,1.14,-0.15,10.8,10.86,1.05,3,410,4085,0,13,19.5,4077,0,174.8,-0.17,1,0,NORMAL,None,9.4,97.6
2026-09-01 00:10:45,IN-DELHI-01,24.8,71.8,27.9,1001.2,211.7,1.1,-0.18,10.83,10.89,1.08,23,492,1831,81,489,953.5,3889,7,84.1,-0.6,0,5,WATER_CONTAMINATION,Severe,84.1,86.8
2026-09-01 00:10:50,IN-DELHI-01,27.3,53.2,29.3,997.7,241.1,1.0,-0.23,10.87,10.92,1.11,8,428,4048,1,14,21.0,4059,1,177.8,-0.2,0,0,NORMAL,None,12.5,94.4
2026-09-01 00:10:55,IN-DELHI-01,29.3,51.8,31.9,1003.3,193.7,1.21,-0.13,10.58,10.65,0.84,15,452,3995,3,12,18.0,4052,1,185.1,0.02,0,0,NORMAL,None,5.0,98.1
2026-09-01 00:11:00,IN-DELHI-01,27.0,74.9,31.4,1003.1,195.3,0.95,-0.14,10.76,10.8,0.99,19,476,1922,77,668,1302.6,3661,14,75.1,-1.57,0,5,WATER_CONTAMINATION,Severe,91.1,89.0
2026-09-01 00:11:05,IN-DELHI-01,27.0,44.7,27.8,1000.5,217.5,1.06,-0.21,10.84,10.89,1.08,9,431,4048,1,3,4.5,4057,1,183.8,-0.27,0,0,NORMAL,None,16.0,98.9
2026-09-01 00:11:10,IN-DELHI-01,41.8,20.5,43.0,1001.1,212.7,1.12,-0.07,10.61,10.67,0.86,97,1224,4078,0,0,0.0,4095,0,188.3,0.0,0,3,WILDFIRE,Severe,91.4,94.4
2026-09-01 00:11:15,IN-DELHI-01,40.5,20.8,41.4,998.0,238.3,1.11,-0.18,10.65,10.71,0.9,134,1539,4079,0,3,4.5,4095,0,181.0,0.0,0,3,WILDFIRE,Severe,86.9,93.2
2026-09-01 00:11:20,IN-DELHI-01,21.1,87.3,23.9,992.1,288.6,-4.21,-2.89,10.35,11.54,1.73,11,438,1251,100,213,340.8,1808,78,94.3,-6.45,1,2,LANDSLIDE_PRECURSOR,Extreme,95.7,93.6
2026-09-01 00:11:25,IN-DELHI-01,41.8,20.0,42.8,998.3,236.2,1.01,-0.14,10.72,10.77,0.96,138,1573,4095,0,4,6.0,4095,0,181.3,0.0,0,3,WILDFIRE,Severe,91.3,94.7
2026-09-01 00:11:30,IN-DELHI-01,26.1,78.7,30.5,998.1,238.1,1.01,-0.23,10.83,10.88,1.07,16,464,2008,74,491,957.4,3166,32,111.3,-0.19,0,5,WATER_CONTAMINATION,Severe,84.1,93.4
2026-09-01 00:11:35,IN-DELHI-01,26.2,55.4,28.1,1000.2,219.9,1.03,-0.15,10.82,10.87,1.06,10,435,4018,2,7,10.5,4080,0,187.1,-0.21,0,0,NORMAL,None,12.5,96.8
2026-09-01 00:11:40,IN-DELHI-01,29.8,52.4,32.7,999.6,224.9,1.03,-0.28,10.56,10.61,0.8,1,403,4063,1,14,21.0,4089,0,187.9,0.29,0,0,NORMAL,None,17.3,95.7
2026-09-01 00:11:45,IN-DELHI-01,30.0,49.7,32.6,1001.1,212.3,0.97,-0.16,10.68,10.72,0.91,4,414,4091,0,10,15.0,4050,1,188.9,-0.1,0,0,NORMAL,None,9.8,92.0
2026-09-01 00:11:50,IN-DELHI-01,38.9,17.5,38.9,997.2,245.5,1.03,-0.27,10.73,10.78,0.97,154,1709,4082,0,0,0.0,4095,0,190.3,0.0,0,3,WILDFIRE,Severe,81.0,92.8
2026-09-01 00:11:55,IN-DELHI-01,27.1,54.0,29.1,1002.4,201.7,1.08,-0.22,10.66,10.71,0.9,2,407,4070,0,0,0.0,4045,1,183.6,0.23,0,0,NORMAL,None,12.5,98.0
2026-09-01 00:12:00,IN-DELHI-01,26.8,69.0,30.4,999.5,225.6,1.11,-0.23,10.64,10.7,0.89,31,524,2072,72,559,1090.0,2952,39,118.1,-1.81,0,5,WATER_CONTAMINATION,Severe,86.8,94.2
2026-09-01 00:12:05,IN-DELHI-01,28.4,60.8,31.7,1002.0,204.5,0.99,-0.16,10.76,10.81,1.0,10,435,4086,0,5,7.5,4095,0,185.3,-0.15,0,0,NORMAL,None,14.0,97.0
2026-09-01 00:12:10,IN-DELHI-01,25.8,95.3,31.9,987.1,330.5,0.93,-0.27,10.96,11.0,1.19,7,424,1292,100,307,552.6,1241,98,15.0,-13.03,0,1,FLASH_FLOOD,Extreme,97.0,91.3
2026-09-01 00:12:15,IN-DELHI-01,26.8,44.1,27.6,1001.9,205.8,0.98,-0.09,10.87,10.91,1.1,5,417,4040,1,14,21.0,4072,0,190.1,-0.01,0,0,NORMAL,None,17.1,95.0
2026-09-01 00:12:20,IN-DELHI-01,23.9,59.0,25.3,1006.2,169.4,0.99,-0.18,10.79,10.84,1.03,155,2260,4023,2,15,22.5,4048,1,176.4,0.0,1,4,HAZARDOUS_AIR_POLLUTION,Severe,90.6,98.0
2026-09-01 00:12:25,IN-DELHI-01,23.1,86.2,26.8,993.3,277.8,-2.57,-1.26,10.24,10.63,0.82,11,438,1328,98,247,395.2,1398,93,108.0,-3.79,0,2,LANDSLIDE_PRECURSOR,Extreme,95.9,93.6
2026-09-01 00:12:30,IN-DELHI-01,41.2,24.9,43.3,994.2,270.5,1.01,-0.2,10.71,10.76,0.95,131,1513,4082,0,9,13.5,4095,0,191.9,0.0,0,3,WILDFIRE,Severe,89.3,92.3
2026-09-01 00:12:35,IN-DELHI-01,28.2,45.0,29.6,1003.2,194.6,1.03,-0.25,10.65,10.7,0.89,0,400,4024,2,16,24.0,4070,0,185.7,-0.12,0,0,NORMAL,None,9.0,95.0
2026-09-01 00:12:40,IN-DELHI-01,27.3,61.5,30.3,1004.1,186.9,1.2,-0.17,10.83,10.9,1.09,262,3544,3953,5,11,16.5,4089,0,173.5,0.0,1,4,HAZARDOUS_AIR_POLLUTION,Extreme,99.0,93.2
2026-09-01 00:12:45,IN-DELHI-01,23.1,88.4,27.0,992.3,286.2,1.25,0.26,10.93,11.01,1.2,21,473,1445,94,333,599.4,1298,96,40.7,-10.55,1,1,FLASH_FLOOD,Severe,91.9,96.1
2026-09-01 00:12:50,IN-DELHI-01,18.8,87.1,20.6,990.9,298.1,3.79,0.69,10.85,11.52,1.71,10,435,1331,98,217,347.2,1464,90,145.3,-1.31,0,2,LANDSLIDE_PRECURSOR,Extreme,96.1,89.8
2026-09-01 00:12:55,IN-DELHI-01,39.9,12.5,39.9,994.8,265.7,1.1,-0.15,10.72,10.78,0.97,104,1284,4077,0,1,1.5,4095,0,184.5,0.0,0,3,WILDFIRE,Severe,84.6,90.6
2026-09-01 00:13:00,IN-DELHI-01,19.9,89.3,22.4,992.6,283.9,-4.15,-2.42,9.69,10.81,1.0,10,435,1219,100,263,420.8,1459,91,116.3,-4.25,1,2,LANDSLIDE_PRECURSOR,Extreme,90.8,96.1
2026-09-01 00:13:05,IN-DELHI-01,27.8,55.6,30.3,999.3,227.5,1.01,-0.14,10.78,10.83,1.02,1,403,4008,3,17,25.5,4088,0,179.5,0.02,1,0,NORMAL,None,13.4,92.2
2026-09-01 00:13:10,IN-DELHI-01,21.9,89.4,25.3,991.7,291.8,1.45,-0.2,10.91,11.01,1.2,17,459,1414,95,355,639.0,1235,98,35.5,-11.24,0,1,FLASH_FLOOD,Severe,92.9,92.1
2026-09-01 00:13:15,IN-DELHI-01,27.2,42.7,27.9,999.8,223.5,1.08,-0.14,10.75,10.81,1.0,1,403,4032,2,0,0.0,4038,1,176.1,-0.14,0,0,NORMAL,None,3.8,96.7
2026-09-01 00:13:20,IN-DELHI-01,21.6,83.1,24.3,991.5,293.7,5.14,1.85,11.61,12.83,3.02,7,424,1307,99,162,259.2,1543,88,159.0,-3.08,1,2,LANDSLIDE_PRECURSOR,Extreme,89.3,87.9
2026-09-01 00:13:25,IN-DELHI-01,26.7,65.8,29.9,1007.4,159.4,0.97,-0.22,10.65,10.69,0.88,181,2572,3881,7,10,15.0,4071,0,178.7,0.0,1,4,HAZARDOUS_AIR_POLLUTION,Extreme,93.7,92.5
2026-09-01 00:13:30,IN-DELHI-01,26.7,56.5,28.9,1002.1,204.3,1.07,-0.15,10.75,10.81,1.0,6,421,4090,0,8,12.0,4039,1,182.3,-0.25,0,0,NORMAL,None,3.3,92.2
2026-09-01 00:13:35,IN-DELHI-01,26.7,68.2,30.3,1001.5,209.4,1.06,-0.14,10.77,10.83,1.02,11,444,1929,77,492,959.4,2744,46,68.4,-1.61,0,5,WATER_CONTAMINATION,Severe,84.2,90.4
2026-09-01 00:13:40,IN-DELHI-01,27.2,75.7,31.9,1001.7,207.0,0.85,-0.22,10.89,10.92,1.11,27,508,1901,78,527,1027.6,3582,17,69.9,-2.36,0,5,WATER_CONTAMINATION,Severe,85.6,94.9
2026-09-01 00:13:45,IN-DELHI-01,27.7,69.3,31.8,999.9,222.9,1.04,-0.26,10.83,10.88,1.07,12,448,1675,86,686,1337.7,3339,26,37.8,-1.15,0,5,WATER_CONTAMINATION,Severe,91.8,91.0
2026-09-01 00:13:50,IN-DELHI-01,25.3,48.9,26.1,1002.7,199.1,1.03,-0.13,10.97,11.02,1.21,4,414,3970,4,22,33.0,4095,0,185.5,-0.33,0,0,NORMAL,None,15.9,92.9
2026-09-01 00:13:55,IN-DELHI-01,27.5,59.1,30.3,1002.0,205.2,0.93,-0.21,10.63,10.67,0.86,3,410,4045,1,16,24.0,4042,1,184.9,0.05,0,0,NORMAL,None,6.5,98.6
2026-09-01 00:14:00,IN-DELHI-01,22.6,89.7,26.4,988.8,316.0,0.85,-0.34,10.85,10.88,1.07,12,442,1433,95,307,552.6,1202,99,15.0,-11.5,0,1,FLASH_FLOOD,Extreme,97.0,95.8
2026-09-01 00:14:05,IN-DELHI-01,20.3,87.2,22.7,996.1,254.6,6.4,2.89,11.31,13.31,3.5,3,410,1281,100,207,331.2,1412,92,100.2,0.58,1,2,LANDSLIDE_PRECURSOR,Extreme,91.4,96.4
2026-09-01 00:14:10,IN-DELHI-01,22.4,89.6,26.1,995.2,262.1,-4.99,-1.82,11.1,12.3,2.49,10,435,1268,100,232,371.2,1496,89,102.7,-1.34,0,2,LANDSLIDE_PRECURSOR,Extreme,95.6,90.5
2026-09-01 00:14:15,IN-DELHI-01,28.3,51.9,30.5,1000.9,213.7,1.01,-0.18,10.78,10.83,1.02,0,400,4095,0,6,9.0,4035,2,189.3,-0.01,0,0,NORMAL,None,3.1,94.7
2026-09-01 00:14:20,IN-DELHI-01,25.3,65.8,27.9,1000.0,221.9,1.09,-0.25,10.86,10.92,1.11,27,508,1717,85,601,1172.0,3081,35,47.2,-1.93,1,5,WATER_CONTAMINATION,Severe,88.4,88.5
2026-09-01 00:14:25,IN-DELHI-01,26.8,50.1,28.2,999.4,226.4,1.11,-0.16,10.71,10.77,0.96,0,400,4050,1,1,1.5,4031,2,194.0,-0.03,0,0,NORMAL,None,3.3,95.9
2026-09-01 00:14:30,IN-DELHI-01,42.6,17.6,43.1,995.5,259.2,1.07,-0.19,10.86,10.91,1.1,69,986,4088,0,10,15.0,4095,0,189.5,0.0,0,3,WILDFIRE,Extreme,94.1,95.6
2026-09-01 00:14:35,IN-DELHI-01,29.2,49.8,31.4,1001.0,213.1,0.94,-0.18,10.42,10.47,0.66,17,459,4032,2,12,18.0,4065,1,187.8,-0.15,0,0,NORMAL,None,12.9,97.3
2026-09-01 00:14:40,IN-DELHI-01,27.1,70.9,31.2,1002.3,202.7,1.05,-0.07,10.65,10.7,0.89,15,460,1988,75,576,1123.2,2618,51,53.8,-1.13,0,5,WATER_CONTAMINATION,Severe,87.5,90.4
2026-09-01 00:14:45,IN-DELHI-01,27.2,55.8,29.5,1000.2,220.1,1.05,-0.15,10.61,10.66,0.85,1,403,4005,3,1,1.5,4066,1,179.7,-0.08,0,0,NORMAL,None,2.9,92.6
2026-09-01 00:14:50,IN-DELHI-01,19.2,91.6,21.6,994.0,272.1,-2.59,-2.96,12.01,12.64,2.83,16,456,1271,100,197,315.2,1762,80,122.2,-3.34,1,2,LANDSLIDE_PRECURSOR,Extreme,86.8,94.2
2026-09-01 00:14:55,IN-DELHI-01,24.7,51.8,25.6,1000.4,218.3,1.11,-0.21,10.62,10.68,0.87,1,403,4068,0,18,27.0,4065,1,173.6,0.0,1,0,NORMAL,None,15.7,93.2
2026-09-01 00:15:00,IN-DELHI-01,27.5,54.1,29.6,999.3,227.8,0.99,-0.17,10.89,10.94,1.13,0,400,4067,1,6,9.0,4050,1,183.2,0.2,0,0,NORMAL,None,10.8,98.4
2026-09-01 00:15:05,IN-DELHI-01,28.4,66.0,32.4,999.9,222.2,1.05,-0.07,10.68,10.73,0.92,31,524,1818,81,595,1160.2,3146,32,64.8,-1.34,1,5,WATER_CONTAMINATION,Severe,88.2,89.0
2026-09-01 00:15:10,IN-DELHI-01,24.1,92.0,28.9,989.2,313.0,4.61,1.62,11.18,12.2,2.39,16,456,1259,100,272,435.2,1417,92,136.6,-7.44,1,2,LANDSLIDE_PRECURSOR,Extreme,97.6,94.0
2026-09-01 00:15:15,IN-DELHI-01,27.6,58.1,30.3,1003.3,194.2,1.15,-0.17,10.63,10.69,0.88,0,400,4009,3,4,6.0,4095,0,173.8,0.17,0,0,NORMAL,None,5.3,98.9
2026-09-01 00:15:20,IN-DELHI-01,21.4,88.1,24.4,995.5,259.9,-1.62,-1.37,12.86,13.04,3.23,4,414,1329,98,155,248.0,1659,84,107.2,-5.15,0,2,LANDSLIDE_PRECURSOR,Extreme,90.5,92.2
2026-09-01 00:15:25,IN-DELHI-01,23.2,56.6,24.2,1001.1,212.6,1.11,-0.22,10.95,11.01,1.2,4,414,4047,1,4,6.0,4068,0,184.7,0.08,0,0,NORMAL,None,4.5,93.2
2026-09-01 00:15:30,IN-DELHI-01,25.0,87.3,29.7,993.0,280.5,7.08,3.26,10.7,13.24,3.43,14,449,1317,99,270,432.0,1699,82,99.8,-0.32,0,2,LANDSLIDE_PRECURSOR,Extreme,86.3,88.6
2026-09-01 00:15:35,IN-DELHI-01,23.6,92.2,28.0,988.5,318.8,1.02,0.05,11.0,11.05,1.24,24,484,1396,96,269,484.2,1218,99,42.5,-7.51,1,1,FLASH_FLOOD,Severe,91.5,88.6
2026-09-01 00:15:40,IN-DELHI-01,26.9,70.6,30.8,1000.9,214.1,1.08,-0.22,10.66,10.72,0.91,12,448,1778,82,577,1125.1,3228,29,66.5,0.09,0,5,WATER_CONTAMINATION,Severe,87.5,86.3
2026-09-01 00:15:45,IN-DELHI-01,24.0,98.1,29.3,992.2,287.8,1.4,-0.1,10.54,10.63,0.82,17,459,1291,100,321,577.8,1187,100,52.5,-10.15,0,1,FLASH_FLOOD,Severe,89.5,89.4
2026-09-01 00:15:50,IN-DELHI-01,24.9,58.7,26.6,1005.1,178.9,1.03,-0.13,10.72,10.77,0.96,155,2260,3975,4,19,28.5,4072,0,189.9,0.0,0,4,HAZARDOUS_AIR_POLLUTION,Severe,90.6,95.4
2026-09-01 00:15:55,IN-DELHI-01,43.3,10.0,43.3,997.3,244.1,0.98,-0.26,10.72,10.77,0.96,150,1675,4080,0,3,4.5,4095,0,189.6,0.0,0,3,WILDFIRE,Extreme,96.7,89.4
2026-09-01 00:16:00,IN-DELHI-01,24.4,76.9,27.7,999.3,227.3,1.06,-0.21,10.72,10.77,0.96,22,488,2014,74,627,1222.6,3631,16,77.5,-2.76,0,5,WATER_CONTAMINATION,Severe,89.5,94.5
2026-09-01 00:16:05,IN-DELHI-01,43.7,13.6,43.7,994.9,264.7,1.17,-0.16,10.7,10.77,0.96,74,1029,4077,0,2,3.0,4095,0,179.6,0.0,1,3,WILDFIRE,Extreme,98.0,94.7
2026-09-01 00:16:10,IN-DELHI-01,38.9,16.5,38.9,999.0,229.9,1.27,-0.12,10.68,10.76,0.95,107,1309,4093,0,7,10.5,4095,0,189.6,0.0,0,3,WILDFIRE,Severe,81.1,92.8
2026-09-01 00:16:15,IN-DELHI-01,26.3,57.4,28.4,1001.4,210.1,0.98,-0.13,10.94,10.99,1.18,8,428,4068,0,11,16.5,4066,1,178.3,0.14,0,0,NORMAL,None,3.2,96.9
2026-09-01 00:16:20,IN-DELHI-01,28.0,59.8,31.0,1006.5,166.8,1.04,-0.15,10.88,10.93,1.12,241,3292,4009,3,0,0.0,4052,1,177.5,0.0,0,4,HAZARDOUS_AIR_POLLUTION,Extreme,99.0,95.9
2026-09-01 00:16:25,IN-DELHI-01,26.4,57.8,28.6,1005.1,179.1,1.03,-0.21,10.89,10.94,1.13,205,2860,4032,2,33,49.5,4044,1,167.5,0.0,0,4,HAZARDOUS_AIR_POLLUTION,Extreme,96.6,90.3
2026-09-01 00:16:30,IN-DELHI-01,46.0,15.7,46.8,1000.0,221.9,0.96,-0.24,10.83,10.88,1.07,141,1598,4083,0,6,9.0,4095,0,186.0,0.0,0,3,WILDFIRE,Extreme,98.0,97.6
2026-09-01 00:16:35,IN-DELHI-01,26.3,64.1,29.2,998.4,234.8,1.04,-0.17,10.78,10.84,1.03,30,520,1713,85,776,1513.2,3179,31,64.4,-2.27,1,5,WATER_CONTAMINATION,Severe,95.3,89.1
2026-09-01 00:16:40,IN-DELHI-01,23.5,91.3,27.8,990.0,306.4,1.22,-0.42,10.53,10.61,0.8,10,435,1360,97,374,673.2,1255,98,40.5,-9.8,1,1,FLASH_FLOOD,Severe,91.9,91.2
2026-09-01 00:16:45,IN-DELHI-01,23.1,93.6,27.5,988.8,315.8,1.46,-0.34,10.53,10.63,0.82,26,491,1423,95,271,487.8,1150,100,56.0,-15.42,1,1,FLASH_FLOOD,Severe,88.8,91.1
2026-09-01 00:16:50,IN-DELHI-01,26.3,47.2,27.3,1001.8,206.3,1.14,-0.21,10.7,10.76,0.95,0,400,4025,2,4,6.0,4085,0,179.7,0.0,1,0,NORMAL,None,3.4,97.8
2026-09-01 00:16:55,IN-DELHI-01,24.7,59.6,26.4,1007.1,162.0,1.06,-0.19,10.79,10.84,1.03,179,2548,3947,5,7,10.5,4073,0,178.8,0.0,0,4,HAZARDOUS_AIR_POLLUTION,Severe,93.5,91.6
2026-09-01 00:17:00,IN-DELHI-01,22.6,90.8,26.4,990.0,306.1,1.09,-0.04,10.82,10.88,1.07,17,459,1442,94,351,631.8,1234,98,38.4,-14.93,0,1,FLASH_FLOOD,Severe,92.3,93.6
2026-09-01 00:17:05,IN-DELHI-01,43.8,20.8,45.6,997.7,241.4,0.84,-0.21,10.67,10.7,0.89,65,952,4079,0,3,4.5,4095,0,186.8,0.0,0,3,WILDFIRE,Extreme,98.0,87.4
2026-09-01 00:17:10,IN-DELHI-01,43.6,22.4,45.8,995.1,262.9,1.0,-0.27,10.86,10.91,1.1,154,1709,4095,0,15,22.5,4095,0,195.2,0.0,1,3,WILDFIRE,Extreme,97.6,91.7
2026-09-01 00:17:15,IN-DELHI-01,25.2,43.1,25.4,1008.4,150.5,0.96,-0.25,10.74,10.78,0.97,247,3364,3994,3,13,19.5,4044,1,183.3,0.0,1,4,HAZARDOUS_AIR_POLLUTION,Extreme,99.0,92.3
2026-09-01 00:17:20,IN-DELHI-01,22.2,87.7,25.6,991.1,296.7,3.06,1.72,11.9,12.41,2.6,3,410,1222,100,235,376.0,1638,84,137.1,-7.45,0,2,LANDSLIDE_PRECURSOR,Extreme,97.3,95.2
2026-09-01 00:17:25,IN-DELHI-01,26.0,55.5,27.7,1000.7,215.4,1.04,-0.19,10.82,10.87,1.06,3,410,4046,1,8,12.0,4083,0,178.0,0.02,0,0,NORMAL,None,16.4,92.1
2026-09-01 00:17:30,IN-DELHI-01,25.0,90.8,30.1,992.5,285.2,1.23,-0.37,10.93,11.0,1.19,13,445,1319,99,398,716.4,1259,97,29.3,-13.13,1,1,FLASH_FLOOD,Extreme,94.1,92.2
2026-09-01 00:17:35,IN-DELHI-01,19.6,87.7,21.8,988.3,320.4,6.01,2.47,10.26,12.15,2.34,16,456,1337,98,278,444.8,1624,85,126.3,-2.67,0,2,LANDSLIDE_PRECURSOR,Extreme,88.5,90.8
2026-09-01 00:17:40,IN-DELHI-01,25.1,92.3,30.5,986.1,339.0,1.17,-0.35,10.74,10.81,1.0,12,442,1406,96,329,592.2,1211,99,38.7,-9.3,1,1,FLASH_FLOOD,Severe,92.3,89.6
2026-09-01 00:17:45,IN-DELHI-01,25.8,52.0,27.1,999.2,228.7,1.03,-0.12,10.83,10.88,1.07,13,445,4088,0,15,22.5,4047,1,179.6,-0.11,0,0,NORMAL,None,2.3,97.5
2026-09-01 00:17:50,IN-DELHI-01,24.2,62.8,26.0,1001.7,207.0,1.08,-0.17,10.69,10.75,0.94,6,424,1628,88,579,1129.0,2664,49,63.9,0.18,0,5,WATER_CONTAMINATION,Severe,87.6,89.6
2026-09-01 00:17:55,IN-DELHI-01,24.9,53.4,26.0,1001.5,208.7,0.98,-0.12,10.84,10.88,1.07,4,414,4068,0,5,7.5,4053,1,174.3,-0.02,1,0,NORMAL,None,17.8,96.5
2026-09-01 00:18:00,IN-DELHI-01,23.5,92.7,28.1,991.9,289.7,1.19,-0.27,10.98,11.05,1.24,20,470,1437,95,266,478.8,1282,97,21.9,-15.32,0,1,FLASH_FLOOD,Extreme,95.6,94.2
2026-09-01 00:18:05,IN-DELHI-01,21.5,92.8,24.9,990.6,300.9,1.07,-0.18,10.74,10.79,0.98,7,424,1385,96,394,709.2,1266,97,66.9,-10.84,0,1,FLASH_FLOOD,Severe,86.6,92.8
2026-09-01 00:18:10,IN-DELHI-01,23.7,57.0,24.8,998.9,230.7,1.07,-0.16,10.81,10.87,1.06,6,421,4069,0,10,15.0,4057,1,179.3,-0.12,0,0,NORMAL,None,7.7,97.2
2026-09-01 00:18:15,IN-DELHI-01,20.8,96.0,24.2,985.7,342.2,1.23,-0.27,10.82,10.89,1.08,20,470,1378,97,259,466.2,1199,100,33.3,-12.1,1,1,FLASH_FLOOD,Severe,93.3,94.5
2026-09-01 00:18:20,IN-DELHI-01,41.3,19.0,41.8,997.6,242.0,1.02,-0.16,10.84,10.89,1.08,65,952,4077,0,1,1.5,4095,0,188.9,0.0,0,3,WILDFIRE,Severe,89.5,95.6
2026-09-01 00:18:25,IN-DELHI-01,19.4,96.9,22.2,991.7,291.6,4.73,1.57,10.08,11.25,1.44,12,442,1228,100,221,353.6,1540,88,106.6,-5.87,0,2,LANDSLIDE_PRECURSOR,Extreme,98.5,90.0
2026-09-01 00:18:30,IN-DELHI-01,24.6,50.5,25.5,1003.4,193.0,1.0,-0.18,10.6,10.65,0.84,0,400,4095,0,10,15.0,4076,0,196.2,-0.03,0,0,NORMAL,None,6.9,92.5
2026-09-01 00:18:35,IN-DELHI-01,28.3,50.9,30.4,1001.9,205.3,1.04,-0.26,10.62,10.67,0.86,21,473,4095,0,2,3.0,4095,0,179.1,0.07,0,0,NORMAL,None,16.7,94.8
2026-09-01 00:18:40,IN-DELHI-01,28.3,64.9,32.2,1001.1,212.8,1.07,-0.21,10.75,10.8,0.99,4,414,4058,1,4,6.0,4048,1,172.7,-0.14,1,0,NORMAL,None,3.7,97.9
2026-09-01 00:18:45,IN-DELHI-01,25.8,50.3,27.0,999.8,223.0,0.98,-0.13,10.68,10.73,0.92,4,414,4053,1,6,9.0,4057,1,176.6,-0.19,0,0,NORMAL,None,11.7,93.0
2026-09-01 00:18:50,IN-DELHI-01,25.0,51.5,26.0,1000.6,216.9,1.19,-0.26,10.75,10.82,1.01,6,421,4095,0,0,0.0,4057,1,187.6,0.1,0,0,NORMAL,None,13.0,95.4
2026-09-01 00:18:55,IN-DELHI-01,29.4,58.7,33.0,1001.0,213.0,1.18,-0.24,10.72,10.78,0.97,0,400,4032,2,0,0.0,4067,0,186.3,0.07,0,0,NORMAL,None,17.8,94.1
2026-09-01 00:19:00,IN-DELHI-01,25.1,90.0,30.2,995.0,263.6,5.38,2.1,12.41,13.69,3.88,17,459,1322,99,294,470.4,1677,83,123.0,-5.05,0,2,LANDSLIDE_PRECURSOR,Extreme,91.1,92.5
2026-09-01 00:19:05,IN-DELHI-01,27.8,73.1,32.4,1001.7,207.0,1.11,-0.14,10.73,10.79,0.98,9,436,2130,70,669,1304.5,2718,47,72.6,-1.87,0,5,WATER_CONTAMINATION,Severe,91.1,85.6
2026-09-01 00:19:10,IN-DELHI-01,30.6,58.0,34.7,999.5,226.3,1.06,-0.26,10.81,10.87,1.06,6,421,3996,3,2,3.0,4093,0,174.3,0.13,0,0,NORMAL,None,16.2,95.1
2026-09-01 00:19:15,IN-DELHI-01,26.2,51.7,27.6,1002.0,204.5,1.02,-0.27,10.77,10.82,1.01,3,410,4004,3,18,27.0,4065,1,177.5,0.16,0,0,NORMAL,None,3.5,96.6
2026-09-01 00:19:20,IN-DELHI-01,24.9,52.8,26.0,1000.6,216.9,1.01,-0.12,10.53,10.57,0.76,3,410,4095,0,11,16.5,4047,1,181.7,-0.09,0,0,NORMAL,None,7.1,94.3
2026-09-01 00:19:25,IN-DELHI-01,23.0,95.0,27.5,988.6,318.2,1.01,-0.31,10.82,10.87,1.06,19,466,1370,97,268,482.4,1300,96,29.6,-9.48,0,1,FLASH_FLOOD,Extreme,94.1,89.0
2026-09-01 00:19:30,IN-DELHI-01,23.4,92.3,27.8,992.6,283.9,-3.25,-3.01,11.84,12.64,2.83,8,428,1251,100,183,292.8,1458,91,164.6,-2.43,0,2,LANDSLIDE_PRECURSOR,Extreme,95.7,92.3
2026-09-01 00:19:35,IN-DELHI-01,21.8,63.6,23.0,998.6,233.4,1.14,-0.12,10.76,10.83,1.02,26,504,2123,70,370,721.5,3089,34,91.1,-1.57,1,5,WATER_CONTAMINATION,Moderate,79.4,86.4
2026-09-01 00:19:40,IN-DELHI-01,24.5,67.8,27.0,999.2,228.8,1.05,-0.15,10.88,10.93,1.12,29,516,1972,75,820,1599.0,3315,26,85.2,-1.49,0,5,WATER_CONTAMINATION,Severe,96.0,91.7
2026-09-01 00:19:45,IN-DELHI-01,26.9,52.7,28.8,999.7,224.2,0.94,-0.31,10.84,10.89,1.08,3,410,4080,0,23,34.5,4084,0,186.3,-0.15,0,0,NORMAL,None,16.7,93.2
2026-09-01 00:19:50,IN-DELHI-01,43.4,22.9,45.6,999.1,229.3,1.12,-0.23,10.7,10.76,0.95,142,1607,4079,0,0,0.0,4095,0,184.1,0.0,0,3,WILDFIRE,Extreme,96.8,91.4
2026-09-01 00:19:55,IN-DELHI-01,24.3,92.4,29.2,989.7,308.3,1.21,-0.27,10.52,10.59,0.78,11,438,1438,95,370,666.0,1159,100,68.4,-14.45,1,1,FLASH_FLOOD,Severe,86.3,93.9
2026-09-01 00:20:00,IN-DELHI-01,22.0,86.8,25.1,990.6,300.6,1.26,-0.11,10.78,10.86,1.05,7,424,1327,99,299,538.2,1127,100,23.0,-14.27,0,1,FLASH_FLOOD,Extreme,95.4,94.7
2026-09-01 00:20:05,IN-DELHI-01,25.9,50.5,27.1,1005.2,177.7,1.18,-0.16,10.64,10.7,0.89,182,2584,3983,4,12,18.0,4048,1,180.0,0.0,1,4,HAZARDOUS_AIR_POLLUTION,Extreme,93.8,92.1
2026-09-01 00:20:10,IN-DELHI-01,26.4,50.6,27.8,1000.1,221.1,1.05,-0.2,10.77,10.82,1.01,8,428,4035,2,9,13.5,4030,2,181.6,-0.19,0,0,NORMAL,None,14.5,97.6
2026-09-01 00:20:15,IN-DELHI-01,22.9,92.1,27.0,986.1,339.0,1.2,-0.15,10.53,10.6,0.79,15,452,1345,98,318,572.4,1199,100,69.3,-17.6,0,1,FLASH_FLOOD,Severe,86.1,90.1
2026-09-01 00:20:20,IN-DELHI-01,25.0,53.7,26.2,1006.1,170.5,0.96,-0.25,10.65,10.69,0.88,192,2704,3971,4,20,30.0,4087,0,181.2,0.0,0,4,HAZARDOUS_AIR_POLLUTION,Extreme,95.0,93.2
2026-09-01 00:20:25,IN-DELHI-01,23.0,87.5,26.8,993.7,274.9,-3.51,-1.91,10.59,11.32,1.51,9,431,1302,99,249,398.4,1908,75,146.0,-6.2,0,2,LANDSLIDE_PRECURSOR,Extreme,93.0,89.8
2026-09-01 00:20:30,IN-DELHI-01,23.2,66.5,25.1,1002.2,203.5,1.06,-0.16,10.66,10.71,0.9,19,476,1823,81,608,1185.6,3243,29,82.3,-1.87,1,5,WATER_CONTAMINATION,Severe,88.7,92.5
2026-09-01 00:20:35,IN-DELHI-01,43.3,14.2,43.3,997.4,243.9,1.05,-0.28,10.81,10.87,1.06,138,1573,4085,0,10,15.0,4095,0,190.6,0.0,1,3,WILDFIRE,Extreme,96.6,96.7
2026-09-01 00:20:40,IN-DELHI-01,22.6,99.0,27.1,985.0,348.4,0.97,-0.09,10.72,10.76,0.95,24,484,1375,97,276,496.8,1276,97,26.5,-5.3,1,1,FLASH_FLOOD,Extreme,94.7,92.9
2026-09-01 00:20:45,IN-DELHI-01,28.5,57.6,31.6,1003.6,191.3,1.04,-0.18,10.91,10.96,1.15,5,417,4070,0,14,21.0,4054,1,188.9,0.11,0,0,NORMAL,None,17.6,97.4
2026-09-01 00:20:50,IN-DELHI-01,26.4,59.9,28.8,1005.8,172.4,1.04,-0.18,10.72,10.77,0.96,182,2584,3992,3,14,21.0,4067,0,184.8,0.0,0,4,HAZARDOUS_AIR_POLLUTION,Extreme,93.8,93.8
2026-09-01 00:20:55,IN-DELHI-01,18.4,87.4,20.2,992.2,287.7,-3.93,-3.01,10.8,11.89,2.08,6,421,1274,100,205,328.0,1659,84,125.4,-3.61,1,2,LANDSLIDE_PRECURSOR,Extreme,95.7,90.6
2026-09-01 00:21:00,IN-DELHI-01,22.0,93.3,25.8,987.4,327.6,1.15,-0.12,10.79,10.86,1.05,5,417,1379,97,286,514.8,1207,99,33.7,-5.62,0,1,FLASH_FLOOD,Severe,93.3,94.2
2026-09-01 00:21:05,IN-DELHI-01,24.5,46.6,24.8,1000.5,217.5,1.06,-0.18,10.63,10.68,0.87,11,438,4025,2,6,9.0,4095,0,187.3,-0.08,0,0,NORMAL,None,12.3,95.6
2026-09-01 00:21:10,IN-DELHI-01,28.5,57.7,31.5,1001.0,213.4,1.09,-0.22,10.61,10.67,0.86,0,400,4050,1,0,0.0,4042,1,179.0,0.2,0,0,NORMAL,None,5.2,96.1
2026-09-01 00:21:15,IN-DELHI-01,23.8,90.2,28.2,990.9,298.3,1.11,-0.09,10.91,10.96,1.15,15,452,1296,100,323,581.4,1187,100,21.7,-9.89,0,1,FLASH_FLOOD,Extreme,95.7,97.1
2026-09-01 00:21:20,IN-DELHI-01,29.4,55.4,32.5,1001.0,213.0,1.07,-0.08,10.54,10.59,0.78,0,400,4076,0,8,12.0,4029,2,175.6,0.03,0,0,NORMAL,None,10.8,93.2
2026-09-01 00:21:25,IN-DELHI-01,43.1,19.2,44.2,998.8,232.2,0.9,-0.14,10.89,10.93,1.12,86,1131,4075,0,11,16.5,4095,0,183.1,0.0,0,3,WILDFIRE,Extreme,95.7,95.9
2026-09-01 00:21:30,IN-DELHI-01,39.1,20.2,39.4,998.9,231.0,0.99,-0.43,10.66,10.72,0.91,68,978,4087,0,3,4.5,4095,0,190.1,0.0,0,3,WILDFIRE,Severe,81.7,95.1
2026-09-01 00:21:35,IN-DELHI-01,23.9,95.6,29.0,990.0,306.0,1.17,-0.1,10.81,10.87,1.06,27,494,1311,99,286,514.8,1134,100,51.7,-10.91,0,1,FLASH_FLOOD,Severe,89.7,93.4
2026-09-01 00:21:40,IN-DELHI-01,27.3,46.8,28.6,1000.5,217.8,1.09,-0.2,10.75,10.81,1.0,1,403,4072,0,11,16.5,4085,0,178.4,-0.16,1,0,NORMAL,None,17.7,94.3
2026-09-01 00:21:45,IN-DELHI-01,25.4,74.9,29.0,1000.5,217.5,1.03,-0.1,10.65,10.7,0.89,15,460,1774,83,695,1355.2,2562,52,49.9,-0.96,0,5,WATER_CONTAMINATION,Severe,92.1,87.2
2026-09-01 00:21:50,IN-DELHI-01,22.6,83.8,25.9,995.5,259.4,6.39,2.41,11.62,13.48,3.67,9,431,1286,100,267,427.2,1584,86,142.3,-2.51,0,2,LANDSLIDE_PRECURSOR,Extreme,94.3,90.4
2026-09-01 00:21:55,IN-DELHI-01,24.4,92.4,29.3,985.2,346.6,1.0,-0.19,10.98,11.03,1.22,22,477,1367,97,322,579.6,1210,99,40.2,-13.18,0,1,FLASH_FLOOD,Severe,92.0,88.5
2026-09-01 00:22:00,IN-DELHI-01,27.1,56.8,29.5,1000.3,219.0,0.88,-0.09,10.59,10.63,0.82,5,417,3995,3,16,24.0,4026,2,184.0,0.2,0,0,NORMAL,None,9.7,93.5
2026-09-01 00:22:05,IN-DELHI-01,19.4,84.3,21.3,992.6,284.1,3.74,0.83,8.46,9.29,0.52,10,435,1270,100,204,326.4,1651,84,156.6,-3.75,0,2,LANDSLIDE_PRECURSOR,Extreme,94.6,94.7
2026-09-01 00:22:10,IN-DELHI-01,43.6,19.9,45.0,996.6,250.2,1.04,-0.16,10.65,10.7,0.89,145,1632,4091,0,8,12.0,4095,0,192.0,0.0,0,3,WILDFIRE,Extreme,97.4,96.9
2026-09-01 00:22:15,IN-DELHI-01,24.2,63.2,26.1,997.8,240.4,1.12,-0.2,10.66,10.72,0.91,27,508,1822,81,631,1230.5,2877,42,83.2,-3.15,0,5,WATER_CONTAMINATION,Severe,89.6,90.8
2026-09-01 00:22:20,IN-DELHI-01,23.4,91.0,27.6,992.5,285.1,7.02,1.67,10.52,12.76,2.95,18,463,1282,100,268,428.8,1607,85,108.8,-4.24,0,2,LANDSLIDE_PRECURSOR,Extreme,96.3,90.3
2026-09-01 00:22:25,IN-DELHI-01,29.0,57.4,32.2,1000.9,213.7,1.21,-0.23,10.8,10.87,1.06,1,403,4025,2,0,0.0,4040,1,188.4,-0.14,0,0,NORMAL,None,6.1,94.1
2026-09-01 00:22:30,IN-DELHI-01,23.1,93.5,27.5,985.5,343.8,1.28,0.01,10.9,10.97,1.16,16,456,1380,97,200,360.0,1322,95,57.6,-11.09,0,1,FLASH_FLOOD,Severe,88.5,94.5
2026-09-01 00:22:35,IN-DELHI-01,24.3,58.2,25.8,1003.6,191.1,1.08,-0.18,10.92,10.97,1.16,2,407,4095,0,13,19.5,4075,0,183.7,0.02,0,0,NORMAL,None,17.8,96.3
2026-09-01 00:22:40,IN-DELHI-01,40.2,25.5,42.1,999.9,222.5,1.1,-0.14,10.84,10.9,1.09,178,1913,4086,0,9,13.5,4095,0,186.0,0.0,0,3,WILDFIRE,Severe,85.7,95.6
2026-09-01 00:22:45,IN-DELHI-01,20.7,87.7,23.4,992.3,286.7,-3.58,-2.32,10.68,11.5,1.69,11,438,1324,99,200,320.0,1475,90,131.2,-3.67,0,2,LANDSLIDE_PRECURSOR,Extreme,97.9,91.8
2026-09-01 00:22:50,IN-DELHI-01,26.9,58.3,29.4,998.3,235.8,1.2,-0.19,10.87,10.94,1.13,25,500,2289,64,543,1058.8,3076,35,62.9,-1.29,1,5,WATER_CONTAMINATION,Severe,86.2,87.9
2026-09-01 00:22:55,IN-DELHI-01,29.0,41.3,30.1,1002.6,200.1,0.95,-0.26,10.67,10.71,0.9,13,445,3994,3,6,9.0,4072,0,164.2,-0.16,0,0,NORMAL,None,2.4,92.8
2026-09-01 00:23:00,IN-DELHI-01,28.0,46.1,29.4,1002.4,201.3,1.07,-0.09,10.79,10.84,1.03,1,403,4015,2,0,0.0,4063,1,181.5,0.12,0,0,NORMAL,None,14.0,94.4
2026-09-01 00:23:05,IN-DELHI-01,43.8,16.6,44.3,994.7,266.5,1.18,-0.2,10.97,11.03,1.22,93,1190,4068,0,2,3.0,4095,0,188.0,0.0,0,3,WILDFIRE,Extreme,98.0,96.6
2026-09-01 00:23:10,IN-DELHI-01,27.9,60.5,31.1,1001.6,208.4,0.99,-0.17,10.69,10.74,0.93,0,400,4089,0,8,12.0,4095,0,182.6,0.28,0,0,NORMAL,None,7.0,98.3
2026-09-01 00:23:15,IN-DELHI-01,40.4,20.4,41.1,995.5,259.9,1.23,-0.2,10.74,10.81,1.0,140,1590,4082,0,4,6.0,4095,0,189.4,0.0,0,3,WILDFIRE,Severe,86.4,92.5
2026-09-01 00:23:20,IN-DELHI-01,21.7,96.3,25.6,984.7,350.9,1.03,-0.18,10.64,10.7,0.89,13,445,1439,95,323,581.4,1224,99,50.7,-16.99,1,1,FLASH_FLOOD,Severe,89.9,90.5
2026-09-01 00:23:25,IN-DELHI-01,30.2,45.9,32.4,1001.3,210.8,0.99,-0.13,10.8,10.84,1.03,1,403,4095,0,12,18.0,4057,1,183.6,0.07,0,0,NORMAL,None,5.7,92.7
2026-09-01 00:23:30,IN-DELHI-01,28.3,46.6,29.8,1001.5,209.1,1.01,-0.15,10.56,10.61,0.8,2,407,4086,0,10,15.0,4095,0,193.1,-0.13,0,0,NORMAL,None,9.8,93.8
2026-09-01 00:23:35,IN-DELHI-01,39.5,19.3,39.7,997.2,244.9,1.08,-0.14,10.75,10.8,0.99,177,1904,4095,0,8,12.0,4095,0,187.8,0.0,0,3,WILDFIRE,Severe,83.3,95.9
2026-09-01 00:23:40,IN-DELHI-01,24.1,94.5,29.1,988.2,321.5,1.34,-0.47,10.87,10.97,1.16,20,470,1327,99,295,531.0,1263,97,28.4,-14.38,0,1,FLASH_FLOOD,Extreme,94.3,96.5
2026-09-01 00:23:45,IN-DELHI-01,21.8,90.5,25.2,986.2,338.3,1.37,-0.28,10.54,10.63,0.82,5,417,1277,100,352,633.6,1114,100,67.1,-9.68,1,1,FLASH_FLOOD,Severe,86.6,94.2
2026-09-01 00:23:50,IN-DELHI-01,25.8,67.2,28.8,1003.6,191.6,1.04,-0.13,10.81,10.86,1.05,14,456,1500,92,471,918.4,3008,37,75.9,-0.22,0,5,WATER_CONTAMINATION,Severe,83.4,94.4
2026-09-01 00:23:55,IN-DELHI-01,25.4,68.0,28.3,999.8,223.7,1.02,-0.17,10.84,10.89,1.08,16,464,2191,68,682,1329.9,2049,70,61.0,-0.62,1,5,WATER_CONTAMINATION,Severe,91.6,94.3
2026-09-01 00:24:00,IN-DELHI-01,24.0,92.2,28.7,989.8,308.1,1.06,-0.01,11.03,11.08,1.27,21,473,1437,95,333,599.4,1292,96,32.7,-21.9,0,1,FLASH_FLOOD,Severe,93.5,90.6
2026-09-01 00:24:05,IN-DELHI-01,22.7,93.6,26.9,996.0,255.2,-4.64,-2.19,11.59,12.68,2.87,9,431,1244,100,181,289.6,1734,81,116.3,-3.88,0,2,LANDSLIDE_PRECURSOR,Extreme,90.8,87.6
2026-09-01 00:24:10,IN-DELHI-01,28.3,60.3,31.5,1001.0,213.3,1.09,-0.22,10.73,10.79,0.98,10,435,4050,1,16,24.0,4062,1,189.4,0.01,0,0,NORMAL,None,5.7,92.1
2026-09-01 00:24:15,IN-DELHI-01,23.9,98.7,29.2,986.3,337.6,1.14,-0.24,10.55,10.61,0.8,15,452,1312,99,381,685.8,1300,96,15.0,-13.15,0,1,FLASH_FLOOD,Extreme,97.0,94.6
2026-09-01 00:24:20,IN-DELHI-01,26.9,59.2,29.4,1001.4,209.5,0.97,-0.16,10.69,10.73,0.92,1,403,4018,2,3,4.5,4066,1,191.7,0.01,1,0,NORMAL,None,10.6,93.3
2026-09-01 00:24:25,IN-DELHI-01,27.8,51.5,29.8,1001.6,208.1,1.04,-0.18,10.77,10.82,1.01,0,400,4053,1,0,0.0,4086,0,175.3,0.0,0,0,NORMAL,None,2.5,92.6
2026-09-01 00:24:30,IN-DELHI-01,25.6,67.5,28.5,1001.1,212.3,1.02,-0.21,10.76,10.81,1.0,27,508,1621,88,646,1259.7,3042,36,71.5,-2.1,0,5,WATER_CONTAMINATION,Severe,90.2,89.4
2026-09-01 00:24:35,IN-DELHI-01,26.2,67.9,29.4,1000.9,213.9,1.02,-0.2,10.7,10.75,0.94,6,424,2194,68,679,1324.0,3119,33,65.9,-2.81,0,5,WATER_CONTAMINATION,Severe,91.5,86.2
2026-09-01 00:24:40,IN-DELHI-01,21.2,86.2,24.0,995.3,261.0,-5.76,-3.08,11.92,13.59,3.78,19,466,1287,100,185,296.0,1528,88,132.5,1.26,0,2,LANDSLIDE_PRECURSOR,Extreme,94.7,93.2
2026-09-01 00:24:45,IN-DELHI-01,27.0,53.4,28.9,1001.3,210.8,1.08,-0.28,10.56,10.62,0.81,23,480,4041,1,8,12.0,4050,1,173.4,0.02,0,0,NORMAL,None,17.7,97.5
2026-09-01 00:24:50,IN-DELHI-01,24.1,61.9,25.9,1004.1,187.1,1.05,-0.19,10.65,10.7,0.89,27,508,1899,78,651,1269.5,3079,35,47.8,-2.4,0,5,WATER_CONTAMINATION,Severe,90.4,90.4
2026-09-01 00:24:55,IN-DELHI-01,22.6,92.7,26.7,986.0,339.7,1.25,-0.47,10.74,10.82,1.01,13,445,1378,97,354,637.2,1243,98,62.2,-7.51,0,1,FLASH_FLOOD,Severe,87.6,89.8
2026-09-01 00:25:00,IN-DELHI-01,27.5,48.9,29.1,1000.2,219.8,1.0,-0.22,11.04,11.09,1.28,6,421,4085,0,13,19.5,4095,0,182.4,-0.09,0,0,NORMAL,None,8.6,94.3
2026-09-01 00:25:05,IN-DELHI-01,26.8,51.8,28.5,1001.3,210.5,1.01,-0.15,10.69,10.74,0.93,2,407,4087,0,14,21.0,4085,0,173.2,-0.23,0,0,NORMAL,None,7.9,96.2
2026-09-01 00:25:10,IN-DELHI-01,27.0,62.1,30.0,1001.2,211.4,0.95,-0.29,10.82,10.86,1.05,4,414,4015,2,3,4.5,4095,0,192.0,-0.18,0,0,NORMAL,None,2.9,96.3
2026-09-01 00:25:15,IN-DELHI-01,42.3,18.3,43.0,995.6,259.1,1.23,-0.15,10.74,10.81,1.0,114,1369,4075,0,6,9.0,4095,0,192.5,0.0,0,3,WILDFIRE,Extreme,93.1,93.9
2026-09-01 00:25:20,IN-DELHI-01,25.4,49.9,26.3,1000.9,213.7,0.91,-0.26,10.67,10.71,0.9,4,414,4035,2,11,16.5,4076,0,173.5,-0.22,0,0,NORMAL,None,11.6,98.5
2026-09-01 00:25:25,IN-DELHI-01,22.9,85.0,26.4,985.4,345.0,1.18,-0.32,10.57,10.65,0.84,7,424,1330,98,353,635.4,1180,100,40.1,-18.0,0,1,FLASH_FLOOD,Severe,92.0,92.3
2026-09-01 00:25:30,IN-DELHI-01,22.4,93.8,26.4,988.0,322.9,1.09,-0.18,11.05,11.11,1.3,21,473,1522,92,325,585.0,1264,97,60.3,-11.37,0,1,FLASH_FLOOD,Severe,87.9,96.7
2026-09-01 00:25:35,IN-DELHI-01,17.7,80.5,18.8,990.3,303.8,-2.18,-1.51,10.53,10.86,1.05,20,470,1280,100,250,400.0,1543,88,157.2,-5.27,1,2,LANDSLIDE_PRECURSOR,Extreme,89.5,91.1
2026-09-01 00:25:40,IN-DELHI-01,21.5,90.5,24.7,989.0,314.4,-3.89,-1.55,10.36,11.17,1.36,11,438,1352,98,243,388.8,1451,91,163.1,-7.48,0,2,LANDSLIDE_PRECURSOR,Extreme,88.2,92.9
2026-09-01 00:25:45,IN-DELHI-01,43.7,21.8,45.8,995.9,256.3,1.03,-0.2,10.67,10.72,0.91,115,1377,4078,0,3,4.5,4095,0,187.3,0.0,0,3,WILDFIRE,Extreme,98.0,98.0
2026-09-01 00:25:50,IN-DELHI-01,21.0,88.1,23.9,989.1,313.4,-2.4,-1.24,11.06,11.38,1.57,13,445,1267,100,214,342.4,1552,87,135.5,-7.45,1,2,LANDSLIDE_PRECURSOR,Extreme,86.9,91.9
2026-09-01 00:25:55,IN-DELHI-01,22.0,84.4,24.9,993.8,274.4,-2.37,-1.22,10.18,10.52,0.71,7,424,1315,99,246,393.6,1539,88,140.7,-5.63,0,2,LANDSLIDE_PRECURSOR,Extreme,87.4,89.7
2026-09-01 00:26:00,IN-DELHI-01,24.2,85.3,28.3,990.3,303.1,-2.98,-1.06,11.07,11.52,1.71,10,435,1383,97,252,403.2,1852,77,110.3,-3.86,0,2,LANDSLIDE_PRECURSOR,Extreme,86.6,90.7
2026-09-01 00:26:05,IN-DELHI-01,27.2,48.4,28.6,1002.7,198.8,1.07,-0.11,10.75,10.8,0.99,3,410,4005,3,19,28.5,4068,0,178.7,-0.13,0,0,NORMAL,None,10.4,93.8
2026-09-01 00:26:10,IN-DELHI-01,26.8,59.8,29.4,1000.7,215.7,1.03,-0.18,10.74,10.79,0.98,1,403,4040,1,21,31.5,4048,1,170.2,0.3,0,0,NORMAL,None,5.7,94.7
2026-09-01 00:26:15,IN-DELHI-01,25.4,71.5,28.7,1001.9,205.5,1.11,-0.23,10.79,10.85,1.04,27,508,1503,92,685,1335.8,3461,21,71.8,-2.21,0,5,WATER_CONTAMINATION,Severe,91.7,86.6
2026-09-01 00:26:20,IN-DELHI-01,22.8,91.9,26.8,985.9,340.9,0.95,0.24,10.94,10.99,1.18,13,445,1392,96,334,601.2,996,100,95.0,-4.11,0,1,FLASH_FLOOD,Severe,81.0,90.1
2026-09-01 00:26:25,IN-DELHI-01,22.8,96.5,27.3,985.8,341.4,1.22,-0.13,11.04,11.11,1.3,12,442,1319,99,294,529.2,1252,98,55.3,-4.96,1,1,FLASH_FLOOD,Severe,88.9,93.2
2026-09-01 00:26:30,IN-DELHI-01,26.8,48.6,28.0,999.7,224.2,1.03,-0.22,10.87,10.92,1.11,9,431,4090,0,15,22.5,4058,1,192.1,-0.14,0,0,NORMAL,None,11.0,93.1
2026-09-01 00:26:35,IN-DELHI-01,23.4,48.1,23.6,1001.8,206.8,1.1,-0.11,10.62,10.67,0.86,5,417,4076,0,5,7.5,4051,1,186.0,0.29,0,0,NORMAL,None,6.4,97.5
2026-09-01 00:26:40,IN-DELHI-01,26.0,52.7,27.4,1001.2,211.6,1.16,-0.19,10.62,10.68,0.87,3,410,4020,2,10,15.0,4074,0,192.7,0.12,0,0,NORMAL,None,15.5,95.3
2026-09-01 00:26:45,IN-DELHI-01,22.6,70.3,24.6,1005.0,179.4,1.05,-0.18,10.77,10.83,1.02,160,2320,3972,4,13,19.5,4080,0,179.3,0.0,0,4,HAZARDOUS_AIR_POLLUTION,Severe,91.2,90.6
2026-09-01 00:26:50,IN-DELHI-01,16.6,90.7,17.9,990.1,305.1,7.15,2.18,11.0,13.29,3.48,6,421,1312,99,162,259.2,1339,95,162.1,-6.23,0,2,LANDSLIDE_PRECURSOR,Extreme,94.9,86.4
2026-09-01 00:26:55,IN-DELHI-01,26.5,44.0,27.2,1001.7,207.6,1.31,-0.13,10.63,10.71,0.9,5,417,4045,1,3,4.5,4061,1,180.5,-0.03,0,0,NORMAL,None,8.4,94.1
2026-09-01 00:27:00,IN-DELHI-01,21.8,93.8,25.5,987.4,328.2,1.07,-0.28,10.79,10.85,1.04,16,456,1292,100,315,567.0,1213,99,52.6,-20.62,0,1,FLASH_FLOOD,Severe,89.5,89.3
2026-09-01 00:27:05,IN-DELHI-01,21.8,88.7,25.1,987.5,327.0,-4.11,-2.53,11.27,12.26,2.45,8,428,1222,100,253,404.8,1795,79,158.9,-2.3,0,2,LANDSLIDE_PRECURSOR,Extreme,86.2,93.4
2026-09-01 00:27:10,IN-DELHI-01,25.5,62.2,27.9,1002.7,199.2,1.03,-0.24,10.85,10.91,1.1,27,508,1778,82,586,1142.7,3031,36,77.7,-1.87,0,5,WATER_CONTAMINATION,Severe,87.9,89.2
2026-09-01 00:27:15,IN-DELHI-01,22.6,85.4,26.0,987.6,326.1,1.19,0.09,10.53,10.59,0.78,22,477,1352,98,378,680.4,1256,98,15.0,-12.45,0,1,FLASH_FLOOD,Extreme,97.0,92.7
2026-09-01 00:27:20,IN-DELHI-01,25.8,49.3,26.8,1000.6,216.7,1.07,-0.22,10.7,10.75,0.94,3,410,4017,2,4,6.0,4072,0,180.0,0.13,1,0,NORMAL,None,15.7,96.7
2026-09-01 00:27:25,IN-DELHI-01,44.1,16.0,44.5,1000.9,214.4,1.13,-0.16,10.81,10.87,1.06,160,1760,4075,0,1,1.5,4095,0,182.2,0.0,0,3,WILDFIRE,Extreme,98.0,92.0
2026-09-01 00:27:30,IN-DELHI-01,39.3,17.5,39.3,997.4,243.8,1.06,-0.24,10.88,10.94,1.13,86,1131,4085,0,0,0.0,4095,0,192.1,0.0,1,3,WILDFIRE,Severe,82.6,96.5
2026-09-01 00:27:35,IN-DELHI-01,23.5,89.4,27.7,987.5,327.2,1.04,-0.38,11.03,11.08,1.27,19,466,1227,100,213,383.4,1136,100,47.8,-3.12,1,1,FLASH_FLOOD,Severe,90.4,93.8
2026-09-01 00:27:40,IN-DELHI-01,21.6,92.8,25.1,991.3,295.3,0.87,-0.42,10.64,10.69,0.88,10,435,1340,98,261,469.8,1305,96,15.0,-12.19,1,1,FLASH_FLOOD,Extreme,97.0,89.1
2026-09-01 00:27:45,IN-DELHI-01,23.5,86.8,27.4,991.2,295.7,-3.52,-2.83,10.04,11.01,1.2,16,456,1275,100,215,344.0,1634,85,147.1,-3.57,0,2,LANDSLIDE_PRECURSOR,Extreme,89.5,86.1
2026-09-01 00:27:50,IN-DELHI-01,23.9,59.0,25.3,1007.6,157.9,0.89,-0.23,10.78,10.82,1.01,137,2044,4031,2,0,0.0,4037,2,180.7,0.0,1,4,HAZARDOUS_AIR_POLLUTION,Severe,88.4,91.2
2026-09-01 00:27:55,IN-DELHI-01,24.9,45.2,25.2,999.9,222.2,1.03,-0.17,10.63,10.68,0.87,5,417,4065,1,5,7.5,4067,0,176.0,-0.1,0,0,NORMAL,None,14.8,98.2
2026-09-01 00:28:00,IN-DELHI-01,22.8,94.6,27.1,988.6,318.0,1.17,-0.31,10.64,10.71,0.9,18,463,1391,96,378,680.4,1264,97,53.3,-11.89,0,1,FLASH_FLOOD,Severe,89.3,94.7
2026-09-01 00:28:05,IN-DELHI-01,26.0,47.5,26.9,1001.7,207.2,1.06,-0.11,10.83,10.88,1.07,1,403,4042,1,18,27.0,4092,0,184.7,-0.33,0,0,NORMAL,None,2.4,95.4
2026-09-01 00:28:10,IN-DELHI-01,22.9,90.6,26.9,987.5,326.7,6.41,3.18,12.5,14.4,4.59,16,456,1184,100,210,336.0,1533,88,126.1,-6.19,0,2,LANDSLIDE_PRECURSOR,Extreme,92.3,86.0
2026-09-01 00:28:15,IN-DELHI-01,26.6,46.4,27.5,1002.1,203.6,1.1,-0.11,10.79,10.85,1.04,4,414,4032,2,17,25.5,4053,1,195.7,-0.04,0,0,NORMAL,None,7.1,95.1
2026-09-01 00:28:20,IN-DELHI-01,28.6,51.6,30.8,1001.7,207.4,1.2,-0.08,10.7,10.77,0.96,3,410,4044,1,5,7.5,4065,1,193.8,-0.09,0,0,NORMAL,None,4.7,94.2
2026-09-01 00:28:25,IN-DELHI-01,22.6,92.8,26.7,993.3,278.1,1.15,-0.07,10.86,10.92,1.11,18,463,1380,97,290,522.0,1098,100,26.1,-16.39,0,1,FLASH_FLOOD,Extreme,94.8,91.4
2026-09-01 00:28:30,IN-DELHI-01,23.8,88.7,28.0,986.5,335.3,0.95,0.03,10.75,10.79,0.98,11,438,1356,97,363,653.4,1094,100,25.5,-11.74,0,1,FLASH_FLOOD,Extreme,94.9,94.7
2026-09-01 00:28:35,IN-DELHI-01,17.7,89.6,19.3,994.9,264.7,7.91,1.94,11.82,14.36,4.55,8,428,1211,100,252,403.2,1496,89,154.5,-3.57,0,2,LANDSLIDE_PRECURSOR,Extreme,91.5,87.8
2026-09-01 00:28:40,IN-DELHI-01,23.6,73.3,26.3,999.2,228.7,1.05,-0.19,10.71,10.76,0.95,17,468,1876,79,580,1131.0,3568,18,58.8,-1.82,1,5,WATER_CONTAMINATION,Severe,87.6,86.6
2026-09-01 00:28:45,IN-DELHI-01,20.8,90.1,23.7,993.1,279.4,4.67,1.56,12.17,13.13,3.32,14,449,1339,98,215,344.0,1379,93,135.6,-4.84,0,2,LANDSLIDE_PRECURSOR,Extreme,89.6,87.0
2026-09-01 00:28:50,IN-DELHI-01,24.0,95.8,29.1,993.0,281.1,4.84,1.51,10.44,11.61,1.8,12,442,1304,99,161,257.6,1485,90,143.6,-7.13,0,2,LANDSLIDE_PRECURSOR,Extreme,91.3,89.1
2026-09-01 00:28:55,IN-DELHI-01,24.5,60.1,26.3,1005.3,176.6,0.99,-0.28,10.66,10.71,0.9,127,1924,4080,0,0,0.0,4082,0,178.8,0.0,1,4,HAZARDOUS_AIR_POLLUTION,Severe,87.2,98.4
2026-09-01 00:29:00,IN-DELHI-01,22.6,91.9,26.6,988.5,318.8,-2.96,-2.14,10.16,10.8,0.99,4,414,1223,100,281,449.6,1668,83,118.0,-4.59,0,2,LANDSLIDE_PRECURSOR,Extreme,90.4,90.0
2026-09-01 00:29:05,IN-DELHI-01,39.4,18.4,39.4,998.1,237.9,1.12,-0.11,10.8,10.86,1.05,96,1216,4079,0,6,9.0,4095,0,189.4,0.0,1,3,WILDFIRE,Severe,82.9,94.1
2026-09-01 00:29:10,IN-DELHI-01,26.8,51.1,28.4,999.6,224.8,0.83,-0.11,10.9,10.93,1.12,2,407,4075,0,0,0.0,4079,0,176.2,-0.1,0,0,NORMAL,None,10.2,95.9
2026-09-01 00:29:15,IN-DELHI-01,21.0,89.7,24.0,991.8,291.2,6.55,2.61,12.04,13.96,4.15,7,424,1310,99,145,232.0,1887,76,98.7,-5.3,1,2,LANDSLIDE_PRECURSOR,Extreme,91.7,93.3
2026-09-01 00:29:20,IN-DELHI-01,27.2,46.5,28.4,1002.3,202.6,0.95,-0.19,10.89,10.94,1.13,2,407,4029,2,7,10.5,4049,1,174.4,-0.11,0,0,NORMAL,None,11.3,96.3
2026-09-01 00:29:25,IN-DELHI-01,21.4,92.6,24.8,987.9,323.5,0.81,-0.11,10.66,10.69,0.88,11,438,1250,100,430,774.0,1237,98,55.5,-14.1,1,1,FLASH_FLOOD,Severe,88.9,95.5
2026-09-01 00:29:30,IN-DELHI-01,25.2,56.7,26.9,1001.5,209.0,1.06,-0.16,10.97,11.02,1.21,3,410,4046,1,9,13.5,4078,0,168.3,-0.01,0,0,NORMAL,None,4.1,94.0
2026-09-01 00:29:35,IN-DELHI-01,28.4,52.2,30.7,1001.7,207.1,1.15,-0.14,10.86,10.92,1.11,6,421,4046,1,19,28.5,4034,2,183.2,0.09,0,0,NORMAL,None,4.3,98.5
2026-09-01 00:29:40,IN-DELHI-01,26.2,55.9,28.2,999.3,227.7,0.98,-0.15,10.65,10.69,0.88,0,400,4002,3,0,0.0,4051,1,187.2,0.04,0,0,NORMAL,None,2.8,95.2
2026-09-01 00:29:45,IN-DELHI-01,21.1,93.5,24.4,992.0,288.8,5.08,1.91,11.3,12.53,2.72,7,424,1270,100,202,323.2,1842,77,115.9,-2.82,0,2,LANDSLIDE_PRECURSOR,Extreme,98.4,87.0
2026-09-01 00:29:50,IN-DELHI-01,37.9,12.3,37.9,993.3,277.9,1.12,-0.14,10.69,10.75,0.94,118,1403,4088,0,2,3.0,4095,0,184.7,0.0,0,3,WILDFIRE,Severe,77.7,95.2
2026-09-01 00:29:55,IN-DELHI-01,23.5,60.4,25.0,998.3,235.9,1.04,-0.14,10.75,10.8,0.99,20,480,1901,78,723,1409.8,3349,25,43.0,-1.69,0,5,WATER_CONTAMINATION,Severe,93.2,92.3
2026-09-01 00:30:00,IN-DELHI-01,27.6,52.9,29.7,1003.4,193.3,1.15,-0.24,10.56,10.63,0.82,12,442,4014,2,2,3.0,4095,0,191.4,0.15,0,0,NORMAL,None,11.1,98.8
2026-09-01 00:30:05,IN-DELHI-01,29.4,50.8,31.9,1000.1,220.6,0.87,-0.15,10.58,10.61,0.8,1,403,3989,3,0,0.0,4089,0,182.8,-0.13,0,0,NORMAL,None,3.2,97.4
2026-09-01 00:30:10,IN-DELHI-01,20.0,99.0,23.2,987.8,324.9,1.36,-0.18,10.86,10.95,1.14,17,459,1344,98,263,473.4,1317,95,62.4,-9.75,0,1,FLASH_FLOOD,Severe,87.5,93.8
2026-09-01 00:30:15,IN-DELHI-01,29.9,48.3,32.3,1001.4,210.1,1.07,-0.22,10.71,10.77,0.96,2,407,4065,1,7,10.5,4040,1,169.4,-0.06,0,0,NORMAL,None,16.5,96.0
2026-09-01 00:30:20,IN-DELHI-01,20.8,86.4,23.4,988.4,319.9,5.76,0.96,11.05,12.5,2.69,7,424,1391,96,222,355.2,1666,83,107.0,-8.27,0,2,LANDSLIDE_PRECURSOR,Extreme,94.5,90.2
2026-09-01 00:30:25,IN-DELHI-01,23.6,70.7,26.0,1006.0,171.5,0.96,-0.11,10.65,10.69,0.88,224,3088,3982,4,8,12.0,4067,0,186.1,0.0,0,4,HAZARDOUS_AIR_POLLUTION,Extreme,98.9,95.6
2026-09-01 00:30:30,IN-DELHI-01,22.1,87.0,25.4,986.4,336.4,1.0,-0.03,10.93,10.98,1.17,13,445,1317,99,347,624.6,1362,94,27.6,-14.74,1,1,FLASH_FLOOD,Extreme,94.5,93.1
2026-09-01 00:30:35,IN-DELHI-01,19.9,93.0,22.7,990.5,302.1,0.76,-0.07,10.82,10.84,1.03,9,431,1431,95,291,523.8,1278,97,32.6,-16.01,0,1,FLASH_FLOOD,Severe,93.5,96.3
2026-09-01 00:30:40,IN-DELHI-01,43.2,21.2,44.9,997.4,243.3,1.04,-0.12,10.85,10.9,1.09,65,952,4088,0,10,15.0,4095,0,189.8,0.0,1,3,WILDFIRE,Extreme,96.3,88.9
2026-09-01 00:30:45,IN-DELHI-01,30.3,47.3,32.6,1002.4,201.9,1.11,-0.17,10.71,10.77,0.96,6,421,4085,0,15,22.5,4064,1,180.3,0.04,0,0,NORMAL,None,13.8,94.8
2026-09-01 00:30:50,IN-DELHI-01,29.1,57.8,32.4,1000.8,215.3,1.15,-0.09,10.8,10.87,1.06,3,410,3992,3,8,12.0,4078,0,186.6,0.12,0,0,NORMAL,None,10.9,95.1
2026-09-01 00:30:55,IN-DELHI-01,42.5,18.3,43.2,998.4,235.0,0.96,-0.18,10.73,10.78,0.97,116,1386,4085,0,5,7.5,4095,0,189.6,0.0,0,3,WILDFIRE,Extreme,93.7,96.8
2026-09-01 00:31:00,IN-DELHI-01,20.9,82.2,23.2,990.9,298.7,-3.63,-3.16,10.59,11.63,1.82,17,459,1256,100,244,390.4,1620,85,80.0,-4.0,0,2,LANDSLIDE_PRECURSOR,Extreme,96.0,89.7
2026-09-01 00:31:05,IN-DELHI-01,26.4,51.0,27.8,1004.3,185.6,1.03,-0.27,10.59,10.64,0.83,17,459,4010,3,9,13.5,4060,1,178.6,0.07,0,0,NORMAL,None,15.5,98.4
2026-09-01 00:31:10,IN-DELHI-01,22.3,90.3,25.9,994.9,264.4,-1.95,-1.21,10.74,10.98,1.17,17,459,1318,99,192,307.2,1636,84,134.4,-5.14,1,2,LANDSLIDE_PRECURSOR,Extreme,92.2,86.7
2026-09-01 00:31:15,IN-DELHI-01,27.3,50.9,29.0,999.4,226.6,1.03,-0.14,10.7,10.75,0.94,6,421,4022,2,8,12.0,4078,0,180.9,-0.3,0,0,NORMAL,None,5.5,95.3
2026-09-01 00:31:20,IN-DELHI-01,23.8,89.3,28.1,992.6,283.8,-1.87,-1.48,12.08,12.31,2.5,4,414,1189,100,226,361.6,1669,83,127.3,-4.66,1,2,LANDSLIDE_PRECURSOR,Extreme,96.9,90.8
2026-09-01 00:31:25,IN-DELHI-01,27.6,48.8,29.2,1000.8,214.9,1.09,-0.14,10.47,10.52,0.71,9,431,4010,3,6,9.0,4072,0,189.2,-0.3,0,0,NORMAL,None,9.6,95.2
2026-09-01 00:31:30,IN-DELHI-01,27.0,51.1,28.7,999.1,229.7,1.05,-0.13,10.53,10.58,0.77,3,410,4014,2,14,21.0,4091,0,201.6,0.01,1,0,NORMAL,None,9.5,97.4
2026-09-01 00:31:35,IN-DELHI-01,25.9,54.0,27.5,1001.7,207.5,0.94,-0.12,10.83,10.87,1.06,0,400,4051,1,0,0.0,4058,1,184.7,-0.07,0,0,NORMAL,None,2.3,96.7
2026-09-01 00:31:40,IN-DELHI-01,28.5,49.4,30.5,998.7,232.4,1.05,-0.19,10.55,10.61,0.8,8,428,4066,1,1,1.5,4089,0,176.6,0.12,0,0,NORMAL,None,15.8,92.5
2026-09-01 00:31:45,IN-DELHI-01,25.7,63.3,28.2,1004.7,181.9,1.07,-0.12,10.71,10.76,0.95,179,2548,3903,6,29,43.5,4080,0,179.8,0.0,0,4,HAZARDOUS_AIR_POLLUTION,Severe,93.5,95.7
2026-09-01 00:31:50,IN-DELHI-01,26.9,55.3,29.0,1001.7,207.1,0.99,-0.22,10.82,10.87,1.06,0,400,4089,0,8,12.0,4056,1,187.1,-0.01,0,0,NORMAL,None,9.7,98.6
2026-09-01 00:31:55,IN-DELHI-01,43.9,14.6,43.9,997.1,246.5,0.91,-0.24,10.92,10.96,1.15,88,1148,4084,0,8,12.0,4095,0,189.3,0.0,0,3,WILDFIRE,Extreme,98.0,92.5
2026-09-01 00:32:00,IN-DELHI-01,25.3,53.0,26.6,1002.2,203.4,0.9,-0.23,10.78,10.82,1.01,4,414,4016,2,0,0.0,4079,0,179.0,0.05,0,0,NORMAL,None,4.9,98.7
2026-09-01 00:32:05,IN-DELHI-01,27.0,54.8,29.1,1001.6,208.1,1.02,-0.25,10.85,10.9,1.09,3,410,4019,2,5,7.5,4095,0,178.4,-0.02,0,0,NORMAL,None,9.1,96.5
2026-09-01 00:32:10,IN-DELHI-01,23.1,93.6,27.4,989.5,310.0,0.85,-0.33,10.78,10.82,1.01,7,424,1308,99,333,599.4,1165,100,33.8,-16.21,0,1,FLASH_FLOOD,Severe,93.2,92.4
2026-09-01 00:32:15,IN-DELHI-01,44.1,21.9,46.4,997.7,241.4,1.1,-0.37,10.77,10.84,1.03,121,1428,4082,0,2,3.0,4095,0,191.5,0.0,0,3,WILDFIRE,Extreme,98.0,97.2
2026-09-01 00:32:20,IN-DELHI-01,23.9,67.3,26.1,1002.3,202.5,1.15,-0.11,10.66,10.72,0.91,21,484,1976,75,763,1487.8,3182,31,53.9,-1.22,1,5,WATER_CONTAMINATION,Severe,94.8,92.1
2026-09-01 00:32:25,IN-DELHI-01,25.1,67.0,27.7,1004.4,184.3,1.11,-0.16,10.82,10.88,1.07,195,2740,3958,4,10,15.0,4060,1,175.8,0.0,1,4,HAZARDOUS_AIR_POLLUTION,Extreme,95.4,96.3
2026-09-01 00:32:30,IN-DELHI-01,22.4,85.3,25.7,995.0,263.8,7.84,2.45,12.38,14.86,5.05,11,438,1302,99,158,252.8,1712,82,120.6,-2.26,1,2,LANDSLIDE_PRECURSOR,Extreme,94.5,87.2
2026-09-01 00:32:35,IN-DELHI-01,28.8,45.0,30.4,1002.3,202.0,1.02,-0.17,10.91,10.96,1.15,3,410,4066,1,12,18.0,4095,0,181.7,0.03,0,0,NORMAL,None,9.1,96.7
2026-09-01 00:32:40,IN-DELHI-01,29.3,51.3,31.8,999.4,227.0,1.06,-0.2,10.75,10.8,0.99,4,414,4005,3,15,22.5,4052,1,185.0,0.14,0,0,NORMAL,None,9.1,95.9
2026-09-01 00:32:45,IN-DELHI-01,27.6,51.3,29.5,999.7,224.1,1.19,-0.19,10.7,10.77,0.96,14,449,4095,0,0,0.0,4089,0,188.0,0.15,0,0,NORMAL,None,5.3,95.3
2026-09-01 00:32:50,IN-DELHI-01,42.3,17.9,42.9,999.9,222.3,1.02,-0.12,10.8,10.85,1.04,146,1641,4080,0,0,0.0,4095,0,185.8,0.0,0,3,WILDFIRE,Extreme,93.1,88.5
2026-09-01 00:32:55,IN-DELHI-01,28.2,48.8,30.0,998.8,232.1,1.06,-0.21,10.9,10.95,1.14,2,407,4048,1,5,7.5,4072,0,178.1,-0.07,0,0,NORMAL,None,4.0,96.7
2026-09-01 00:33:00,IN-DELHI-01,24.6,90.0,29.5,989.4,310.7,1.06,-0.3,10.91,10.96,1.15,16,456,1372,97,319,574.2,1247,98,21.3,-18.96,0,1,FLASH_FLOOD,Extreme,95.7,92.5
2026-09-01 00:33:05,IN-DELHI-01,24.0,64.4,26.0,1004.4,184.5,1.05,-0.19,10.74,10.79,0.98,212,2944,4010,3,22,33.0,4053,1,175.6,0.0,1,4,HAZARDOUS_AIR_POLLUTION,Extreme,97.4,93.1
2026-09-01 00:33:10,IN-DELHI-01,28.0,59.0,31.0,1005.5,175.7,1.13,-0.12,10.7,10.76,0.95,162,2344,3951,5,26,39.0,4078,0,170.2,0.0,0,4,HAZARDOUS_AIR_POLLUTION,Severe,91.4,95.8
2026-09-01 00:33:15,IN-DELHI-01,22.3,92.4,26.2,991.8,290.5,0.99,-0.07,10.74,10.79,0.98,16,456,1381,97,350,630.0,1263,97,26.8,-10.66,1,1,FLASH_FLOOD,Extreme,94.6,92.8
2026-09-01 00:33:20,IN-DELHI-01,27.0,53.6,28.9,999.5,225.7,0.98,-0.32,10.86,10.91,1.1,4,414,4004,3,12,18.0,4050,1,185.0,-0.04,0,0,NORMAL,None,2.3,94.4
2026-09-01 00:33:25,IN-DELHI-01,23.0,70.4,25.2,1007.9,155.4,0.99,-0.18,10.66,10.71,0.9,157,2284,3969,4,17,25.5,4046,1,181.7,0.0,1,4,HAZARDOUS_AIR_POLLUTION,Severe,90.8,91.1
2026-09-01 00:33:30,IN-DELHI-01,26.7,56.7,28.9,1000.9,214.5,1.05,-0.21,10.89,10.94,1.13,2,407,4054,1,10,15.0,4074,0,177.0,-0.17,0,0,NORMAL,None,16.5,92.3
2026-09-01 00:33:35,IN-DELHI-01,22.0,88.6,25.4,989.1,313.3,0.79,-0.12,11.17,11.2,1.39,15,452,1401,96,401,721.8,1328,95,86.0,-15.55,1,1,FLASH_FLOOD,Severe,82.8,89.5
2026-09-01 00:33:40,IN-DELHI-01,22.5,83.3,25.6,991.2,296.1,-3.31,-2.69,7.98,9.04,0.77,15,452,1346,98,284,454.4,1606,85,174.0,-6.06,0,2,LANDSLIDE_PRECURSOR,Extreme,91.6,93.3
2026-09-01 00:33:45,IN-DELHI-01,23.3,56.2,24.2,1001.5,209.3,1.12,-0.21,10.81,10.87,1.06,1,403,4095,0,21,31.5,4076,0,184.4,0.17,0,0,NORMAL,None,10.9,92.3
2026-09-01 00:33:50,IN-DELHI-01,24.5,90.0,29.3,988.1,322.0,0.88,-0.14,10.67,10.7,0.89,5,417,1359,97,370,666.0,1328,95,43.2,-7.88,0,1,FLASH_FLOOD,Severe,91.4,96.9
2026-09-01 00:33:55,IN-DELHI-01,21.0,97.7,24.7,996.2,253.4,1.03,-0.2,10.56,10.61,0.8,16,456,1378,97,334,601.2,1168,100,59.1,-6.1,0,1,FLASH_FLOOD,Severe,88.2,88.6
2026-09-01 00:34:00,IN-DELHI-01,29.9,48.8,32.4,1002.4,201.7,1.09,-0.18,10.85,10.91,1.1,1,403,4002,3,8,12.0,4044,1,180.2,0.26,0,0,NORMAL,None,8.4,95.3
2026-09-01 00:34:05,IN-DELHI-01,47.7,15.3,48.9,996.0,255.5,1.05,-0.21,10.76,10.82,1.01,98,1233,4085,0,5,7.5,4095,0,187.7,0.0,0,3,WILDFIRE,Extreme,98.0,96.1
2026-09-01 00:34:10,IN-DELHI-01,19.9,80.0,21.7,989.5,309.8,-1.8,-2.68,9.45,9.99,0.18,9,431,1233,100,175,280.0,1607,85,123.0,-1.74,0,2,LANDSLIDE_PRECURSOR,Extreme,92.6,94.5
2026-09-01 00:34:15,IN-DELHI-01,36.3,15.9,36.3,998.9,231.2,1.07,-0.12,10.7,10.76,0.95,108,1318,4092,0,3,4.5,4095,0,188.3,0.0,0,3,WILDFIRE,Severe,75.0,96.5
2026-09-01 00:34:20,IN-DELHI-01,23.5,91.8,28.0,986.0,339.4,1.15,-0.38,11.0,11.06,1.25,8,428,1320,99,261,469.8,1219,99,22.3,-11.65,1,1,FLASH_FLOOD,Extreme,95.5,88.5
2026-09-01 00:34:25,IN-DELHI-01,22.7,52.4,23.1,1000.2,220.3,1.0,-0.13,10.74,10.78,0.97,0,400,4095,0,13,19.5,4050,1,191.4,0.31,0,0,NORMAL,None,3.6,94.4
2026-09-01 00:34:30,IN-DELHI-01,23.4,92.1,27.8,988.4,319.1,1.1,-0.1,10.77,10.83,1.02,15,452,1304,99,226,406.8,1284,97,52.2,-13.44,0,1,FLASH_FLOOD,Severe,89.6,92.0
2026-09-01 00:34:35,IN-DELHI-01,21.9,90.2,25.3,991.0,297.6,6.29,2.05,9.64,11.69,1.88,15,452,1287,100,202,323.2,1542,88,112.3,-7.4,0,2,LANDSLIDE_PRECURSOR,Extreme,93.6,89.8
2026-09-01 00:34:40,IN-DELHI-01,21.9,89.5,25.4,995.0,264.0,-4.95,-3.01,14.26,15.39,5.58,15,452,1253,100,236,377.6,1597,86,120.3,-3.5,0,2,LANDSLIDE_PRECURSOR,Extreme,85.9,94.4
2026-09-01 00:34:45,IN-DELHI-01,21.3,85.1,24.1,992.9,281.6,-4.13,-1.54,9.5,10.47,0.66,14,449,1294,100,258,412.8,1491,89,112.9,-3.89,1,2,LANDSLIDE_PRECURSOR,Extreme,94.8,95.1
2026-09-01 00:34:50,IN-DELHI-01,40.1,13.6,40.1,997.0,246.9,1.13,-0.33,10.74,10.8,0.99,162,1777,4090,0,0,0.0,4095,0,195.8,0.0,0,3,WILDFIRE,Severe,85.4,87.7
2026-09-01 00:34:55,IN-DELHI-01,25.2,50.3,26.1,1001.5,209.0,1.12,-0.11,10.71,10.77,0.96,1,403,4085,0,11,16.5,4063,1,184.1,0.15,0,0,NORMAL,None,12.3,93.8
2026-09-01 00:35:00,IN-DELHI-01,41.6,20.2,42.6,997.3,244.9,1.07,-0.16,10.68,10.73,0.92,65,952,4087,0,0,0.0,4095,0,192.1,0.0,0,3,WILDFIRE,Severe,90.7,90.0
2026-09-01 00:35:05,IN-DELHI-01,27.3,60.1,30.2,1000.6,216.7,1.01,-0.09,10.5,10.55,0.74,2,407,4095,0,11,16.5,4093,0,186.8,0.22,0,0,NORMAL,None,7.8,96.6
2026-09-01 00:35:10,IN-DELHI-01,24.6,45.1,24.9,1002.4,201.6,1.08,-0.22,10.62,10.68,0.87,0,400,4032,2,5,7.5,4047,1,183.3,-0.18,0,0,NORMAL,None,3.4,96.2
2026-09-01 00:35:15,IN-DELHI-01,25.6,63.8,28.1,999.5,226.3,1.01,-0.18,10.68,10.73,0.92,16,464,1946,76,751,1464.5,4025,2,57.2,-1.27,0,5,WATER_CONTAMINATION,Severe,94.3,89.9
2026-09-01 00:35:20,IN-DELHI-01,22.8,91.6,26.8,985.3,345.8,1.05,-0.2,10.95,11.0,1.19,14,449,1317,99,272,489.6,1261,97,35.7,-7.79,0,1,FLASH_FLOOD,Severe,92.9,88.3
2026-09-01 00:35:25,IN-DELHI-01,22.8,57.9,23.7,999.8,223.0,0.94,-0.18,10.86,10.91,1.1,13,452,2322,63,488,951.6,3685,14,96.0,-0.39,0,5,WATER_CONTAMINATION,Severe,84.0,88.9
2026-09-01 00:35:30,IN-DELHI-01,25.4,90.0,30.7,986.2,338.4,1.41,-0.2,10.65,10.74,0.93,15,452,1322,99,279,502.2,1274,97,54.9,-17.15,0,1,FLASH_FLOOD,Severe,89.0,90.6
2026-09-01 00:35:35,IN-DELHI-01,29.4,42.4,30.8,999.8,223.5,1.06,-0.13,10.59,10.64,0.83,8,428,4077,0,0,0.0,4062,1,174.1,-0.12,0,0,NORMAL,None,13.8,95.2
2026-09-01 00:35:40,IN-DELHI-01,29.5,52.5,32.2,999.3,227.7,1.09,-0.12,10.74,10.8,0.99,0,400,4047,1,7,10.5,4094,0,186.1,0.07,0,0,NORMAL,None,14.3,96.5
2026-09-01 00:35:45,IN-DELHI-01,29.1,46.4,30.9,1001.3,210.9,0.98,-0.28,10.78,10.82,1.01,1,403,4024,2,0,0.0,4074,0,177.6,-0.08,0,0,NORMAL,None,17.1,98.2
2026-09-01 00:35:50,IN-DELHI-01,28.1,53.0,30.4,1001.0,213.0,0.95,-0.21,10.76,10.8,0.99,2,407,4064,1,9,13.5,4095,0,191.2,0.06,0,0,NORMAL,None,4.4,98.7
2026-09-01 00:35:55,IN-DELHI-01,28.4,51.3,30.5,1000.7,215.4,0.97,-0.12,10.69,10.73,0.92,4,414,4090,0,16,24.0,4084,0,195.0,0.02,0,0,NORMAL,None,4.1,98.0
2026-09-01 00:36:00,IN-DELHI-01,39.7,19.2,40.0,1000.3,219.4,1.04,-0.22,10.82,10.87,1.06,168,1828,4095,0,6,9.0,4095,0,188.4,0.0,0,3,WILDFIRE,Severe,84.0,93.4
2026-09-01 00:36:05,IN-DELHI-01,28.7,61.2,32.3,1006.1,170.5,1.09,-0.15,10.7,10.75,0.94,102,1624,3963,4,2,3.0,4058,1,176.2,0.0,1,4,HAZARDOUS_AIR_POLLUTION,Severe,84.2,90.5
2026-09-01 00:36:10,IN-DELHI-01,24.2,91.6,29.0,985.9,340.4,1.25,-0.32,10.52,10.59,0.78,11,438,1244,100,379,682.2,1252,98,15.0,-5.94,0,1,FLASH_FLOOD,Extreme,97.0,89.3
2026-09-01 00:36:15,IN-DELHI-01,42.8,18.5,43.7,998.0,238.5,1.13,-0.22,10.84,10.9,1.09,159,1751,4091,0,2,3.0,4095,0,189.3,0.0,0,3,WILDFIRE,Extreme,94.9,97.8
2026-09-01 00:36:20,IN-DELHI-01,24.4,83.2,28.4,991.9,289.7,5.11,2.56,12.81,14.03,4.22,16,456,1255,100,197,315.2,1633,85,127.9,-6.32,0,2,LANDSLIDE_PRECURSOR,Extreme,92.8,95.7
2026-09-01 00:36:25,IN-DELHI-01,26.2,60.1,28.6,1006.8,164.6,1.09,-0.14,10.77,10.82,1.01,148,2176,3933,5,33,49.5,4058,1,184.5,0.0,0,4,HAZARDOUS_AIR_POLLUTION,Severe,89.8,94.1
2026-09-01 00:36:30,IN-DELHI-01,22.4,92.2,26.3,994.3,269.9,-0.71,-0.98,11.03,11.1,1.29,14,449,1244,100,218,348.8,1743,81,111.5,-8.62,0,2,LANDSLIDE_PRECURSOR,Extreme,93.0,90.4
2026-09-01 00:36:35,IN-DELHI-01,25.1,52.1,26.2,1002.4,201.4,1.11,-0.15,10.68,10.74,0.93,0,400,4095,0,0,0.0,4095,0,186.9,0.08,1,0,NORMAL,None,9.4,97.0
2026-09-01 00:36:40,IN-DELHI-01,17.7,90.5,19.4,991.8,290.8,-3.79,-2.07,10.45,11.31,1.5,11,438,1207,100,270,432.0,1551,87,131.7,-3.39,0,2,LANDSLIDE_PRECURSOR,Extreme,89.5,86.6
2026-09-01 00:36:45,IN-DELHI-01,25.2,50.2,26.1,1001.8,206.8,1.08,-0.17,10.96,11.01,1.2,2,407,4073,0,10,15.0,4054,1,186.6,-0.22,0,0,NORMAL,None,6.8,97.6
2026-09-01 00:36:50,IN-DELHI-01,21.4,69.5,22.9,999.5,225.5,1.04,-0.2,10.66,10.72,0.91,8,432,1691,86,609,1187.5,3499,20,56.5,-2.27,0,5,WATER_CONTAMINATION,Severe,88.8,93.1
2026-09-01 00:36:55,IN-DELHI-01,25.0,65.3,27.4,1008.3,151.4,1.12,-0.15,10.9,10.96,1.15,149,2188,3937,5,4,6.0,4082,0,177.4,0.0,0,4,HAZARDOUS_AIR_POLLUTION,Severe,89.9,90.7
2026-09-01 00:37:00,IN-DELHI-01,18.4,90.9,20.4,990.8,299.6,-3.79,-2.77,11.54,12.46,2.65,7,424,1305,99,135,216.0,1501,89,103.8,-4.2,0,2,LANDSLIDE_PRECURSOR,Extreme,91.5,93.6
2026-09-01 00:37:05,IN-DELHI-01,26.0,56.7,28.0,1001.0,213.1,1.04,-0.18,10.62,10.67,0.86,6,421,4055,1,8,12.0,4043,1,187.5,-0.09,0,0,NORMAL,None,9.2,97.7
2026-09-01 00:37:10,IN-DELHI-01,24.8,98.9,30.6,986.9,331.7,1.13,-0.12,10.8,10.86,1.05,7,424,1369,97,302,543.6,1242,98,44.6,-10.9,0,1,FLASH_FLOOD,Severe,91.1,94.6
2026-09-01 00:37:15,IN-DELHI-01,27.0,70.0,30.9,1005.5,175.5,0.95,-0.17,10.84,10.89,1.08,153,2236,3948,5,4,6.0,4046,1,182.6,0.0,1,4,HAZARDOUS_AIR_POLLUTION,Severe,90.4,90.1
2026-09-01 00:37:20,IN-DELHI-01,28.6,45.6,30.2,1001.1,212.4,1.07,-0.21,10.76,10.81,1.0,1,403,4087,0,0,0.0,4061,1,181.3,0.01,0,0,NORMAL,None,3.9,98.3
2026-09-01 00:37:25,IN-DELHI-01,24.0,64.2,25.9,996.6,250.6,0.91,-0.16,10.7,10.74,0.93,17,468,1590,89,531,1035.5,3241,29,70.7,-2.36,0,5,WATER_CONTAMINATION,Severe,85.7,93.5
2026-09-01 00:37:30,IN-DELHI-01,22.9,60.9,24.2,999.6,224.9,1.07,-0.18,10.66,10.72,0.91,24,496,1833,80,365,711.8,3782,10,49.7,-1.47,1,5,WATER_CONTAMINATION,Moderate,79.2,90.8
2026-09-01 00:37:35,IN-DELHI-01,42.3,23.8,44.4,998.5,234.5,0.97,-0.14,10.54,10.58,0.77,122,1437,4077,0,10,15.0,4095,0,191.3,0.0,0,3,WILDFIRE,Extreme,93.0,90.8
2026-09-01 00:37:40,IN-DELHI-01,27.7,46.0,29.0,1000.9,213.9,0.98,-0.3,10.87,10.91,1.1,2,407,4005,3,17,25.5,4048,1,176.4,0.1,0,0,NORMAL,None,12.4,94.5
2026-09-01 00:37:45,IN-DELHI-01,23.1,81.6,26.3,990.7,300.0,-4.18,-2.32,11.28,12.25,2.44,10,435,1267,100,109,174.4,1824,78,125.0,-2.71,1,2,LANDSLIDE_PRECURSOR,Extreme,85.3,95.2
2026-09-01 00:37:50,IN-DELHI-01,22.7,91.3,26.6,989.9,307.0,0.97,-0.16,10.65,10.69,0.88,16,456,1378,97,266,478.8,1217,99,76.5,-12.74,0,1,FLASH_FLOOD,Severe,84.7,95.3
2026-09-01 00:37:55,IN-DELHI-01,41.4,19.7,42.1,996.2,253.7,0.96,-0.23,10.63,10.67,0.86,148,1658,4081,0,0,0.0,4095,0,190.0,0.0,1,3,WILDFIRE,Severe,89.8,88.2
2026-09-01 00:38:00,IN-DELHI-01,22.2,54.5,22.6,1007.9,155.5,1.1,-0.21,10.75,10.81,1.0,179,2548,4000,3,6,9.0,4084,0,177.8,0.0,0,4,HAZARDOUS_AIR_POLLUTION,Severe,93.5,97.4
2026-09-01 00:38:05,IN-DELHI-01,24.6,49.6,25.2,1000.1,220.6,1.15,-0.09,10.63,10.7,0.89,5,417,4063,1,10,15.0,4095,0,177.5,0.15,0,0,NORMAL,None,8.0,97.3
2026-09-01 00:38:10,IN-DELHI-01,22.4,91.4,26.2,988.1,322.3,0.93,-0.18,10.7,10.75,0.94,3,410,1408,96,418,752.4,1139,100,17.9,-13.04,0,1,FLASH_FLOOD,Extreme,96.4,92.2
2026-09-01 00:38:15,IN-DELHI-01,28.3,68.6,32.6,1001.7,207.3,1.04,-0.24,10.98,11.04,1.23,21,484,1955,76,629,1226.5,2686,48,45.5,-2.84,1,5,WATER_CONTAMINATION,Severe,89.5,91.3
2026-09-01 00:38:20,IN-DELHI-01,26.1,58.3,28.3,1002.8,197.7,1.04,-0.12,10.66,10.71,0.9,27,508,1694,85,580,1131.0,3496,20,88.0,-3.02,0,5,WATER_CONTAMINATION,Severe,87.6,86.5
2026-09-01 00:38:25,IN-DELHI-01,20.8,88.8,23.7,988.3,320.6,5.65,3.09,9.51,11.48,1.67,9,431,1296,100,216,345.6,1636,84,112.1,-1.23,0,2,LANDSLIDE_PRECURSOR,Extreme,86.8,96.4
2026-09-01 00:38:30,IN-DELHI-01,23.3,96.5,28.1,987.1,330.2,1.22,-0.22,10.77,10.84,1.03,18,463,1302,99,314,565.2,1391,93,38.7,-9.04,0,1,FLASH_FLOOD,Severe,92.3,95.0
2026-09-01 00:38:35,IN-DELHI-01,22.9,96.6,27.4,991.0,297.6,1.27,-0.06,10.73,10.8,0.99,13,445,1347,98,300,540.0,1296,96,44.4,-17.12,0,1,FLASH_FLOOD,Severe,91.1,96.9
2026-09-01 00:38:40,IN-DELHI-01,22.7,60.3,23.8,1005.1,178.4,1.1,-0.16,10.6,10.65,0.84,130,1960,3917,6,9,13.5,4058,1,176.9,0.0,0,4,HAZARDOUS_AIR_POLLUTION,Severe,87.6,93.1
2026-09-01 00:38:45,IN-DELHI-01,29.6,54.9,32.7,1002.0,204.8,1.02,-0.17,10.69,10.74,0.93,0,400,4058,1,17,25.5,4084,0,174.7,0.11,0,0,NORMAL,None,16.0,96.1
2026-09-01 00:38:50,IN-DELHI-01,23.6,65.0,25.5,1007.9,155.1,1.02,-0.09,10.72,10.77,0.96,172,2464,3998,3,13,19.5,4049,1,177.2,0.0,1,4,HAZARDOUS_AIR_POLLUTION,Severe,92.6,91.8
2026-09-01 00:38:55,IN-DELHI-01,18.6,90.0,20.5,992.3,286.9,7.78,3.48,11.56,14.36,4.55,14,449,1266,100,267,427.2,1688,83,142.6,-5.18,1,2,LANDSLIDE_PRECURSOR,Extreme,87.0,94.2
2026-09-01 00:39:00,IN-DELHI-01,23.1,95.1,27.5,993.4,277.3,4.65,0.82,11.48,12.41,2.6,14,449,1312,99,189,302.4,1437,91,117.4,-1.17,0,2,LANDSLIDE_PRECURSOR,Extreme,95.1,92.4
2026-09-01 00:39:05,IN-DELHI-01,23.2,72.6,25.6,1003.0,196.8,1.06,-0.25,10.84,10.89,1.08,29,516,2113,70,701,1367.0,2952,39,57.5,-0.91,1,5,WATER_CONTAMINATION,Severe,92.3,91.7
2026-09-01 00:39:10,IN-DELHI-01,21.0,87.6,23.9,988.8,315.8,-5.05,-3.14,10.38,11.96,2.15,7,424,1321,99,255,408.0,1668,83,158.6,-4.58,0,2,LANDSLIDE_PRECURSOR,Extreme,87.7,91.0
2026-09-01 00:39:15,IN-DELHI-01,27.2,59.7,30.0,1002.9,197.0,1.06,-0.17,10.77,10.82,1.01,4,414,4024,2,14,21.0,4055,1,185.3,-0.19,0,0,NORMAL,None,2.7,98.0
2026-09-01 00:39:20,IN-DELHI-01,26.9,54.4,28.9,1002.5,201.0,1.06,-0.2,10.79,10.84,1.03,15,452,4022,2,8,12.0,4084,0,192.9,0.21,0,0,NORMAL,None,2.9,98.7
2026-09-01 00:39:25,IN-DELHI-01,31.2,53.5,34.8,1001.1,212.7,1.0,-0.15,10.66,10.71,0.9,1,403,4066,1,11,16.5,4061,1,185.4,0.24,0,0,NORMAL,None,9.9,97.3
2026-09-01 00:39:30,IN-DELHI-01,23.9,92.3,28.6,986.7,334.0,1.26,-0.17,10.82,10.89,1.08,6,421,1251,100,383,689.4,1261,97,37.9,-13.33,0,1,FLASH_FLOOD,Severe,92.4,94.2
2026-09-01 00:39:35,IN-DELHI-01,26.9,56.3,29.1,1002.5,200.8,1.11,-0.13,11.05,11.11,1.3,1,403,4095,0,9,13.5,4049,1,180.3,0.14,1,0,NORMAL,None,9.4,97.8
2026-09-01 00:39:40,IN-DELHI-01,22.3,92.0,26.1,986.8,333.3,1.39,-0.08,10.78,10.87,1.06,17,459,1253,100,180,324.0,1278,97,34.6,-10.97,1,1,FLASH_FLOOD,Severe,93.1,93.1
2026-09-01 00:39:45,IN-DELHI-01,26.3,50.6,27.6,1002.1,203.6,1.08,-0.16,10.66,10.71,0.9,2,407,4040,1,0,0.0,4037,2,177.6,0.21,0,0,NORMAL,None,6.2,97.3
2026-09-01 00:39:50,IN-DELHI-01,21.6,93.1,25.2,991.3,294.7,4.04,0.79,9.27,10.14,0.33,16,456,1280,100,268,428.8,1478,90,90.1,-1.8,0,2,LANDSLIDE_PRECURSOR,Extreme,95.7,91.7
2026-09-01 00:39:55,IN-DELHI-01,24.2,55.9,25.4,1008.6,149.3,0.97,-0.2,10.77,10.81,1.0,198,2776,3972,4,8,12.0,4048,1,184.9,0.0,0,4,HAZARDOUS_AIR_POLLUTION,Extreme,95.8,91.1
2026-09-01 00:40:00,IN-DELHI-01,21.1,96.0,24.7,986.9,331.8,1.1,-0.17,10.72,10.78,0.97,25,487,1333,98,336,604.8,1201,99,35.0,-13.01,0,1,FLASH_FLOOD,Severe,93.0,91.4
2026-09-01 00:40:05,IN-DELHI-01,22.1,88.3,25.5,988.2,321.4,1.09,-0.21,11.06,11.11,1.3,13,445,1387,96,345,621.0,1204,99,45.0,-10.52,0,1,FLASH_FLOOD,Severe,91.0,93.7
2026-09-01 00:40:10,IN-DELHI-01,30.3,54.2,33.6,1001.3,211.2,1.11,-0.16,10.67,10.73,0.92,2,407,4039,2,10,15.0,4057,1,172.5,-0.42,0,0,NORMAL,None,10.5,93.8
2026-09-01 00:40:15,IN-DELHI-01,41.6,17.9,42.0,994.6,267.3,1.1,-0.26,10.61,10.67,0.86,94,1199,4095,0,3,4.5,4095,0,189.1,0.0,0,3,WILDFIRE,Severe,90.6,92.5
2026-09-01 00:40:20,IN-DELHI-01,41.8,11.8,41.8,997.2,245.0,1.11,-0.25,10.8,10.86,1.05,139,1581,4085,0,9,13.5,4095,0,190.6,0.0,1,3,WILDFIRE,Severe,91.2,95.1
2026-09-01 00:40:25,IN-DELHI-01,25.1,63.1,27.4,1006.0,171.1,1.09,-0.21,10.88,10.94,1.13,197,2764,4009,3,18,27.0,4034,2,176.8,0.0,1,4,HAZARDOUS_AIR_POLLUTION,Extreme,95.6,90.9
2026-09-01 00:40:30,IN-DELHI-01,26.3,60.2,28.8,1000.4,218.2,1.09,-0.25,10.75,10.81,1.0,3,410,4063,1,7,10.5,4073,0,178.6,0.03,0,0,NORMAL,None,16.7,94.6
2026-09-01 00:40:35,IN-DELHI-01,27.2,63.2,30.4,1007.7,156.8,1.01,-0.2,10.88,10.93,1.12,215,2980,4007,3,8,12.0,4053,1,178.3,0.0,0,4,HAZARDOUS_AIR_POLLUTION,Extreme,97.8,92.0
2026-09-01 00:40:40,IN-DELHI-01,42.2,19.0,43.0,994.6,267.6,0.96,-0.16,10.64,10.68,0.87,138,1573,4094,0,8,12.0,4095,0,187.6,0.0,0,3,WILDFIRE,Extreme,92.6,93.5
2026-09-01 00:40:45,IN-DELHI-01,27.1,56.8,29.5,1002.0,205.1,1.18,-0.14,10.8,10.87,1.06,4,414,4092,0,9,13.5,4090,0,180.8,-0.16,0,0,NORMAL,None,14.8,92.4
2026-09-01 00:40:50,IN-DELHI-01,21.8,91.2,25.2,986.6,334.3,0.99,-0.35,10.69,10.74,0.93,17,459,1403,96,286,514.8,1212,99,66.4,-13.28,0,1,FLASH_FLOOD,Severe,86.7,89.4
2026-09-01 00:40:55,IN-DELHI-01,24.1,51.6,24.8,1001.8,206.6,0.99,-0.17,10.83,10.87,1.06,9,431,4057,1,4,6.0,4054,1,172.6,0.2,0,0,NORMAL,None,11.3,98.7
2026-09-01 00:41:00,IN-DELHI-01,25.6,60.4,27.8,1007.5,158.2,1.16,-0.12,10.85,10.91,1.1,135,2020,4036,2,9,13.5,4052,1,174.7,0.0,1,4,HAZARDOUS_AIR_POLLUTION,Severe,88.2,94.1
2026-09-01 00:41:05,IN-DELHI-01,26.5,66.7,29.8,1000.9,213.9,1.0,-0.12,11.0,11.05,1.24,18,472,1953,76,673,1312.3,3232,29,67.0,-0.99,0,5,WATER_CONTAMINATION,Severe,91.2,92.7
2026-09-01 00:41:10,IN-DELHI-01,28.7,51.5,31.0,1000.8,214.8,1.1,-0.18,10.82,10.88,1.07,7,424,4050,1,13,19.5,4076,0,186.9,0.23,0,0,NORMAL,None,12.5,98.2
2026-09-01 00:41:15,IN-DELHI-01,24.3,95.4,29.6,987.2,329.9,1.12,0.05,10.57,10.63,0.82,3,410,1556,90,295,531.0,1363,94,20.0,-10.71,0,1,FLASH_FLOOD,Extreme,96.0,95.6
2026-09-01 00:41:20,IN-DELHI-01,27.9,45.2,29.1,1000.6,216.4,1.01,-0.12,10.57,10.62,0.81,5,417,3990,3,0,0.0,4049,1,180.9,0.08,0,0,NORMAL,None,12.1,94.0
2026-09-01 00:41:25,IN-DELHI-01,30.3,42.5,32.0,1001.6,208.0,1.01,-0.12,10.82,10.86,1.05,4,414,4088,0,12,18.0,4070,0,171.9,-0.18,0,0,NORMAL,None,7.1,94.6
2026-09-01 00:41:30,IN-DELHI-01,25.8,47.1,26.6,1006.5,167.1,0.96,-0.17,10.64,10.68,0.87,106,1672,3961,4,10,15.0,4077,0,176.6,0.0,1,4,HAZARDOUS_AIR_POLLUTION,Severe,84.7,91.9
2026-09-01 00:41:35,IN-DELHI-01,23.8,85.1,27.7,994.0,272.6,-2.19,-1.1,11.35,11.61,1.8,8,428,1327,99,165,264.0,1642,84,107.9,-2.99,0,2,LANDSLIDE_PRECURSOR,Extreme,96.3,89.3
2026-09-01 00:41:40,IN-DELHI-01,24.3,93.5,29.3,987.9,323.7,1.16,-0.1,10.71,10.78,0.97,7,424,1349,98,355,639.0,1278,97,46.3,-10.76,0,1,FLASH_FLOOD,Severe,90.7,93.2
2026-09-01 00:41:45,IN-DELHI-01,23.4,95.5,28.0,986.5,335.5,1.34,-0.25,10.67,10.76,0.95,9,431,1150,100,403,725.4,1248,98,42.5,-20.21,1,1,FLASH_FLOOD,Severe,91.5,90.8
2026-09-01 00:41:50,IN-DELHI-01,23.3,90.0,27.4,985.3,345.9,1.2,-0.29,10.63,10.7,0.89,5,417,1341,98,349,628.2,1310,96,49.3,-6.74,0,1,FLASH_FLOOD,Severe,90.1,92.9
2026-09-01 00:41:55,IN-DELHI-01,41.7,13.2,41.7,993.9,273.1,1.08,-0.2,10.8,10.86,1.05,125,1462,4072,0,6,9.0,4095,0,192.2,0.0,0,3,WILDFIRE,Severe,90.8,91.1
2026-09-01 00:42:00,IN-DELHI-01,42.8,16.2,43.0,996.8,248.4,0.96,-0.22,10.68,10.72,0.91,124,1454,4093,0,5,7.5,4095,0,181.2,0.0,0,3,WILDFIRE,Extreme,94.9,90.3
2026-09-01 00:42:05,IN-DELHI-01,45.3,18.8,47.0,997.9,239.2,1.03,-0.12,10.73,10.78,0.97,92,1182,4077,0,0,0.0,4095,0,183.0,0.0,0,3,WILDFIRE,Extreme,98.0,89.2
2026-09-01 00:42:10,IN-DELHI-01,24.1,94.2,29.0,985.8,341.4,1.12,-0.01,10.74,10.8,0.99,12,442,1384,96,305,549.0,1208,99,56.3,-16.72,1,1,FLASH_FLOOD,Severe,88.7,89.9
2026-09-01 00:42:15,IN-DELHI-01,22.8,95.1,27.2,987.5,327.2,1.06,-0.04,10.88,10.93,1.12,18,463,1454,94,295,531.0,1273,97,62.1,-9.72,0,1,FLASH_FLOOD,Severe,87.6,88.7
2026-09-01 00:42:20,IN-DELHI-01,28.3,54.2,30.9,999.3,227.8,1.1,-0.26,10.78,10.84,1.03,11,438,4014,2,6,9.0,4063,1,176.8,0.08,1,0,NORMAL,None,8.4,97.7
2026-09-01 00:42:25,IN-DELHI-01,41.6,16.1,41.6,999.1,229.7,0.96,-0.18,10.79,10.83,1.02,123,1445,4074,0,0,0.0,4095,0,183.6,0.0,0,3,WILDFIRE,Severe,90.4,91.3
2026-09-01 00:42:30,IN-DELHI-01,30.3,49.6,33.0,1001.4,210.0,0.99,-0.22,10.62,10.67,0.86,4,414,4084,0,17,25.5,4087,0,196.0,0.08,0,0,NORMAL,None,16.1,95.8
2026-09-01 00:42:35,IN-DELHI-01,29.3,57.3,32.7,1005.8,172.9,1.0,-0.34,10.76,10.81,1.0,85,1420,3931,5,18,27.0,4064,1,180.5,0.0,0,4,HAZARDOUS_AIR_POLLUTION,Severe,82.2,92.1
2026-09-01 00:42:40,IN-DELHI-01,20.4,88.8,23.1,992.1,287.9,4.85,0.56,10.62,11.69,1.88,12,442,1355,98,278,444.8,1491,89,162.4,-4.75,0,2,LANDSLIDE_PRECURSOR,Extreme,88.4,96.0
2026-09-01 00:42:45,IN-DELHI-01,27.6,48.4,29.1,1001.2,211.8,1.13,-0.08,10.69,10.75,0.94,0,400,4036,2,9,13.5,4057,1,181.5,-0.02,0,0,NORMAL,None,9.1,93.2
2026-09-01 00:42:50,IN-DELHI-01,27.6,69.6,31.8,1001.6,208.3,1.16,-0.13,10.61,10.67,0.86,12,448,1678,86,707,1378.6,2989,38,67.9,-1.25,1,5,WATER_CONTAMINATION,Severe,92.6,92.7
2026-09-01 00:42:55,IN-DELHI-01,25.4,71.6,28.7,1002.0,204.8,1.02,-0.17,10.75,10.8,0.99,32,528,1930,77,603,1175.8,3085,34,77.8,-1.59,0,5,WATER_CONTAMINATION,Severe,88.5,91.6
2026-09-01 00:43:00,IN-DELHI-01,25.9,72.5,29.6,1002.2,202.7,1.09,-0.21,10.73,10.78,0.97,22,488,2116,70,671,1308.5,3133,33,73.8,-0.77,1,5,WATER_CONTAMINATION,Severe,91.2,89.0
2026-09-01 00:43:05,IN-DELHI-01,23.8,93.2,28.5,988.7,317.1,1.3,-0.23,11.05,11.13,1.32,24,484,1384,96,247,444.6,1317,95,15.0,-12.47,0,1,FLASH_FLOOD,Extreme,97.0,95.5
2026-09-01 00:43:10,IN-DELHI-01,44.1,24.7,47.2,992.9,281.7,0.92,-0.21,10.62,10.66,0.85,165,1802,4082,0,2,3.0,4095,0,192.9,0.0,0,3,WILDFIRE,Extreme,98.0,90.5
2026-09-01 00:43:15,IN-DELHI-01,23.8,62.6,25.5,1004.1,186.7,0.99,-0.23,10.85,10.89,1.08,165,2380,4039,2,20,30.0,4058,1,172.1,0.0,1,4,HAZARDOUS_AIR_POLLUTION,Severe,91.8,96.3
2026-09-01 00:43:20,IN-DELHI-01,22.4,68.1,24.2,1001.7,207.1,1.1,-0.14,10.78,10.83,1.02,26,504,1816,81,556,1084.2,3038,36,30.0,-3.04,1,5,WATER_CONTAMINATION,Severe,86.7,88.2
2026-09-01 00:43:25,IN-DELHI-01,26.3,76.6,30.5,1001.8,206.6,0.94,-0.13,10.75,10.79,0.98,14,456,1882,79,519,1012.0,3231,29,75.8,0.58,0,5,WATER_CONTAMINATION,Severe,85.2,92.0
2026-09-01 00:43:30,IN-DELHI-01,24.8,48.6,25.5,1000.3,219.5,1.01,-0.12,10.99,11.04,1.23,0,400,4052,1,13,19.5,4095,0,185.0,0.08,0,0,NORMAL,None,11.5,97.8
2026-09-01 00:43:35,IN-DELHI-01,27.6,53.8,29.7,1000.8,214.6,0.98,-0.19,10.66,10.71,0.9,0,400,4050,1,14,21.0,4043,1,185.2,-0.04,0,0,NORMAL,None,17.6,94.8
2026-09-01 00:43:40,IN-DELHI-01,30.6,47.4,33.1,1001.2,211.3,0.98,-0.22,10.92,10.96,1.15,2,407,4095,0,10,15.0,4048,1,195.2,0.16,0,0,NORMAL,None,10.6,95.9
2026-09-01 00:43:45,IN-DELHI-01,27.4,57.0,29.9,999.9,222.7,1.07,-0.2,10.72,10.78,0.97,0,400,4030,2,10,15.0,4071,0,183.0,-0.24,0,0,NORMAL,None,16.8,98.6
2026-09-01 00:43:50,IN-DELHI-01,25.0,63.9,27.3,1002.5,200.7,0.99,-0.23,10.73,10.78,0.97,21,484,2056,72,568,1107.6,2989,38,65.3,-2.07,0,5,WATER_CONTAMINATION,Severe,87.2,92.2
2026-09-01 00:43:55,IN-DELHI-01,22.5,86.7,26.0,989.0,314.6,5.05,1.18,10.68,11.87,2.06,9,431,1360,97,235,376.0,1456,91,105.8,-4.93,0,2,LANDSLIDE_PRECURSOR,Extreme,91.4,93.2
2026-09-01 00:44:00,IN-DELHI-01,25.0,52.1,26.1,1002.6,200.0,1.03,-0.21,10.79,10.84,1.03,4,414,4060,1,2,3.0,4090,0,184.8,-0.01,0,0,NORMAL,None,16.0,93.2
2026-09-01 00:44:05,IN-DELHI-01,22.0,91.0,25.5,995.2,262.5,5.39,1.99,8.92,10.61,0.8,19,466,1238,100,260,416.0,1715,82,141.9,-7.51,0,2,LANDSLIDE_PRECURSOR,Extreme,87.9,93.9
2026-09-01 00:44:10,IN-DELHI-01,23.1,81.8,26.4,1001.0,212.9,1.05,-0.11,10.81,10.86,1.05,9,436,1859,80,612,1193.4,2987,38,50.2,-0.62,1,5,WATER_CONTAMINATION,Severe,88.9,86.8
2026-09-01 00:44:15,IN-DELHI-01,24.4,54.5,25.5,1001.2,211.9,1.08,-0.14,10.93,10.99,1.18,1,403,4079,0,6,9.0,4050,1,175.0,0.06,0,0,NORMAL,None,8.0,93.9
2026-09-01 00:44:20,IN-DELHI-01,22.5,95.2,26.6,988.3,320.0,0.86,-0.18,10.94,10.98,1.17,14,449,1435,95,299,538.2,1255,98,39.9,-11.0,0,1,FLASH_FLOOD,Severe,92.0,92.9
2026-09-01 00:44:25,IN-DELHI-01,28.1,67.4,32.2,1003.1,195.8,1.05,-0.25,10.68,10.73,0.92,29,516,1813,81,699,1363.0,3221,30,87.0,-2.38,0,5,WATER_CONTAMINATION,Severe,92.3,93.7
2026-09-01 00:44:30,IN-DELHI-01,29.0,61.1,32.7,1001.0,212.9,0.93,-0.11,10.77,10.81,1.0,0,400,4046,1,0,0.0,4060,1,182.0,-0.11,0,0,NORMAL,None,13.0,98.1
2026-09-01 00:44:35,IN-DELHI-01,21.0,89.2,24.0,997.5,242.7,3.46,0.98,11.01,11.58,1.77,13,445,1242,100,168,268.8,1665,83,105.5,-2.38,1,2,LANDSLIDE_PRECURSOR,Extreme,91.0,95.8
2026-09-01 00:44:40,IN-DELHI-01,25.5,87.4,30.6,995.0,264.1,5.04,1.85,8.59,10.13,0.32,16,456,1224,100,217,347.2,1565,87,120.6,-3.99,0,2,LANDSLIDE_PRECURSOR,Extreme,98.9,96.4
2026-09-01 00:44:45,IN-DELHI-01,23.0,91.3,27.0,994.4,268.7,-1.62,-1.16,13.07,13.22,3.41,11,438,1259,100,229,366.4,1598,86,147.6,-4.77,0,2,LANDSLIDE_PRECURSOR,Extreme,88.9,93.6
2026-09-01 00:44:50,IN-DELHI-01,20.7,63.9,21.5,1006.7,165.3,1.08,-0.26,10.72,10.77,0.96,211,2932,4017,2,27,40.5,4026,2,180.7,0.0,0,4,HAZARDOUS_AIR_POLLUTION,Extreme,97.3,93.2
2026-09-01 00:44:55,IN-DELHI-01,22.6,67.6,24.3,998.1,237.6,0.98,-0.25,10.84,10.89,1.08,18,472,1914,78,704,1372.8,3156,32,78.5,-2.08,1,5,WATER_CONTAMINATION,Severe,92.5,94.4
2026-09-01 00:45:00,IN-DELHI-01,44.0,14.0,44.0,999.6,225.0,1.15,-0.21,10.78,10.85,1.04,120,1420,4069,0,3,4.5,4095,0,191.5,0.0,0,3,WILDFIRE,Extreme,98.0,94.5
2026-09-01 00:45:05,IN-DELHI-01,27.3,45.9,28.4,1000.8,215.0,1.06,-0.12,10.62,10.67,0.86,0,400,4040,1,20,30.0,4056,1,174.3,0.0,0,0,NORMAL,None,4.3,96.7
2026-09-01 00:45:10,IN-DELHI-01,26.5,68.9,30.1,998.3,236.4,1.05,-0.19,10.92,10.97,1.16,11,444,1786,82,639,1246.0,3483,21,76.1,-1.56,0,5,WATER_CONTAMINATION,Severe,89.9,86.5
2026-09-01 00:45:15,IN-DELHI-01,25.7,75.9,29.6,1002.0,204.5,0.95,-0.09,10.81,10.85,1.04,23,492,2087,71,373,727.4,3834,9,51.1,-2.81,0,5,WATER_CONTAMINATION,Moderate,79.5,90.5
2026-09-01 00:45:20,IN-DELHI-01,21.8,94.6,25.6,986.6,335.0,1.21,0.0,10.93,10.99,1.18,11,438,1483,93,300,540.0,1159,100,58.0,-10.72,0,1,FLASH_FLOOD,Severe,88.4,96.2
2026-09-01 00:45:25,IN-DELHI-01,29.2,46.3,31.0,1000.3,219.1,1.06,-0.12,10.89,10.94,1.13,1,403,4065,1,13,19.5,4069,0,170.6,0.24,0,0,NORMAL,None,12.9,98.9
2026-09-01 00:45:30,IN-DELHI-01,27.7,42.8,28.5,1003.4,193.1,1.03,-0.21,10.86,10.91,1.1,2,407,4061,1,12,18.0,4066,1,175.7,-0.01,0,0,NORMAL,None,4.4,97.1
2026-09-01 00:45:35,IN-DELHI-01,28.8,52.7,31.3,999.2,228.7,1.06,-0.1,10.7,10.75,0.94,1,403,4027,2,0,0.0,4051,1,171.8,0.14,0,0,NORMAL,None,12.5,94.6
2026-09-01 00:45:40,IN-DELHI-01,25.5,53.7,27.0,1001.4,209.8,0.94,-0.28,10.78,10.82,1.01,17,459,4095,0,0,0.0,4073,0,189.8,0.11,0,0,NORMAL,None,18.0,96.9
2026-09-01 00:45:45,IN-DELHI-01,22.5,92.4,26.4,993.0,280.4,1.22,-0.17,10.69,10.76,0.95,14,449,1338,98,261,469.8,1217,99,52.9,-16.25,0,1,FLASH_FLOOD,Severe,89.4,93.6
2026-09-01 00:45:50,IN-DELHI-01,26.1,61.4,28.6,1001.0,213.0,1.0,-0.19,10.71,10.76,0.95,26,504,1688,86,739,1441.0,3212,30,68.0,-1.29,0,5,WATER_CONTAMINATION,Severe,93.8,91.5
2026-09-01 00:45:55,IN-DELHI-01,24.3,48.6,24.8,1004.3,185.7,1.1,-0.24,10.75,10.8,0.99,3,410,3975,4,16,24.0,4086,0,182.0,0.17,0,0,NORMAL,None,12.5,95.1
2026-09-01 00:46:00,IN-DELHI-01,40.6,15.4,40.6,997.1,246.2,1.28,-0.31,10.67,10.75,0.94,97,1224,4080,0,0,0.0,4095,0,189.1,0.0,1,3,WILDFIRE,Severe,87.2,96.4
2026-09-01 00:46:05,IN-DELHI-01,27.6,57.9,30.3,1000.6,216.9,1.07,-0.12,10.87,10.92,1.11,0,400,4085,0,9,13.5,4089,0,187.8,-0.09,0,0,NORMAL,None,6.1,95.0
2026-09-01 00:46:10,IN-DELHI-01,27.0,65.2,30.4,1005.0,179.4,1.01,-0.23,10.64,10.69,0.88,148,2176,3923,6,9,13.5,4040,1,184.8,0.0,1,4,HAZARDOUS_AIR_POLLUTION,Severe,89.8,96.7
2026-09-01 00:46:15,IN-DELHI-01,24.9,97.0,30.6,988.6,318.2,1.16,-0.17,10.97,11.04,1.23,18,463,1428,95,348,626.4,1206,99,57.3,-13.53,1,1,FLASH_FLOOD,Severe,88.5,88.1
2026-09-01 00:46:20,IN-DELHI-01,25.4,95.1,31.2,987.8,324.8,1.33,-0.27,10.96,11.04,1.23,18,463,1406,96,273,491.4,1261,97,37.4,-15.16,1,1,FLASH_FLOOD,Severe,92.5,90.6
2026-09-01 00:46:25,IN-DELHI-01,29.4,54.2,32.4,1000.6,217.0,1.13,-0.2,10.64,10.7,0.89,13,445,4095,0,2,3.0,4064,1,186.7,-0.14,0,0,NORMAL,None,2.2,95.6
2026-09-01 00:46:30,IN-DELHI-01,27.0,49.9,28.4,1000.1,220.5,1.02,-0.11,10.67,10.72,0.91,1,403,4059,1,1,1.5,4050,1,185.8,-0.13,0,0,NORMAL,None,6.6,98.7
2026-09-01 00:46:35,IN-DELHI-01,42.3,23.8,44.4,995.7,258.2,1.08,-0.23,10.89,10.94,1.13,65,952,4079,0,6,9.0,4095,0,189.4,0.0,0,3,WILDFIRE,Extreme,92.9,97.4
2026-09-01 00:46:40,IN-DELHI-01,27.9,50.3,29.8,1000.8,215.2,1.01,-0.05,10.76,10.8,0.99,11,438,4045,1,3,4.5,4028,2,187.4,0.13,0,0,NORMAL,None,12.8,95.7
2026-09-01 00:46:45,IN-DELHI-01,25.4,55.5,27.0,1002.7,199.1,0.98,-0.2,10.57,10.62,0.81,5,417,4052,1,19,28.5,4095,0,178.0,0.13,0,0,NORMAL,None,11.7,98.8
2026-09-01 00:46:50,IN-DELHI-01,23.9,71.2,26.5,1004.7,182.1,1.09,-0.2,10.71,10.77,0.96,175,2500,3971,4,17,25.5,4047,1,180.1,0.0,0,4,HAZARDOUS_AIR_POLLUTION,Severe,93.0,92.9
2026-09-01 00:46:55,IN-DELHI-01,26.0,69.5,29.3,1006.1,170.3,1.02,-0.19,10.83,10.88,1.07,175,2500,4051,1,9,13.5,4054,1,176.1,0.0,0,4,HAZARDOUS_AIR_POLLUTION,Severe,93.0,97.0
2026-09-01 00:47:00,IN-DELHI-01,31.4,60.7,36.3,1000.0,221.7,1.07,-0.2,10.88,10.94,1.13,1,403,4051,1,14,21.0,4081,0,180.8,-0.15,1,0,NORMAL,None,8.9,93.4
2026-09-01 00:47:05,IN-DELHI-01,40.2,17.8,40.3,998.5,234.5,1.11,-0.12,10.86,10.92,1.11,124,1454,4092,0,3,4.5,4095,0,192.0,0.0,0,3,WILDFIRE,Severe,85.8,95.9
2026-09-01 00:47:10,IN-DELHI-01,30.1,51.6,33.0,1000.4,218.4,1.07,-0.18,10.74,10.79,0.98,8,428,4045,1,7,10.5,4067,0,185.7,-0.12,1,0,NORMAL,None,12.7,98.6
2026-09-01 00:47:15,IN-DELHI-01,27.1,65.0,30.4,1005.9,171.9,0.97,-0.18,10.73,10.77,0.96,141,2092,3980,4,1,1.5,4033,2,184.7,0.0,0,4,HAZARDOUS_AIR_POLLUTION,Severe,88.9,97.0
2026-09-01 00:47:20,IN-DELHI-01,28.2,53.4,30.5,1001.7,207.4,1.06,-0.28,10.75,10.81,1.0,1,403,4036,2,5,7.5,4095,0,180.3,-0.11,0,0,NORMAL,None,14.2,93.7
2026-09-01 00:47:25,IN-DELHI-01,28.1,51.6,30.2,1000.2,219.7,1.04,-0.15,10.73,10.79,0.98,4,414,4095,0,3,4.5,4079,0,182.7,-0.07,0,0,NORMAL,None,11.8,93.3
2026-09-01 00:47:30,IN-DELHI-01,40.6,16.8,40.6,998.3,235.8,1.11,-0.19,10.81,10.87,1.06,123,1445,4086,0,7,10.5,4095,0,195.6,0.0,0,3,WILDFIRE,Severe,87.2,92.8
2026-09-01 00:47:35,IN-DELHI-01,24.1,65.3,26.2,999.9,222.2,1.12,-0.25,10.74,10.8,0.99,18,472,2034,73,600,1170.0,3519,19,56.2,-1.15,1,5,WATER_CONTAMINATION,Severe,88.4,85.4
2026-09-01 00:47:40,IN-DELHI-01,26.7,48.6,27.9,1000.8,215.1,1.11,-0.23,10.67,10.73,0.92,1,403,4018,2,10,15.0,4092,0,188.7,-0.11,0,0,NORMAL,None,7.8,97.7
2026-09-01 00:47:45,IN-DELHI-01,22.2,69.1,23.9,998.8,231.6,0.98,-0.13,10.77,10.82,1.01,26,504,1972,75,582,1134.9,3191,31,60.9,-3.01,0,5,WATER_CONTAMINATION,Severe,87.7,86.9
2026-09-01 00:47:50,IN-DELHI-01,22.9,65.9,24.7,1001.3,211.0,1.14,-0.2,10.72,10.78,0.97,27,508,1915,77,484,943.8,3304,27,77.7,-2.6,0,5,WATER_CONTAMINATION,Severe,83.9,92.6
2026-09-01 00:47:55,IN-DELHI-01,43.2,24.3,45.8,996.4,252.0,0.93,-0.14,10.78,10.82,1.01,114,1369,4068,0,9,13.5,4095,0,187.2,0.0,0,3,WILDFIRE,Extreme,96.2,94.7
2026-09-01 00:48:00,IN-DELHI-01,27.5,49.2,29.1,1003.9,188.8,1.25,-0.12,10.83,10.9,1.09,2,407,4095,0,2,3.0,4065,1,188.7,0.07,0,0,NORMAL,None,11.0,94.7
2026-09-01 00:48:05,IN-DELHI-01,41.3,19.9,42.1,997.7,241.3,1.1,-0.23,10.58,10.63,0.82,128,1488,4076,0,3,4.5,4095,0,183.3,0.0,0,3,WILDFIRE,Severe,89.6,89.4
2026-09-01 00:48:10,IN-DELHI-01,24.9,70.5,27.8,1001.4,210.2,1.14,-0.2,10.87,10.94,1.13,25,500,1848,80,770,1501.5,3727,12,117.7,-0.79,0,5,WATER_CONTAMINATION,Severe,95.0,87.1
2026-09-01 00:48:15,IN-DELHI-01,29.2,52.0,31.7,1000.1,220.9,1.0,-0.1,10.84,10.89,1.08,3,410,4043,1,3,4.5,4056,1,178.0,0.26,0,0,NORMAL,None,5.5,98.8
2026-09-01 00:48:20,IN-DELHI-01,28.7,52.0,31.0,1001.2,211.5,0.96,-0.28,10.9,10.94,1.13,5,417,4032,2,4,6.0,4025,2,181.5,0.21,0,0,NORMAL,None,5.3,95.1
2026-09-01 00:48:25,IN-DELHI-01,22.8,96.9,27.3,989.5,310.4,0.88,-0.14,10.91,10.94,1.13,13,445,1293,100,338,608.4,1230,98,49.8,-10.47,0,1,FLASH_FLOOD,Severe,90.0,89.8
2026-09-01 00:48:30,IN-DELHI-01,23.1,87.2,26.8,991.6,292.3,-3.72,-3.01,10.09,11.17,1.36,14,449,1317,99,164,262.4,1656,84,101.1,-2.15,1,2,LANDSLIDE_PRECURSOR,Extreme,95.5,86.1
2026-09-01 00:48:35,IN-DELHI-01,27.2,52.6,29.1,1001.9,205.3,0.93,-0.19,10.72,10.76,0.95,1,403,4066,1,11,16.5,4067,0,181.2,0.37,0,0,NORMAL,None,13.8,94.4
2026-09-01 00:48:40,IN-DELHI-01,24.1,70.4,26.6,1001.5,209.0,1.06,-0.29,10.78,10.84,1.03,14,456,1766,83,630,1228.5,2934,40,66.2,-1.66,1,5,WATER_CONTAMINATION,Severe,89.6,90.4
2026-09-01 00:48:45,IN-DELHI-01,27.4,43.5,28.3,1000.8,214.7,1.16,-0.08,10.88,10.94,1.13,0,400,4055,1,7,10.5,4058,1,187.0,-0.1,0,0,NORMAL,None,15.2,92.8
2026-09-01 00:48:50,IN-DELHI-01,28.8,51.8,31.2,1001.9,205.3,1.03,-0.13,10.8,10.85,1.04,1,403,4063,1,8,12.0,4081,0,183.1,-0.12,0,0,NORMAL,None,8.8,98.3
2026-09-01 00:48:55,IN-DELHI-01,27.0,58.5,29.5,1009.1,144.6,1.03,-0.16,10.88,10.93,1.12,130,1960,4054,1,9,13.5,4058,1,178.1,0.0,1,4,HAZARDOUS_AIR_POLLUTION,Severe,87.6,97.9
2026-09-01 00:49:00,IN-DELHI-01,27.7,49.5,29.4,1001.8,206.7,1.12,-0.13,10.44,10.5,0.69,6,421,4078,0,14,21.0,4068,0,178.1,-0.03,0,0,NORMAL,None,7.6,95.5
2026-09-01 00:49:05,IN-DELHI-01,22.8,86.7,26.4,989.9,307.1,5.52,0.85,9.72,11.21,1.4,15,452,1229,100,208,332.8,1501,89,126.4,-1.26,0,2,LANDSLIDE_PRECURSOR,Extreme,95.9,94.5
2026-09-01 00:49:10,IN-DELHI-01,28.9,51.0,31.3,1000.2,220.4,1.31,-0.18,10.9,10.98,1.17,12,442,4054,1,11,16.5,4066,1,174.0,0.24,0,0,NORMAL,None,15.1,94.1
2026-09-01 00:49:15,IN-DELHI-01,28.7,47.1,30.4,1002.1,203.7,1.02,-0.17,10.83,10.88,1.07,5,417,4089,0,16,24.0,4090,0,190.9,-0.05,1,0,NORMAL,None,3.7,96.1
2026-09-01 00:49:20,IN-DELHI-01,20.2,91.7,23.0,988.2,321.1,-1.63,-1.34,12.82,12.99,3.18,12,442,1213,100,254,406.4,1524,88,132.3,-8.8,0,2,LANDSLIDE_PRECURSOR,Extreme,95.1,90.7
2026-09-01 00:49:25,IN-DELHI-01,25.0,60.3,26.9,1004.6,182.9,1.13,-0.09,10.91,10.97,1.16,173,2476,3973,4,14,21.0,4074,0,173.4,0.0,0,4,HAZARDOUS_AIR_POLLUTION,Severe,92.8,94.7
2026-09-01 00:49:30,IN-DELHI-01,29.4,49.4,31.7,1000.7,216.0,0.97,-0.09,11.02,11.06,1.25,2,407,4067,1,9,13.5,4076,0,191.4,0.02,0,0,NORMAL,None,10.9,97.9
2026-09-01 00:49:35,IN-DELHI-01,27.6,56.9,30.1,1006.3,168.5,0.97,-0.25,10.84,10.89,1.08,222,3064,3962,4,10,15.0,4066,1,181.3,0.0,0,4,HAZARDOUS_AIR_POLLUTION,Extreme,98.6,97.2
2026-09-01 00:49:40,IN-DELHI-01,27.6,54.7,29.9,1001.6,207.8,1.08,-0.05,10.77,10.82,1.01,0,400,4074,0,23,34.5,4070,0,184.9,-0.04,0,0,NORMAL,None,9.7,92.3
2026-09-01 00:49:45,IN-DELHI-01,27.3,52.6,29.2,1000.9,213.7,1.01,-0.14,10.69,10.74,0.93,5,417,4063,1,7,10.5,4016,2,181.1,-0.06,0,0,NORMAL,None,13.9,92.7
2026-09-01 00:49:50,IN-DELHI-01,26.4,73.4,30.4,999.2,228.1,1.11,-0.16,10.69,10.75,0.94,24,496,2063,72,656,1279.2,3097,34,62.6,-3.13,0,5,WATER_CONTAMINATION,Severe,90.6,91.5
2026-09-01 00:49:55,IN-DELHI-01,23.9,52.5,24.6,995.4,260.6,1.05,-0.23,10.68,10.73,0.92,20,480,1705,85,681,1328.0,3413,23,39.5,-2.83,1,5,WATER_CONTAMINATION,Severe,91.6,92.1
2026-09-01 00:50:00,IN-DELHI-01,24.7,64.7,27.0,1005.5,175.7,1.03,-0.14,10.86,10.91,1.1,87,1444,3981,4,25,37.5,4091,0,167.4,0.0,0,4,HAZARDOUS_AIR_POLLUTION,Severe,82.4,90.7
2026-09-01 00:50:05,IN-DELHI-01,26.1,49.4,27.3,1001.2,211.5,1.04,-0.16,10.65,10.7,0.89,0,400,4034,2,8,12.0,4048,1,201.3,-0.04,0,0,NORMAL,None,9.1,98.5
2026-09-01 00:50:10,IN-DELHI-01,29.6,51.1,32.1,1000.4,218.7,1.1,-0.25,10.84,10.9,1.09,4,414,4010,3,12,18.0,4057,1,177.7,0.13,0,0,NORMAL,None,16.0,98.9
2026-09-01 00:50:15,IN-DELHI-01,28.4,47.3,30.1,999.8,223.3,1.05,-0.22,10.76,10.81,1.0,7,424,4046,1,9,13.5,4081,0,179.8,0.03,0,0,NORMAL,None,9.4,92.7
2026-09-01 00:50:20,IN-DELHI-01,19.8,88.9,22.2,992.4,285.4,-4.32,-1.53,9.52,10.56,0.75,12,442,1250,100,203,324.8,1707,82,155.4,-4.05,0,2,LANDSLIDE_PRECURSOR,Extreme,91.7,88.9
2026-09-01 00:50:25,IN-DELHI-01,23.3,48.9,23.5,1001.5,209.0,1.09,-0.34,10.6,10.66,0.85,5,417,4095,0,14,21.0,4083,0,163.2,0.02,1,0,NORMAL,None,14.1,95.0
2026-09-01 00:50:30,IN-DELHI-01,28.7,50.8,30.9,1000.6,216.5,1.12,-0.15,10.69,10.75,0.94,8,428,4095,0,1,1.5,4065,1,181.2,0.28,0,0,NORMAL,None,16.4,94.4
2026-09-01 00:50:35,IN-DELHI-01,24.7,71.2,27.6,1002.9,197.0,1.02,-0.27,10.72,10.77,0.96,27,508,1858,80,741,1445.0,2962,39,80.2,-2.42,0,5,WATER_CONTAMINATION,Severe,93.9,87.0
2026-09-01 00:50:40,IN-DELHI-01,23.8,62.0,25.4,998.6,233.1,1.23,-0.1,10.69,10.77,0.96,19,476,1743,84,691,1347.5,3514,20,91.6,-0.22,1,5,WATER_CONTAMINATION,Severe,92.0,94.7
2026-09-01 00:50:45,IN-DELHI-01,21.8,93.6,25.4,997.3,244.8,-3.79,-3.05,9.64,10.8,0.99,18,463,1296,100,243,388.8,1799,79,134.6,-6.68,0,2,LANDSLIDE_PRECURSOR,Extreme,87.9,88.0
2026-09-01 00:50:50,IN-DELHI-01,25.6,61.5,27.9,1006.1,170.0,1.04,-0.13,10.68,10.73,0.92,201,2812,3928,5,9,13.5,4042,1,176.1,0.0,0,4,HAZARDOUS_AIR_POLLUTION,Extreme,96.1,94.4
2026-09-01 00:50:55,IN-DELHI-01,25.9,62.1,28.4,1004.5,183.5,0.98,-0.17,10.7,10.75,0.94,18,472,1764,83,655,1277.2,2915,40,47.1,-2.33,0,5,WATER_CONTAMINATION,Severe,90.5,94.1
2026-09-01 00:51:00,IN-DELHI-01,25.4,60.1,27.5,1000.9,213.8,1.14,-0.13,10.66,10.72,0.91,2,407,4025,2,10,15.0,4024,2,188.1,0.1,0,0,NORMAL,None,2.5,94.0
2026-09-01 00:51:05,IN-DELHI-01,22.7,93.9,26.9,991.0,297.8,6.77,2.1,12.33,14.22,4.41,3,410,1302,99,176,281.6,1406,92,88.6,-1.11,0,2,LANDSLIDE_PRECURSOR,Extreme,92.1,88.8
2026-09-01 00:51:10,IN-DELHI-01,25.6,73.4,29.1,1006.5,166.7,0.98,-0.17,10.96,11.01,1.2,153,2236,3984,3,19,28.5,4075,0,183.8,0.0,0,4,HAZARDOUS_AIR_POLLUTION,Severe,90.4,92.8
2026-09-01 00:51:15,IN-DELHI-01,37.8,20.2,37.8,996.9,247.5,1.1,-0.19,10.65,10.7,0.89,75,1037,4088,0,0,0.0,4095,0,191.9,0.0,0,3,WILDFIRE,Severe,77.2,88.9
2026-09-01 00:51:20,IN-DELHI-01,24.2,89.8,28.8,987.7,325.3,1.3,-0.05,10.55,10.63,0.82,13,445,1374,97,226,406.8,1209,99,35.0,-20.56,1,1,FLASH_FLOOD,Severe,93.0,88.9
2026-09-01 00:51:25,IN-DELHI-01,20.6,94.0,23.7,992.3,286.8,-1.96,-2.78,11.7,12.19,2.38,13,445,1278,100,198,316.8,1410,92,138.9,-4.93,0,2,LANDSLIDE_PRECURSOR,Extreme,89.2,91.6
2026-09-01 00:51:30,IN-DELHI-01,28.5,50.8,30.7,998.8,231.4,1.01,-0.15,10.8,10.85,1.04,0,400,4054,1,27,40.5,4078,0,184.3,-0.05,0,0,NORMAL,None,4.0,93.0
2026-09-01 00:51:35,IN-DELHI-01,28.1,50.8,30.1,999.9,222.8,1.05,-0.15,10.65,10.7,0.89,2,407,4063,1,10,15.0,4077,0,181.3,-0.06,0,0,NORMAL,None,16.5,97.7
2026-09-01 00:51:40,IN-DELHI-01,25.9,49.1,26.9,1003.5,192.4,0.99,-0.25,10.79,10.83,1.02,1,403,4036,2,0,0.0,4095,0,181.4,-0.01,0,0,NORMAL,None,6.1,92.9
2026-09-01 00:51:45,IN-DELHI-01,42.0,18.1,42.5,996.0,255.7,1.05,-0.16,10.72,10.77,0.96,125,1462,4091,0,6,9.0,4095,0,194.3,0.0,0,3,WILDFIRE,Severe,91.9,89.9
2026-09-01 00:51:50,IN-DELHI-01,22.2,89.5,25.8,991.2,296.2,5.18,1.65,10.78,12.08,2.27,9,431,1297,100,248,396.8,1788,79,143.6,-5.06,0,2,LANDSLIDE_PRECURSOR,Extreme,93.2,94.0
2026-09-01 00:51:55,IN-DELHI-01,23.4,94.8,28.0,987.5,326.8,0.95,-0.38,10.88,10.93,1.12,13,445,1402,96,358,644.4,1296,96,50.2,-9.4,0,1,FLASH_FLOOD,Severe,90.0,95.8
2026-09-01 00:52:00,IN-DELHI-01,22.2,88.8,25.7,989.1,313.7,5.6,3.18,8.87,10.96,1.15,8,428,1271,100,274,438.4,1768,80,117.3,-3.45,0,2,LANDSLIDE_PRECURSOR,Extreme,88.0,89.9
2026-09-01 00:52:05,IN-DELHI-01,27.7,49.7,29.4,1000.9,213.9,1.06,-0.21,10.87,10.92,1.11,6,421,4086,0,5,7.5,4049,1,188.3,-0.07,0,0,NORMAL,None,11.7,98.2
2026-09-01 00:52:10,IN-DELHI-01,25.8,73.3,29.5,1007.7,156.6,0.95,-0.14,10.71,10.76,0.95,191,2692,4006,3,28,42.0,3999,3,180.1,0.0,0,4,HAZARDOUS_AIR_POLLUTION,Extreme,94.9,91.1
2026-09-01 00:52:15,IN-DELHI-01,25.6,48.4,26.4,1001.0,213.1,1.07,-0.08,10.77,10.83,1.02,3,410,4088,0,10,15.0,4095,0,195.4,0.18,0,0,NORMAL,None,7.4,92.1
2026-09-01 00:52:20,IN-DELHI-01,22.5,93.2,26.5,994.2,270.3,4.53,0.94,9.86,10.89,1.08,10,435,1245,100,194,310.4,1549,87,107.1,-0.96,1,2,LANDSLIDE_PRECURSOR,Extreme,90.2,92.5
2026-09-01 00:52:25,IN-DELHI-01,23.7,53.4,24.5,1003.2,194.6,1.21,-0.03,10.87,10.94,1.13,1,403,4007,3,18,27.0,4086,0,186.9,-0.26,0,0,NORMAL,None,2.1,96.8
2026-09-01 00:52:30,IN-DELHI-01,27.3,59.9,30.1,1003.2,194.4,1.17,-0.13,10.8,10.86,1.05,3,410,4060,1,5,7.5,4075,0,185.3,-0.08,0,0,NORMAL,None,14.0,98.2
2026-09-01 00:52:35,IN-DELHI-01,22.2,84.6,25.3,989.5,310.0,-4.49,-3.83,9.97,11.59,1.78,17,459,1285,100,250,400.0,1583,86,138.8,-7.79,0,2,LANDSLIDE_PRECURSOR,Extreme,95.3,88.2
2026-09-01 00:52:40,IN-DELHI-01,26.2,56.7,28.2,1001.6,207.9,1.08,-0.09,10.63,10.69,0.88,2,407,4056,1,4,6.0,4095,0,182.6,-0.18,0,0,NORMAL,None,17.1,97.0
2026-09-01 00:52:45,IN-DELHI-01,27.7,67.9,31.6,1007.1,162.0,1.02,-0.27,10.96,11.01,1.2,192,2704,3940,5,15,22.5,4047,1,179.5,0.0,1,4,HAZARDOUS_AIR_POLLUTION,Extreme,95.0,97.4
2026-09-01 00:52:50,IN-DELHI-01,27.5,67.3,31.2,1007.2,161.0,1.08,-0.16,10.86,10.92,1.11,164,2368,3974,4,24,36.0,4041,1,179.1,0.0,1,4,HAZARDOUS_AIR_POLLUTION,Severe,91.7,94.7
2026-09-01 00:52:55,IN-DELHI-01,22.4,93.7,26.4,985.0,348.0,1.1,-0.09,10.85,10.9,1.09,19,466,1400,96,314,565.2,1171,100,40.0,-9.08,0,1,FLASH_FLOOD,Severe,92.0,93.0
2026-09-01 00:53:00,IN-DELHI-01,21.1,87.8,24.0,993.6,275.8,-2.06,-1.66,10.85,11.16,1.35,11,438,1296,100,243,388.8,1659,84,104.6,-6.17,0,2,LANDSLIDE_PRECURSOR,Extreme,86.4,93.7
2026-09-01 00:53:05,IN-DELHI-01,25.8,66.0,28.7,1006.4,168.0,0.99,-0.2,10.88,10.93,1.12,158,2296,3960,4,2,3.0,4059,1,175.8,0.0,0,4,HAZARDOUS_AIR_POLLUTION,Severe,91.0,92.0
2026-09-01 00:53:10,IN-DELHI-01,23.1,92.2,27.4,986.6,334.4,1.02,-0.07,11.06,11.11,1.3,12,442,1338,98,324,583.2,1402,93,39.0,-9.67,1,1,FLASH_FLOOD,Severe,92.2,91.3
2026-09-01 00:53:15,IN-DELHI-01,24.7,84.5,29.0,990.7,299.9,-2.98,-2.23,10.36,11.01,1.2,9,431,1287,100,266,425.6,1607,85,92.0,-1.08,0,2,LANDSLIDE_PRECURSOR,Extreme,91.9,89.7
2026-09-01 00:53:20,IN-DELHI-01,43.8,17.8,44.8,999.1,229.5,1.04,-0.17,10.66,10.72,0.91,157,1734,4095,0,0,0.0,4095,0,193.4,0.0,0,3,WILDFIRE,Extreme,98.0,88.2
2026-09-01 00:53:25,IN-DELHI-01,21.8,53.5,22.0,1005.7,173.7,1.09,-0.14,10.81,10.87,1.06,285,3820,3972,4,16,24.0,4032,2,176.4,0.0,0,4,HAZARDOUS_AIR_POLLUTION,Extreme,99.0,91.8
2026-09-01 00:53:30,IN-DELHI-01,29.0,62.5,33.0,999.0,230.2,0.89,-0.12,10.62,10.66,0.85,9,431,3966,4,14,21.0,4054,1,181.1,-0.14,0,0,NORMAL,None,8.7,99.0
2026-09-01 00:53:35,IN-DELHI-01,20.7,94.4,24.0,991.1,297.0,1.02,-0.45,11.03,11.09,1.28,20,470,1252,100,283,509.4,1229,98,52.1,-4.5,1,1,FLASH_FLOOD,Severe,89.6,94.5
2026-09-01 00:53:40,IN-DELHI-01,41.8,22.1,43.3,996.5,251.4,1.02,-0.23,10.71,10.76,0.95,172,1862,4087,0,5,7.5,4095,0,186.9,0.0,1,3,WILDFIRE,Severe,91.2,90.4
2026-09-01 00:53:45,IN-DELHI-01,24.4,84.0,28.4,995.3,261.0,-2.67,-1.47,11.78,12.17,2.36,7,424,1283,100,196,313.6,1695,82,139.0,-2.68,0,2,LANDSLIDE_PRECURSOR,Extreme,86.1,88.3
2026-09-01 00:53:50,IN-DELHI-01,22.0,90.4,25.5,991.3,294.9,5.34,1.75,10.68,12.07,2.26,15,452,1258,100,267,427.2,1546,88,112.5,-6.67,1,2,LANDSLIDE_PRECURSOR,Extreme,86.9,91.8
2026-09-01 00:53:55,IN-DELHI-01,22.1,92.1,25.9,990.0,306.2,1.24,-0.27,10.93,11.0,1.19,21,473,1363,97,300,540.0,1136,100,40.4,-17.82,0,1,FLASH_FLOOD,Severe,91.9,91.4
2026-09-01 00:54:00,IN-DELHI-01,21.9,84.8,24.9,993.1,280.0,-3.47,-2.86,11.26,12.13,2.32,13,445,1345,98,181,289.6,1481,90,119.7,-7.11,0,2,LANDSLIDE_PRECURSOR,Extreme,85.7,94.9
2026-09-01 00:54:05,IN-DELHI-01,24.8,51.6,25.8,1001.1,212.6,1.11,-0.29,10.71,10.77,0.96,0,400,4052,1,14,21.0,4044,1,180.4,0.06,0,0,NORMAL,None,9.7,94.3
2026-09-01 00:54:10,IN-DELHI-01,29.2,56.1,32.4,999.1,229.3,1.04,-0.2,10.61,10.66,0.85,3,410,4068,0,9,13.5,4092,0,175.9,0.12,0,0,NORMAL,None,17.0,97.6
2026-09-01 00:54:15,IN-DELHI-01,28.9,60.9,32.5,1005.2,178.0,1.15,-0.18,10.78,10.84,1.03,172,2464,3994,3,23,34.5,4070,0,175.3,0.0,1,4,HAZARDOUS_AIR_POLLUTION,Severe,92.6,91.0
2026-09-01 00:54:20,IN-DELHI-01,20.9,88.2,23.7,992.4,285.7,7.78,2.01,8.77,11.89,2.08,8,428,1247,100,203,324.8,1532,88,143.4,-6.66,1,2,LANDSLIDE_PRECURSOR,Extreme,95.4,91.7
2026-09-01 00:54:25,IN-DELHI-01,20.5,88.4,23.2,994.4,269.1,6.44,1.52,11.82,13.55,3.74,15,452,1309,99,211,337.6,1615,85,102.7,-3.31,1,2,LANDSLIDE_PRECURSOR,Extreme,89.2,92.8
2026-09-01 00:54:30,IN-DELHI-01,25.5,60.8,27.6,1009.9,138.6,0.95,-0.26,10.78,10.83,1.02,140,2080,4080,0,5,7.5,4090,0,175.4,0.0,0,4,HAZARDOUS_AIR_POLLUTION,Severe,88.8,93.3
2026-09-01 00:54:35,IN-DELHI-01,27.5,53.2,29.5,1001.6,208.1,0.99,-0.24,10.52,10.57,0.76,0,400,4067,1,11,16.5,4041,1,184.3,-0.03,0,0,NORMAL,None,9.7,98.7
2026-09-01 00:54:40,IN-DELHI-01,39.9,14.7,39.9,999.8,223.4,0.99,-0.22,10.74,10.79,0.98,86,1131,4095,0,1,1.5,4095,0,192.5,0.0,0,3,WILDFIRE,Severe,84.8,87.5
2026-09-01 00:54:45,IN-DELHI-01,25.4,69.9,28.6,1004.3,185.5,1.15,-0.26,10.77,10.84,1.03,32,528,1861,79,611,1191.5,2944,39,79.0,-1.79,0,5,WATER_CONTAMINATION,Severe,88.8,92.6
2026-09-01 00:54:50,IN-DELHI-01,22.6,87.4,26.1,992.0,289.2,-2.8,-2.8,11.85,12.5,2.69,14,449,1285,100,254,406.4,1695,82,151.0,-1.88,0,2,LANDSLIDE_PRECURSOR,Extreme,87.7,91.2
2026-09-01 00:54:55,IN-DELHI-01,25.6,65.9,28.4,1007.7,156.5,1.16,-0.17,10.69,10.75,0.94,110,1720,3948,5,12,18.0,4048,1,183.9,0.0,1,4,HAZARDOUS_AIR_POLLUTION,Severe,85.2,93.5
2026-09-01 00:55:00,IN-DELHI-01,37.2,19.8,37.2,995.8,257.4,0.97,-0.34,10.73,10.78,0.97,83,1105,4087,0,7,10.5,4095,0,190.2,0.0,0,3,WILDFIRE,Severe,75.1,96.9
2026-09-01 00:55:05,IN-DELHI-01,25.6,53.5,27.1,999.8,223.6,0.94,-0.27,10.69,10.74,0.93,2,407,4042,1,15,22.5,4083,0,190.3,0.06,1,0,NORMAL,None,15.1,94.0
2026-09-01 00:55:10,IN-DELHI-01,26.2,54.7,28.0,1001.5,209.1,1.02,-0.2,10.89,10.94,1.13,1,403,4002,3,9,13.5,4059,1,191.0,-0.3,0,0,NORMAL,None,17.0,98.9
2026-09-01 00:55:15,IN-DELHI-01,24.5,67.4,27.0,1006.3,168.5,1.05,-0.13,10.76,10.81,1.0,138,2056,3909,6,11,16.5,4086,0,176.6,0.0,0,4,HAZARDOUS_AIR_POLLUTION,Severe,88.6,92.0
2026-09-01 00:55:20,IN-DELHI-01,28.3,46.6,29.8,999.2,228.1,0.95,-0.16,10.65,10.69,0.88,0,400,4000,3,14,21.0,4095,0,175.7,-0.08,0,0,NORMAL,None,3.7,95.5
2026-09-01 00:55:25,IN-DELHI-01,27.6,49.2,29.3,1000.0,222.0,1.0,-0.07,10.77,10.82,1.01,0,400,4048,1,11,16.5,4033,2,168.4,-0.06,0,0,NORMAL,None,13.8,95.9
2026-09-01 00:55:30,IN-DELHI-01,26.2,54.9,27.9,1002.3,202.2,1.14,-0.21,10.73,10.79,0.98,0,400,3993,3,1,1.5,4059,1,187.1,0.1,0,0,NORMAL,None,2.2,94.9
2026-09-01 00:55:35,IN-DELHI-01,24.3,74.8,27.5,998.9,230.7,0.85,-0.24,10.89,10.93,1.12,21,484,1927,77,579,1129.0,3354,25,78.1,-0.79,0,5,WATER_CONTAMINATION,Severe,87.6,87.4
2026-09-01 00:55:40,IN-DELHI-01,23.3,95.1,27.9,989.8,307.4,0.99,-0.37,11.18,11.23,1.42,19,466,1375,97,395,711.0,1312,96,15.0,-10.11,1,1,FLASH_FLOOD,Extreme,97.0,91.5
2026-09-01 00:55:45,IN-DELHI-01,39.7,16.8,39.7,999.5,225.7,0.99,-0.19,10.72,10.76,0.95,86,1131,4095,0,7,10.5,4095,0,186.5,0.0,0,3,WILDFIRE,Severe,83.8,89.2
2026-09-01 00:55:50,IN-DELHI-01,25.1,55.0,26.5,999.8,223.6,1.02,-0.11,10.89,10.94,1.13,6,421,4089,0,14,21.0,4073,0,170.9,0.09,0,0,NORMAL,None,2.3,97.9
2026-09-01 00:55:55,IN-DELHI-01,27.2,56.4,29.5,1001.2,211.3,1.02,-0.19,10.91,10.96,1.15,2,407,4072,0,5,7.5,4083,0,183.3,0.06,1,0,NORMAL,None,6.9,95.8
2026-09-01 00:56:00,IN-DELHI-01,24.2,99.0,29.6,985.9,340.6,1.1,-0.33,10.87,10.93,1.12,10,435,1350,98,285,513.0,1368,94,50.0,-17.57,0,1,FLASH_FLOOD,Severe,90.0,96.8
2026-09-01 00:56:05,IN-DELHI-01,22.5,70.3,24.5,1001.3,210.7,0.96,-0.13,10.67,10.72,0.91,7,428,2085,71,573,1117.3,2792,45,59.7,-1.97,0,5,WATER_CONTAMINATION,Severe,87.3,92.5
2026-09-01 00:56:10,IN-DELHI-01,27.4,52.5,29.3,1001.2,212.0,1.11,-0.32,10.83,10.89,1.08,3,410,4063,1,6,9.0,4087,0,177.0,-0.09,0,0,NORMAL,None,14.5,97.7
2026-09-01 00:56:15,IN-DELHI-01,43.4,18.2,44.3,995.2,262.3,0.92,-0.14,10.67,10.71,0.9,123,1445,4085,0,8,12.0,4095,0,188.9,0.0,0,3,WILDFIRE,Extreme,96.8,93.1
2026-09-01 00:56:20,IN-DELHI-01,26.0,91.0,31.7,991.5,293.3,7.83,2.31,11.06,13.75,3.94,12,442,1246,100,191,305.6,1603,86,150.3,-0.4,0,2,LANDSLIDE_PRECURSOR,Extreme,88.3,92.9
2026-09-01 00:56:25,IN-DELHI-01,26.1,43.8,26.6,1000.7,215.9,1.04,-0.18,10.71,10.76,0.95,5,417,4048,1,14,21.0,4052,1,169.6,-0.14,0,0,NORMAL,None,7.6,92.5
2026-09-01 00:56:30,IN-DELHI-01,24.3,89.1,28.8,992.6,284.3,-3.49,-1.19,9.39,10.09,0.28,14,449,1297,100,204,326.4,1485,90,164.4,-5.04,0,2,LANDSLIDE_PRECURSOR,Extreme,91.6,96.2
2026-09-01 00:56:35,IN-DELHI-01,28.2,67.6,32.4,1006.3,168.3,1.04,-0.15,10.71,10.76,0.95,149,2188,3989,3,21,31.5,4052,1,172.0,0.0,0,4,HAZARDOUS_AIR_POLLUTION,Severe,89.9,96.1
2026-09-01 00:56:40,IN-DELHI-01,25.8,56.1,27.6,1000.6,216.4,1.01,-0.17,10.58,10.63,0.82,12,442,4095,0,5,7.5,4005,3,172.2,-0.17,0,0,NORMAL,None,3.9,98.1
2026-09-01 00:56:45,IN-DELHI-01,25.4,46.8,26.0,999.9,222.5,0.98,-0.19,10.8,10.85,1.04,9,431,4093,0,4,6.0,4095,0,187.0,-0.02,0,0,NORMAL,None,17.6,96.9
2026-09-01 00:56:50,IN-DELHI-01,21.6,80.8,24.1,990.7,300.3,-4.15,-3.5,9.52,10.96,1.15,8,428,1294,100,152,243.2,1489,90,149.3,-2.24,0,2,LANDSLIDE_PRECURSOR,Extreme,90.7,92.1
2026-09-01 00:56:55,IN-DELHI-01,25.0,47.1,25.5,1000.7,216.0,1.08,-0.24,10.83,10.88,1.07,0,400,3977,4,10,15.0,4074,0,186.2,-0.09,0,0,NORMAL,None,14.2,97.0
2026-09-01 00:57:00,IN-DELHI-01,22.3,87.9,25.8,990.9,298.8,-3.95,-2.83,11.94,12.89,3.08,14,449,1236,100,212,339.2,1535,88,135.4,-4.49,0,2,LANDSLIDE_PRECURSOR,Extreme,89.7,94.7
2026-09-01 00:57:05,IN-DELHI-01,22.2,89.5,25.7,986.1,338.7,1.14,-0.2,10.79,10.85,1.04,9,431,1291,100,336,604.8,1114,100,55.6,-13.47,1,1,FLASH_FLOOD,Severe,88.9,89.7
2026-09-01 00:57:10,IN-DELHI-01,27.0,60.2,29.7,999.2,228.3,1.01,-0.18,10.87,10.92,1.11,20,480,1808,81,512,998.4,3106,34,80.1,-1.61,0,5,WATER_CONTAMINATION,Severe,85.0,87.3
2026-09-01 00:57:15,IN-DELHI-01,20.6,85.6,23.0,994.4,269.0,3.67,2.24,11.06,11.86,2.05,11,438,1367,97,191,305.6,1582,86,106.8,-4.73,0,2,LANDSLIDE_PRECURSOR,Extreme,89.9,87.7
2026-09-01 00:57:20,IN-DELHI-01,25.4,92.5,31.0,990.7,300.5,1.19,-0.28,11.27,11.33,1.52,6,421,1352,98,206,370.8,1229,98,36.4,-10.71,0,1,FLASH_FLOOD,Severe,92.7,88.3
2026-09-01 00:57:25,IN-DELHI-01,30.8,57.4,34.9,1000.6,216.4,1.05,-0.19,10.76,10.82,1.01,0,400,4043,1,17,25.5,4060,1,181.0,-0.18,0,0,NORMAL,None,6.7,92.8
2026-09-01 00:57:30,IN-DELHI-01,25.8,66.8,28.7,1002.6,199.7,1.0,-0.16,10.78,10.82,1.01,18,472,2163,69,814,1587.3,3075,35,69.5,-2.07,1,5,WATER_CONTAMINATION,Severe,96.0,86.6
2026-09-01 00:57:35,IN-DELHI-01,22.7,97.2,27.2,983.7,359.3,1.08,-0.23,10.65,10.71,0.9,18,463,1320,99,400,720.0,1195,100,30.8,-6.38,0,1,FLASH_FLOOD,Severe,93.8,96.3
2026-09-01 00:57:40,IN-DELHI-01,29.9,50.0,32.5,1001.0,212.9,1.16,-0.15,10.69,10.75,0.94,0,400,4010,3,11,16.5,4079,0,189.6,0.14,0,0,NORMAL,None,10.3,97.1
2026-09-01 00:57:45,IN-DELHI-01,29.4,53.7,32.3,1001.0,213.2,1.0,-0.19,10.8,10.85,1.04,1,403,4082,0,4,6.0,4088,0,176.8,-0.13,0,0,NORMAL,None,4.9,94.1
2026-09-01 00:57:50,IN-DELHI-01,29.4,47.3,31.4,999.3,227.5,1.06,-0.24,10.66,10.72,0.91,1,403,4067,1,25,37.5,4095,0,174.8,-0.14,0,0,NORMAL,None,8.8,93.2
2026-09-01 00:57:55,IN-DELHI-01,23.6,91.5,28.1,986.0,339.3,1.04,-0.16,11.05,11.1,1.29,7,424,1403,96,268,482.4,1243,98,41.0,-12.77,0,1,FLASH_FLOOD,Severe,91.8,91.9
2026-09-01 00:58:00,IN-DELHI-01,43.0,18.3,43.9,995.6,258.7,1.02,-0.12,10.67,10.71,0.9,130,1505,4090,0,3,4.5,4095,0,187.5,0.0,0,3,WILDFIRE,Extreme,95.6,90.4
2026-09-01 00:58:05,IN-DELHI-01,20.4,89.3,23.1,996.4,251.9,-2.76,-1.79,10.31,10.82,1.01,10,435,1173,100,195,312.0,1735,81,132.8,-3.66,0,2,LANDSLIDE_PRECURSOR,Extreme,95.7,86.7
2026-09-01 00:58:10,IN-DELHI-01,25.9,47.8,26.8,1000.9,214.4,1.06,-0.15,10.52,10.57,0.76,1,403,4034,2,14,21.0,4028,2,179.6,0.09,0,0,NORMAL,None,17.0,92.3
2026-09-01 00:58:15,IN-DELHI-01,27.6,46.5,28.9,998.9,231.2,1.05,-0.13,10.78,10.83,1.02,0,400,4013,2,3,4.5,4095,0,184.5,0.06,0,0,NORMAL,None,15.1,98.1
2026-09-01 00:58:20,IN-DELHI-01,25.9,56.7,27.8,1001.7,207.7,1.01,-0.27,10.95,11.0,1.19,3,410,4057,1,12,18.0,4065,1,176.1,-0.08,0,0,NORMAL,None,15.7,97.5
2026-09-01 00:58:25,IN-DELHI-01,21.6,87.9,24.7,991.8,291.0,7.41,2.25,10.26,12.85,3.04,9,431,1293,100,193,308.8,1662,84,122.6,-0.96,0,2,LANDSLIDE_PRECURSOR,Extreme,90.4,96.4
2026-09-01 00:58:30,IN-DELHI-01,23.6,71.0,26.1,1000.2,220.2,1.04,-0.16,10.99,11.04,1.23,15,460,1978,75,523,1019.9,3528,19,59.9,-2.06,0,5,WATER_CONTAMINATION,Severe,85.4,94.8
2026-09-01 00:58:35,IN-DELHI-01,26.4,50.9,27.8,1002.5,200.6,1.01,-0.13,10.81,10.86,1.05,7,424,3983,4,8,12.0,4070,0,179.6,-0.15,0,0,NORMAL,None,15.3,92.3
2026-09-01 00:58:40,IN-DELHI-01,26.1,56.4,28.0,1005.3,177.3,1.16,-0.18,10.76,10.82,1.01,88,1456,3942,5,13,19.5,4049,1,176.4,0.0,0,4,HAZARDOUS_AIR_POLLUTION,Severe,82.6,94.4
2026-09-01 00:58:45,IN-DELHI-01,25.7,67.9,28.8,1003.2,194.7,1.12,-0.24,10.86,10.92,1.11,26,504,2154,69,679,1324.0,3524,19,75.0,-1.54,0,5,WATER_CONTAMINATION,Severe,91.5,86.7
2026-09-01 00:58:50,IN-DELHI-01,37.9,18.4,37.9,995.3,261.6,1.03,-0.2,10.84,10.89,1.08,101,1258,4095,0,2,3.0,4095,0,183.6,0.0,0,3,WILDFIRE,Severe,77.5,91.1
2026-09-01 00:58:55,IN-DELHI-01,27.0,66.3,30.5,1004.7,182.0,0.93,-0.13,10.72,10.76,0.95,124,1888,3948,5,16,24.0,4077,0,179.7,0.0,0,4,HAZARDOUS_AIR_POLLUTION,Severe,86.9,91.4
2026-09-01 00:59:00,IN-DELHI-01,19.0,68.3,19.6,1000.8,215.1,1.02,-0.17,10.98,11.02,1.21,27,508,1856,80,685,1335.8,3050,36,49.0,-1.64,0,5,WATER_CONTAMINATION,Severe,91.7,86.6
2026-09-01 00:59:05,IN-DELHI-01,23.4,88.9,27.4,984.1,355.9,1.09,-0.18,10.85,10.91,1.1,17,459,1403,96,292,525.6,1240,98,27.9,-11.63,0,1,FLASH_FLOOD,Extreme,94.4,94.1
2026-09-01 00:59:10,IN-DELHI-01,23.3,54.3,24.1,1001.3,210.5,1.04,-0.23,10.75,10.8,0.99,6,421,4066,1,1,1.5,4052,1,176.2,0.23,0,0,NORMAL,None,6.4,97.7
2026-09-01 00:59:15,IN-DELHI-01,24.6,56.1,26.0,1007.5,158.1,1.16,-0.16,10.75,10.81,1.0,167,2404,3956,4,23,34.5,4095,0,175.3,0.0,1,4,HAZARDOUS_AIR_POLLUTION,Severe,92.0,94.3
2026-09-01 00:59:20,IN-DELHI-01,25.4,84.5,30.1,993.1,279.7,5.97,2.46,9.97,11.88,2.07,14,449,1241,100,225,360.0,1429,92,126.3,-1.14,0,2,LANDSLIDE_PRECURSOR,Extreme,98.2,94.8
2026-09-01 00:59:25,IN-DELHI-01,22.7,71.3,24.8,1002.5,200.5,0.95,-0.15,10.75,10.79,0.98,23,492,2111,70,525,1023.8,3506,20,102.5,-0.66,0,5,WATER_CONTAMINATION,Severe,85.5,89.2
2026-09-01 00:59:30,IN-DELHI-01,22.6,42.4,22.6,1003.7,190.7,1.11,-0.2,10.82,10.88,1.07,219,3028,4028,2,15,22.5,4057,1,179.9,0.0,1,4,HAZARDOUS_AIR_POLLUTION,Extreme,98.3,90.8
2026-09-01 00:59:35,IN-DELHI-01,24.2,91.2,29.0,990.0,306.1,1.11,-0.32,10.59,10.66,0.85,0,400,1468,93,308,554.4,1192,100,67.0,-10.9,1,1,FLASH_FLOOD,Severe,86.6,94.8
2026-09-01 00:59:40,IN-DELHI-01,24.5,87.9,29.1,989.5,310.1,-1.54,-0.25,11.17,11.28,1.47,15,452,1340,98,234,374.4,1546,88,92.8,-2.13,1,2,LANDSLIDE_PRECURSOR,Extreme,93.9,86.7
2026-09-01 00:59:45,IN-DELHI-01,28.4,49.2,30.3,1002.1,204.4,0.96,-0.18,10.64,10.69,0.88,4,414,4095,0,2,3.0,4095,0,199.9,-0.02,1,0,NORMAL,None,12.6,94.9
2026-09-01 00:59:50,IN-DELHI-01,23.6,60.9,25.2,1005.4,176.0,1.09,-0.23,10.74,10.8,0.99,143,2116,3946,5,17,25.5,4067,0,185.6,0.0,1,4,HAZARDOUS_AIR_POLLUTION,Severe,89.2,96.3
2026-09-01 00:59:55,IN-DELHI-01,26.6,57.3,28.9,1002.0,204.9,1.11,-0.17,10.71,10.77,0.96,10,435,4095,0,17,25.5,4073,0,184.7,-0.09,1,0,NORMAL,None,4.7,92.1
2026-09-01 01:00:00,IN-DELHI-01,29.2,60.3,32.9,1006.5,166.7,1.04,-0.22,10.82,10.88,1.07,111,1732,4003,3,11,16.5,4060,1,177.3,0.0,1,4,HAZARDOUS_AIR_POLLUTION,Severe,85.3,96.0
2026-09-01 01:00:05,IN-DELHI-01,27.1,57.7,29.5,999.0,229.7,1.13,-0.19,10.83,10.89,1.08,15,452,4047,1,16,24.0,4085,0,185.6,-0.17,0,0,NORMAL,None,15.3,96.8
2026-09-01 01:00:10,IN-DELHI-01,29.8,60.3,33.8,1001.5,208.9,0.98,-0.13,10.8,10.84,1.03,1,403,4095,0,13,19.5,4036,2,184.9,0.22,0,0,NORMAL,None,15.3,97.6
2026-09-01 01:00:15,IN-DELHI-01,26.3,51.7,27.7,1001.2,211.7,1.11,-0.12,10.68,10.74,0.93,3,410,4011,3,11,16.5,4058,1,190.1,-0.18,0,0,NORMAL,None,3.7,94.5
2026-09-01 01:00:20,IN-DELHI-01,24.3,54.8,25.4,1002.1,203.6,0.96,-0.07,10.79,10.84,1.03,0,400,4080,0,0,0.0,4060,1,173.0,0.08,0,0,NORMAL,None,13.1,97.1
2026-09-01 01:00:25,IN-DELHI-01,22.7,85.7,26.1,990.6,300.9,5.06,2.8,10.34,11.84,2.03,12,442,1183,100,178,284.8,1593,86,138.2,-8.91,0,2,LANDSLIDE_PRECURSOR,Extreme,85.4,91.4
2026-09-01 01:00:30,IN-DELHI-01,25.4,87.9,30.4,989.6,309.7,1.07,0.03,10.75,10.8,0.99,17,459,1389,96,448,806.4,1200,100,33.8,-6.95,0,1,FLASH_FLOOD,Severe,93.2,92.4
2026-09-01 01:00:35,IN-DELHI-01,24.9,53.6,26.2,1001.2,211.4,1.1,-0.19,10.82,10.88,1.07,7,424,3998,3,13,19.5,4084,0,189.3,0.0,0,0,NORMAL,None,3.6,95.8
2026-09-01 01:00:40,IN-DELHI-01,22.9,90.9,26.9,982.8,367.0,0.97,-0.43,10.72,10.77,0.96,5,417,1375,97,334,601.2,1253,98,35.4,-11.41,0,1,FLASH_FLOOD,Severe,92.9,94.9
2026-09-01 01:00:45,IN-DELHI-01,18.2,84.5,19.7,990.4,302.3,5.2,1.13,11.02,12.24,2.43,17,459,1284,100,181,289.6,1460,91,164.6,-6.56,0,2,LANDSLIDE_PRECURSOR,Extreme,94.0,87.4
2026-09-01 01:00:50,IN-DELHI-01,25.6,55.7,27.2,1001.3,210.9,1.12,-0.15,10.78,10.84,1.03,1,403,4068,0,6,9.0,4049,1,180.8,0.37,0,0,NORMAL,None,8.4,95.6
2026-09-01 01:00:55,IN-DELHI-01,26.8,52.4,28.5,1000.8,215.1,1.02,-0.11,10.59,10.63,0.82,0,400,4030,2,17,25.5,4053,1,187.1,-0.38,0,0,NORMAL,None,14.3,94.1
2026-09-01 01:01:00,IN-DELHI-01,27.9,51.9,30.0,1000.4,218.3,1.11,-0.3,10.54,10.6,0.79,4,414,4049,1,18,27.0,4025,2,185.4,0.06,0,0,NORMAL,None,14.2,98.1
2026-09-01 01:01:05,IN-DELHI-01,28.5,55.3,31.2,1002.5,200.9,1.01,-0.14,10.96,11.01,1.2,5,417,4039,2,10,15.0,4067,0,185.5,-0.14,0,0,NORMAL,None,13.0,93.8
2026-09-01 01:01:10,IN-DELHI-01,23.1,90.7,27.1,984.2,354.9,1.21,-0.18,10.75,10.82,1.01,19,466,1302,99,333,599.4,1285,97,46.9,-12.99,0,1,FLASH_FLOOD,Severe,90.6,89.7
2026-09-01 01:01:15,IN-DELHI-01,38.8,22.0,39.5,998.6,233.3,0.99,-0.24,10.71,10.76,0.95,199,2091,4082,0,2,3.0,4095,0,191.5,0.0,0,3,WILDFIRE,Severe,80.8,92.8
2026-09-01 01:01:20,IN-DELHI-01,19.0,91.0,21.2,992.5,285.0,-0.98,-1.81,11.55,11.73,1.92,9,431,1298,100,217,347.2,1809,78,113.9,-4.38,0,2,LANDSLIDE_PRECURSOR,Extreme,88.6,92.9
2026-09-01 01:01:25,IN-DELHI-01,27.7,54.5,30.0,999.9,222.5,1.09,-0.15,10.74,10.8,0.99,2,407,4079,0,12,18.0,4058,1,184.1,-0.14,0,0,NORMAL,None,14.2,95.1
2026-09-01 01:01:30,IN-DELHI-01,24.6,65.0,26.8,1000.4,217.9,1.05,-0.21,10.78,10.84,1.03,19,476,1917,77,671,1308.5,3788,10,62.1,-2.04,0,5,WATER_CONTAMINATION,Severe,91.2,92.9
2026-09-01 01:01:35,IN-DELHI-01,25.3,65.9,27.9,1007.6,157.8,1.06,-0.14,10.78,10.83,1.02,142,2104,3898,7,5,7.5,4045,1,177.6,0.0,0,4,HAZARDOUS_AIR_POLLUTION,Severe,89.0,90.1
2026-09-01 01:01:40,IN-DELHI-01,24.0,90.6,28.6,992.2,287.4,1.26,0.02,10.58,10.65,0.84,14,449,1378,97,363,653.4,1159,100,60.2,-13.78,0,1,FLASH_FLOOD,Severe,88.0,97.4
2026-09-01 01:01:45,IN-DELHI-01,27.2,55.4,29.4,1004.4,185.0,1.0,-0.14,10.68,10.73,0.92,0,400,4095,0,7,10.5,4061,1,177.6,0.13,0,0,NORMAL,None,2.4,98.8
2026-09-01 01:01:50,IN-DELHI-01,41.3,10.0,41.3,995.4,260.3,1.12,-0.3,10.9,10.96,1.15,141,1598,4090,0,5,7.5,4095,0,189.9,0.0,0,3,WILDFIRE,Severe,89.4,96.5
2026-09-01 01:01:55,IN-DELHI-01,25.5,60.0,27.6,999.5,225.9,1.09,-0.18,10.66,10.71,0.9,15,460,1807,81,586,1142.7,3325,26,104.2,-2.85,0,5,WATER_CONTAMINATION,Severe,87.9,88.2
2026-09-01 01:02:00,IN-DELHI-01,40.0,17.6,40.0,994.5,268.0,1.13,-0.22,10.95,11.01,1.2,153,1700,4095,0,4,6.0,4095,0,188.2,0.0,0,3,WILDFIRE,Severe,84.9,95.4
2026-09-01 01:02:05,IN-DELHI-01,28.6,73.6,33.7,1004.1,187.5,1.12,-0.13,10.73,10.79,0.98,123,1876,3932,5,22,33.0,4081,0,186.8,0.0,0,4,HAZARDOUS_AIR_POLLUTION,Severe,86.8,98.0
2026-09-01 01:02:10,IN-DELHI-01,23.0,91.6,27.1,987.0,331.0,0.95,-0.35,10.84,10.88,1.07,13,445,1264,100,267,480.6,1181,100,58.8,-9.79,0,1,FLASH_FLOOD,Severe,88.2,94.9
2026-09-01 01:02:15,IN-DELHI-01,31.2,56.8,35.4,1003.5,192.1,1.11,-0.21,10.68,10.74,0.93,0,400,4095,0,5,7.5,4073,0,165.1,-0.27,0,0,NORMAL,None,17.6,95.5
2026-09-01 01:02:20,IN-DELHI-01,28.6,43.9,29.9,1002.8,197.9,0.92,-0.18,10.94,10.98,1.17,0,400,4049,1,0,0.0,4049,1,186.7,-0.15,0,0,NORMAL,None,17.3,98.2
2026-09-01 01:02:25,IN-DELHI-01,41.9,21.8,43.4,999.1,228.9,0.99,-0.25,10.85,10.9,1.09,125,1462,4084,0,1,1.5,4095,0,182.0,0.0,0,3,WILDFIRE,Severe,91.7,91.0
2026-09-01 01:02:30,IN-DELHI-01,27.0,74.3,31.4,999.9,222.7,0.94,-0.15,10.89,10.93,1.12,28,512,1911,78,475,926.2,3344,25,42.2,-2.28,1,5,WATER_CONTAMINATION,Severe,83.5,87.4
2026-09-01 01:02:35,IN-DELHI-01,24.0,88.4,28.3,993.0,281.0,-3.35,-3.2,10.79,11.75,1.94,8,428,1264,100,186,297.6,1497,89,135.2,-4.09,1,2,LANDSLIDE_PRECURSOR,Extreme,92.3,86.3
2026-09-01 01:02:40,IN-DELHI-01,23.3,88.6,27.3,986.5,335.8,1.02,0.01,10.66,10.71,0.9,12,442,1329,98,247,444.6,1326,95,71.9,-9.19,0,1,FLASH_FLOOD,Severe,85.6,90.4
2026-09-01 01:02:45,IN-DELHI-01,29.3,55.1,32.3,1001.1,212.0,1.02,-0.1,10.74,10.79,0.98,5,417,4095,0,16,24.0,4069,0,178.9,-0.06,0,0,NORMAL,None,4.5,98.0
2026-09-01 01:02:50,IN-DELHI-01,21.8,92.6,25.5,991.2,295.6,1.01,-0.09,10.65,10.7,0.89,9,431,1355,98,311,559.8,1226,99,46.9,-10.15,1,1,FLASH_FLOOD,Severe,90.6,93.8
2026-09-01 01:02:55,IN-DELHI-01,25.6,61.0,27.9,999.8,223.7,1.11,-0.09,10.65,10.71,0.9,27,508,1606,89,647,1261.6,2782,45,71.6,-0.97,0,5,WATER_CONTAMINATION,Severe,90.2,89.0
2026-09-01 01:03:00,IN-DELHI-01,29.5,50.4,32.0,1000.6,216.7,1.25,-0.14,10.63,10.7,0.89,0,400,4061,1,3,4.5,4055,1,181.2,0.03,0,0,NORMAL,None,15.7,93.6
2026-09-01 01:03:05,IN-DELHI-01,23.9,66.6,26.1,1001.1,212.1,0.98,-0.22,10.8,10.85,1.04,22,488,1931,77,585,1140.8,3549,18,57.5,-0.97,0,5,WATER_CONTAMINATION,Severe,87.8,90.8
2026-09-01 01:03:10,IN-DELHI-01,22.5,93.9,26.5,994.6,267.0,-2.87,-2.28,11.09,11.68,1.87,13,445,1298,100,267,427.2,1635,84,154.8,-6.39,0,2,LANDSLIDE_PRECURSOR,Extreme,86.6,95.3
2026-09-01 01:03:15,IN-DELHI-01,24.0,63.8,25.9,999.1,229.1,0.97,-0.24,10.82,10.86,1.05,19,476,1780,82,668,1302.6,2987,38,58.2,-2.15,0,5,WATER_CONTAMINATION,Severe,91.1,87.6
2026-09-01 01:03:20,IN-DELHI-01,41.7,18.0,42.1,998.4,234.8,0.99,-0.2,10.52,10.57,0.76,150,1675,4093,0,3,4.5,4095,0,183.4,0.0,0,3,WILDFIRE,Severe,90.9,88.8
2026-09-01 01:03:25,IN-DELHI-01,31.9,52.4,35.7,999.2,228.4,1.18,-0.11,10.65,10.72,0.91,6,421,4094,0,10,15.0,4078,0,182.7,0.13,0,0,NORMAL,None,14.3,95.3
2026-09-01 01:03:30,IN-DELHI-01,24.9,69.8,27.8,1005.1,179.1,1.03,-0.13,10.89,10.94,1.13,177,2524,3894,7,11,16.5,4052,1,193.6,0.0,0,4,HAZARDOUS_AIR_POLLUTION,Severe,93.2,96.7
2026-09-01 01:03:35,IN-DELHI-01,23.6,67.5,25.8,999.7,224.1,1.04,-0.06,10.79,10.84,1.03,14,456,1799,82,786,1532.7,3345,25,56.2,-1.87,0,5,WATER_CONTAMINATION,Severe,95.7,85.1
2026-09-01 01:03:40,IN-DELHI-01,24.2,91.4,28.9,992.8,282.7,-4.85,-3.25,10.54,12.05,2.24,9,431,1272,100,187,299.2,1513,89,143.8,-3.55,0,2,LANDSLIDE_PRECURSOR,Extreme,87.8,88.3
2026-09-01 01:03:45,IN-DELHI-01,20.5,85.4,22.9,992.6,283.7,-2.67,-1.25,10.53,10.93,1.12,7,424,1293,100,217,347.2,1484,90,101.7,-2.06,0,2,LANDSLIDE_PRECURSOR,Extreme,93.5,89.9
2026-09-01 01:03:50,IN-DELHI-01,26.4,55.9,28.3,1001.4,210.1,0.97,-0.2,10.72,10.77,0.96,8,428,4088,0,24,36.0,4094,0,180.6,-0.28,0,0,NORMAL,None,11.4,96.0
2026-09-01 01:03:55,IN-DELHI-01,42.9,19.2,44.0,994.3,270.1,0.99,-0.19,10.86,10.91,1.1,118,1403,4086,0,5,7.5,4095,0,186.5,0.0,0,3,WILDFIRE,Extreme,95.2,94.8
2026-09-01 01:04:00,IN-DELHI-01,24.1,92.2,28.9,988.6,317.9,0.87,-0.17,10.95,10.99,1.18,14,449,1406,96,362,651.6,1439,91,43.6,-7.75,0,1,FLASH_FLOOD,Severe,91.3,89.3
2026-09-01 01:04:05,IN-DELHI-01,23.9,65.2,25.9,1005.4,175.9,1.05,-0.29,10.71,10.77,0.96,152,2224,3979,4,13,19.5,4061,1,171.1,0.0,0,4,HAZARDOUS_AIR_POLLUTION,Severe,90.2,94.2
2026-09-01 01:04:10,IN-DELHI-01,41.4,17.4,41.6,997.6,242.1,1.08,-0.17,10.71,10.76,0.95,114,1369,4090,0,9,13.5,4095,0,191.1,0.0,0,3,WILDFIRE,Severe,89.9,94.2
2026-09-01 01:04:15,IN-DELHI-01,25.6,52.1,26.9,999.0,230.5,0.99,-0.16,10.51,10.56,0.75,5,417,4071,0,8,12.0,4063,1,178.2,-0.11,0,0,NORMAL,None,13.1,97.7
2026-09-01 01:04:20,IN-DELHI-01,23.4,85.7,27.2,991.2,296.2,4.56,1.2,11.9,12.8,2.99,11,438,1311,99,203,324.8,1489,90,98.6,-3.22,0,2,LANDSLIDE_PRECURSOR,Extreme,93.0,89.7
2026-09-01 01:04:25,IN-DELHI-01,25.7,65.9,28.5,1001.2,211.8,1.0,-0.18,10.77,10.82,1.01,9,436,1692,85,645,1257.8,2771,45,85.4,-1.7,0,5,WATER_CONTAMINATION,Severe,90.2,87.3
2026-09-01 01:04:30,IN-DELHI-01,27.8,54.6,30.2,1001.9,205.9,1.05,-0.09,10.65,10.7,0.89,0,400,4095,0,0,0.0,4095,0,193.9,0.3,0,0,NORMAL,None,5.3,92.3
2026-09-01 01:04:35,IN-DELHI-01,22.6,86.1,26.0,992.9,281.7,6.92,3.22,9.31,12.04,2.23,11,438,1253,100,217,347.2,1683,83,180.0,-4.11,0,2,LANDSLIDE_PRECURSOR,Extreme,90.8,88.2
2026-09-01 01:04:40,IN-DELHI-01,25.8,53.3,27.3,999.9,222.4,1.05,-0.15,10.74,10.79,0.98,6,421,4051,1,0,0.0,4093,0,171.7,0.29,0,0,NORMAL,None,8.9,97.9
2026-09-01 01:04:45,IN-DELHI-01,23.2,97.6,28.0,985.3,345.4,0.89,-0.18,10.78,10.82,1.01,21,473,1328,98,332,597.6,1236,98,51.5,-14.29,1,1,FLASH_FLOOD,Severe,89.7,92.9
2026-09-01 01:04:50,IN-DELHI-01,26.5,44.8,27.2,1003.0,196.4,1.1,-0.12,10.62,10.68,0.87,1,403,4032,2,11,16.5,4091,0,196.5,0.24,0,0,NORMAL,None,4.9,98.2
2026-09-01 01:04:55,IN-DELHI-01,26.9,52.3,28.6,1000.7,215.7,1.07,-0.12,10.59,10.64,0.83,3,410,4095,0,11,16.5,4070,0,189.8,0.03,0,0,NORMAL,None,4.3,94.9
2026-09-01 01:05:00,IN-DELHI-01,39.4,20.8,39.9,996.0,255.8,1.04,-0.03,10.77,10.82,1.01,194,2049,4095,0,8,12.0,4095,0,191.0,0.0,0,3,WILDFIRE,Severe,82.8,96.4
2026-09-01 01:05:05,IN-DELHI-01,37.5,20.2,37.5,997.0,246.8,1.05,-0.33,10.78,10.83,1.02,118,1403,4092,0,0,0.0,4095,0,185.5,0.0,0,3,WILDFIRE,Severe,76.1,88.1
2026-09-01 01:05:10,IN-DELHI-01,22.0,81.2,24.7,992.5,284.8,-3.8,-2.29,12.01,12.8,2.99,11,438,1208,100,208,332.8,1789,79,130.0,-2.48,0,2,LANDSLIDE_PRECURSOR,Extreme,89.2,93.5
2026-09-01 01:05:15,IN-DELHI-01,20.9,84.3,23.5,988.0,323.2,-3.27,-2.24,11.19,11.87,2.06,11,438,1192,100,219,350.4,1348,94,103.6,-6.62,0,2,LANDSLIDE_PRECURSOR,Extreme,85.2,92.7
2026-09-01 01:05:20,IN-DELHI-01,28.3,55.4,31.0,999.8,223.7,1.01,-0.23,10.89,10.94,1.13,6,421,4016,2,6,9.0,4076,0,191.5,-0.07,0,0,NORMAL,None,14.3,98.5
2026-09-01 01:05:25,IN-DELHI-01,22.8,94.9,27.2,988.0,323.1,0.95,0.04,10.83,10.87,1.06,8,428,1447,94,376,676.8,1254,98,31.0,-11.76,1,1,FLASH_FLOOD,Severe,93.8,93.2
2026-09-01 01:05:30,IN-DELHI-01,25.6,52.7,27.0,1002.3,202.2,1.13,-0.13,10.68,10.74,0.93,1,403,4095,0,0,0.0,4092,0,194.2,0.15,0,0,NORMAL,None,8.4,98.6
2026-09-01 01:05:35,IN-DELHI-01,23.2,94.3,27.6,992.1,288.5,5.52,2.13,9.36,11.07,1.26,10,435,1277,100,171,273.6,1563,87,103.9,-10.43,1,2,LANDSLIDE_PRECURSOR,Extreme,87.2,93.1
2026-09-01 01:05:40,IN-DELHI-01,23.7,55.8,24.7,1007.7,157.1,0.95,-0.11,10.94,10.99,1.18,98,1576,3923,6,11,16.5,4095,0,184.0,0.0,0,4,HAZARDOUS_AIR_POLLUTION,Severe,83.8,98.3
2026-09-01 01:05:45,IN-DELHI-01,21.5,86.1,24.5,992.2,287.1,3.54,1.83,9.81,10.59,0.78,20,470,1193,100,153,244.8,1734,81,138.2,-1.7,0,2,LANDSLIDE_PRECURSOR,Extreme,96.3,96.0
2026-09-01 01:05:50,IN-DELHI-01,30.1,49.9,32.8,1001.4,209.5,0.96,-0.14,10.75,10.79,0.98,1,403,4082,0,13,19.5,4066,1,172.8,0.14,0,0,NORMAL,None,12.8,93.4
2026-09-01 01:05:55,IN-DELHI-01,26.1,45.3,26.8,1001.6,208.2,1.05,-0.19,10.8,10.85,1.04,3,410,3999,3,11,16.5,4066,1,185.4,-0.01,1,0,NORMAL,None,17.7,98.4
2026-09-01 01:06:00,IN-DELHI-01,21.7,98.2,25.7,983.7,359.2,1.36,-0.13,10.79,10.88,1.07,21,473,1317,99,333,599.4,1212,99,15.0,-15.39,0,1,FLASH_FLOOD,Extreme,97.0,88.8
2026-09-01 01:06:05,IN-DELHI-01,25.1,62.6,27.3,999.5,225.7,0.96,-0.1,10.66,10.71,0.9,8,432,2083,71,593,1156.3,2746,46,42.5,-1.74,0,5,WATER_CONTAMINATION,Severe,88.1,87.5
2026-09-01 01:06:10,IN-DELHI-01,24.8,85.5,29.3,994.9,264.9,7.27,2.93,11.03,13.53,3.72,9,431,1219,100,221,353.6,1566,87,121.1,-3.39,0,2,LANDSLIDE_PRECURSOR,Extreme,96.7,89.9
2026-09-01 01:06:15,IN-DELHI-01,38.1,21.1,38.4,995.1,263.4,1.09,-0.17,10.82,10.87,1.06,83,1105,4087,0,6,9.0,4095,0,190.9,0.0,0,3,WILDFIRE,Severe,78.4,94.8
2026-09-01 01:06:20,IN-DELHI-01,41.2,15.4,41.2,997.8,239.8,1.05,-0.24,10.79,10.85,1.04,65,952,4076,0,2,3.0,4095,0,194.8,0.0,0,3,WILDFIRE,Severe,89.1,95.6
2026-09-01 01:06:25,IN-DELHI-01,24.3,65.5,26.5,1005.3,176.9,1.09,-0.12,10.71,10.77,0.96,189,2668,3970,4,16,24.0,4019,2,182.8,0.0,1,4,HAZARDOUS_AIR_POLLUTION,Extreme,94.7,95.8
2026-09-01 01:06:30,IN-DELHI-01,23.9,92.6,28.6,987.3,329.1,1.11,-0.61,10.94,11.02,1.21,13,445,1456,94,341,613.8,1374,93,29.8,-13.4,0,1,FLASH_FLOOD,Extreme,94.0,91.3
2026-09-01 01:06:35,IN-DELHI-01,29.5,44.7,31.2,1000.2,220.3,1.15,-0.19,10.52,10.59,0.78,1,403,4057,1,7,10.5,4064,1,172.2,-0.07,0,0,NORMAL,None,8.1,93.9
2026-09-01 01:06:40,IN-DELHI-01,26.9,63.5,30.0,1001.1,212.0,0.99,-0.16,10.78,10.83,1.02,23,492,2016,74,627,1222.6,3045,36,89.9,-1.92,0,5,WATER_CONTAMINATION,Severe,89.5,86.8
2026-09-01 01:06:45,IN-DELHI-01,24.4,60.7,26.1,1004.9,180.6,1.13,-0.14,10.82,10.88,1.07,131,1972,3974,4,27,40.5,4040,1,179.0,0.0,0,4,HAZARDOUS_AIR_POLLUTION,Severe,87.7,90.9
2026-09-01 01:06:50,IN-DELHI-01,26.5,58.4,28.8,1000.4,218.6,1.14,-0.01,10.92,10.98,1.17,18,472,1918,77,464,904.8,3045,36,66.9,-0.58,0,5,WATER_CONTAMINATION,Severe,83.1,94.8
2026-09-01 01:06:55,IN-DELHI-01,28.9,48.6,30.9,1001.3,211.1,1.01,-0.22,11.05,11.1,1.29,7,424,4012,2,10,15.0,4002,3,173.3,0.03,0,0,NORMAL,None,8.4,96.0
2026-09-01 01:07:00,IN-DELHI-01,23.7,92.9,28.3,984.1,355.9,1.35,-0.23,10.79,10.87,1.06,18,463,1464,94,250,450.0,1219,99,60.3,-10.68,0,1,FLASH_FLOOD,Severe,87.9,97.4
2026-09-01 01:07:05,IN-DELHI-01,27.2,53.7,29.3,999.5,226.0,1.2,-0.1,10.94,11.0,1.19,3,410,4045,1,18,27.0,4092,0,182.9,0.14,0,0,NORMAL,None,17.6,97.7
2026-09-01 01:07:10,IN-DELHI-01,25.2,53.3,26.5,1002.6,200.0,1.09,-0.24,10.75,10.81,1.0,12,442,4071,0,16,24.0,4063,1,181.1,-0.17,0,0,NORMAL,None,12.9,92.5
2026-09-01 01:07:15,IN-DELHI-01,28.0,67.4,32.0,1002.4,201.9,1.06,-0.19,10.67,10.73,0.92,15,460,1908,78,561,1094.0,2790,45,86.1,-1.95,0,5,WATER_CONTAMINATION,Severe,86.9,87.3
2026-09-01 01:07:20,IN-DELHI-01,24.6,89.8,29.4,991.6,292.6,6.8,2.54,10.79,13.0,3.19,6,421,1282,100,204,326.4,1733,81,138.8,-3.3,0,2,LANDSLIDE_PRECURSOR,Extreme,95.8,96.4
2026-09-01 01:07:25,IN-DELHI-01,28.5,62.2,32.1,1001.5,209.0,1.04,-0.23,10.85,10.9,1.09,4,414,4069,0,5,7.5,4036,2,176.2,0.12,0,0,NORMAL,None,4.9,94.2
2026-09-01 01:07:30,IN-DELHI-01,26.5,43.1,27.1,1000.2,219.7,1.05,-0.22,10.8,10.85,1.04,16,456,4028,2,5,7.5,4070,0,173.5,0.2,0,0,NORMAL,None,2.9,94.6
2026-09-01 01:07:35,IN-DELHI-01,27.8,65.1,31.5,1001.0,212.9,1.12,-0.18,10.68,10.74,0.93,3,410,4095,0,8,12.0,4075,0,186.7,0.19,0,0,NORMAL,None,10.6,98.8
2026-09-01 01:07:40,IN-DELHI-01,30.3,44.8,32.3,999.7,224.0,0.99,-0.11,10.63,10.68,0.87,8,428,4058,1,13,19.5,4072,0,180.4,0.18,0,0,NORMAL,None,17.1,97.7
2026-09-01 01:07:45,IN-DELHI-01,23.4,94.3,27.9,987.5,326.9,1.02,-0.37,10.84,10.9,1.09,15,452,1362,97,347,624.6,1198,100,34.3,-17.42,0,1,FLASH_FLOOD,Severe,93.1,95.4
2026-09-01 01:07:50,IN-DELHI-01,28.2,51.2,30.3,1000.6,216.5,1.05,-0.15,10.89,10.94,1.13,6,421,4039,2,12,18.0,4071,0,190.0,-0.02,0,0,NORMAL,None,12.6,97.3
2026-09-01 01:07:55,IN-DELHI-01,43.7,20.1,45.2,996.2,253.9,0.99,-0.27,10.73,10.78,0.97,90,1165,4083,0,2,3.0,4095,0,187.2,0.0,0,3,WILDFIRE,Extreme,97.8,91.9
2026-09-01 01:08:00,IN-DELHI-01,26.8,58.1,29.2,1000.0,221.4,1.09,-0.25,10.76,10.82,1.01,1,403,4015,2,10,15.0,4034,2,182.2,-0.05,1,0,NORMAL,None,15.3,93.3
2026-09-01 01:08:05,IN-DELHI-01,30.2,49.9,32.8,1002.5,200.7,1.13,-0.22,10.63,10.69,0.88,3,410,4005,3,14,21.0,4074,0,188.8,0.36,1,0,NORMAL,None,15.2,98.1
2026-09-01 01:08:10,IN-DELHI-01,21.5,67.5,22.9,998.3,236.2,1.04,-0.15,10.77,10.82,1.01,15,460,1930,77,637,1242.1,3502,20,65.3,-2.41,0,5,WATER_CONTAMINATION,Severe,89.8,91.1
2026-09-01 01:08:15,IN-DELHI-01,28.6,50.6,30.7,1000.0,221.8,0.88,-0.14,10.75,10.79,0.98,6,421,4095,0,0,0.0,4095,0,180.9,-0.2,1,0,NORMAL,None,4.3,93.7
2026-09-01 01:08:20,IN-DELHI-01,29.4,61.3,33.4,1010.1,136.9,1.0,-0.25,10.82,10.87,1.06,140,2080,4040,1,10,15.0,4077,0,177.4,0.0,1,4,HAZARDOUS_AIR_POLLUTION,Severe,88.8,97.0
2026-09-01 01:08:25,IN-DELHI-01,22.5,99.0,27.1,989.2,312.9,0.95,-0.36,10.65,10.7,0.89,7,424,1406,96,249,448.2,1284,97,49.3,-7.58,1,1,FLASH_FLOOD,Severe,90.1,96.6
2026-09-01 01:08:30,IN-DELHI-01,24.0,89.8,28.5,993.8,274.0,5.54,1.3,12.86,14.06,4.25,11,438,1355,98,154,246.4,1778,80,132.8,-3.19,0,2,LANDSLIDE_PRECURSOR,Extreme,87.8,91.4
2026-09-01 01:08:35,IN-DELHI-01,26.7,52.4,28.3,1001.3,210.7,1.2,-0.14,10.94,11.0,1.19,6,421,4052,1,18,27.0,4059,1,183.5,-0.04,0,0,NORMAL,None,14.3,93.3
2026-09-01 01:08:40,IN-DELHI-01,27.2,51.8,29.0,1000.6,216.3,1.1,-0.18,10.81,10.86,1.05,0,400,4029,2,0,0.0,4080,0,188.4,0.05,0,0,NORMAL,None,10.1,93.6
2026-09-01 01:08:45,IN-DELHI-01,27.3,70.3,31.3,1002.6,199.6,1.1,-0.15,10.78,10.84,1.03,109,1708,3969,4,27,40.5,4095,0,187.1,0.0,0,4,HAZARDOUS_AIR_POLLUTION,Severe,85.1,94.5
2026-09-01 01:08:50,IN-DELHI-01,27.3,60.2,30.2,1003.2,195.1,1.04,-0.17,10.87,10.92,1.11,124,1888,3983,4,15,22.5,4078,0,181.8,0.0,0,4,HAZARDOUS_AIR_POLLUTION,Severe,86.9,97.3
2026-09-01 01:08:55,IN-DELHI-01,23.4,63.4,25.0,1003.3,193.6,1.1,-0.08,10.64,10.69,0.88,16,464,1784,82,530,1033.5,2945,39,69.7,-2.71,0,5,WATER_CONTAMINATION,Severe,85.7,88.5
2026-09-01 01:09:00,IN-DELHI-01,20.6,65.8,21.5,1007.3,160.4,1.12,-0.2,10.79,10.85,1.04,143,2116,3958,4,44,66.0,4044,1,183.5,0.0,1,4,HAZARDOUS_AIR_POLLUTION,Severe,89.2,96.8
2026-09-01 01:09:05,IN-DELHI-01,26.3,56.5,28.4,1001.3,210.5,1.16,-0.26,10.81,10.88,1.07,3,410,4048,1,11,16.5,4089,0,187.8,-0.11,0,0,NORMAL,None,17.2,95.2
2026-09-01 01:09:10,IN-DELHI-01,22.4,95.7,26.6,987.7,325.2,1.01,-0.18,10.91,10.96,1.15,17,459,1464,94,282,507.6,1162,100,63.4,-15.09,0,1,FLASH_FLOOD,Severe,87.3,91.9
2026-09-01 01:09:15,IN-DELHI-01,25.1,67.6,27.9,1003.8,189.8,1.07,-0.28,10.81,10.87,1.06,237,3244,3955,5,10,15.0,4066,1,174.5,0.0,0,4,HAZARDOUS_AIR_POLLUTION,Extreme,99.0,98.0
2026-09-01 01:09:20,IN-DELHI-01,25.2,89.6,30.3,994.2,271.0,-3.08,-2.52,10.71,11.43,1.62,6,421,1305,99,253,404.8,1618,85,115.7,-5.91,0,2,LANDSLIDE_PRECURSOR,Extreme,86.8,95.8
2026-09-01 01:09:25,IN-DELHI-01,23.7,89.1,28.0,985.3,345.7,0.91,-0.24,10.88,10.92,1.11,14,449,1361,97,324,583.2,1382,93,27.5,-13.24,0,1,FLASH_FLOOD,Extreme,94.5,91.4
2026-09-01 01:09:30,IN-DELHI-01,25.7,70.0,28.9,1002.0,204.7,1.09,-0.22,10.85,10.91,1.1,14,456,1996,75,509,992.5,3116,33,55.7,-0.67,0,5,WATER_CONTAMINATION,Severe,84.8,86.5
2026-09-01 01:09:35,IN-DELHI-01,23.4,93.7,27.9,995.3,261.6,3.36,1.13,12.42,12.92,3.11,11,438,1381,97,157,251.2,1559,87,119.4,-7.16,1,2,LANDSLIDE_PRECURSOR,Extreme,90.3,90.0
2026-09-01 01:09:40,IN-DELHI-01,28.5,52.6,30.9,999.4,226.6,1.13,-0.18,10.6,10.67,0.86,2,407,4066,1,16,24.0,4072,0,179.0,-0.12,0,0,NORMAL,None,3.4,94.6
2026-09-01 01:09:45,IN-DELHI-01,28.5,54.9,31.2,1000.5,217.8,1.08,-0.07,10.74,10.79,0.98,4,414,4079,0,8,12.0,4058,1,165.4,0.18,0,0,NORMAL,None,2.3,98.2
2026-09-01 01:09:50,IN-DELHI-01,23.2,91.3,27.4,991.9,290.1,4.06,2.12,11.85,12.71,2.9,9,431,1292,100,212,339.2,1608,85,148.8,-6.02,1,2,LANDSLIDE_PRECURSOR,Extreme,95.5,94.0
2026-09-01 01:09:55,IN-DELHI-01,22.6,86.3,26.0,990.3,303.2,-0.94,-1.77,10.73,10.91,1.1,11,438,1208,100,279,446.4,1572,87,134.1,-5.46,0,2,LANDSLIDE_PRECURSOR,Extreme,96.2,95.0
2026-09-01 01:10:00,IN-DELHI-01,19.5,85.3,21.6,993.1,279.8,5.3,2.1,10.5,11.94,2.13,20,470,1296,100,211,337.6,1538,88,113.3,-4.98,0,2,LANDSLIDE_PRECURSOR,Extreme,96.3,87.1
2026-09-01 01:10:05,IN-DELHI-01,27.5,52.7,29.5,1001.4,209.9,1.0,-0.2,10.79,10.84,1.03,5,417,4057,1,9,13.5,4051,1,184.2,-0.03,0,0,NORMAL,None,17.5,98.8
2026-09-01 01:10:10,IN-DELHI-01,29.1,54.5,31.9,1006.7,165.0,1.07,-0.19,10.69,10.74,0.93,159,2308,3961,4,31,46.5,4086,0,188.9,0.0,1,4,HAZARDOUS_AIR_POLLUTION,Severe,91.1,90.4
2026-09-01 01:10:15,IN-DELHI-01,27.6,47.2,29.0,1002.1,204.0,1.1,-0.08,10.71,10.77,0.96,4,414,4010,3,0,0.0,4076,0,170.3,-0.16,0,0,NORMAL,None,10.1,92.6
2026-09-01 01:10:20,IN-DELHI-01,27.2,61.2,30.1,1000.3,219.1,1.03,-0.11,10.89,10.94,1.13,0,400,4084,0,1,1.5,4072,0,188.9,0.06,0,0,NORMAL,None,12.2,93.5
2026-09-01 01:10:25,IN-DELHI-01,26.2,55.3,28.0,999.3,228.0,0.94,-0.2,10.84,10.88,1.07,5,417,4044,1,11,16.5,4072,0,175.7,0.2,0,0,NORMAL,None,15.1,92.6
2026-09-01 01:10:30,IN-DELHI-01,26.6,64.8,29.6,1003.7,190.8,1.04,-0.22,10.89,10.94,1.13,29,516,1757,83,400,780.0,2654,49,43.7,-2.04,0,5,WATER_CONTAMINATION,Severe,80.6,88.6
2026-09-01 01:10:35,IN-DELHI-01,21.0,90.2,24.0,989.2,312.4,-2.19,-1.39,12.23,12.5,2.69,5,417,1329,98,187,299.2,1822,78,151.0,-4.69,0,2,LANDSLIDE_PRECURSOR,Extreme,91.5,87.6
2026-09-01 01:10:40,IN-DELHI-01,25.0,62.8,27.2,1002.0,205.1,1.06,-0.24,11.0,11.05,1.24,15,460,1765,83,814,1587.3,3254,29,64.2,-1.92,0,5,WATER_CONTAMINATION,Severe,96.0,86.8
2026-09-01 01:10:45,IN-DELHI-01,29.5,52.5,32.3,1000.9,214.1,1.1,-0.22,10.75,10.81,1.0,7,424,4067,1,6,9.0,4080,0,190.9,-0.16,0,0,NORMAL,None,9.8,96.7
2026-09-01 01:10:50,IN-DELHI-01,23.0,94.1,27.4,987.8,324.7,1.03,-0.06,10.77,10.82,1.01,17,459,1451,94,288,518.4,1239,98,46.5,-13.23,0,1,FLASH_FLOOD,Severe,90.7,94.5
2026-09-01 01:10:55,IN-DELHI-01,23.0,84.4,26.4,990.1,305.3,4.0,2.32,11.73,12.61,2.8,15,452,1271,100,221,353.6,1527,88,142.1,-1.13,0,2,LANDSLIDE_PRECURSOR,Extreme,97.6,92.7
2026-09-01 01:11:00,IN-DELHI-01,21.1,89.0,24.0,989.3,312.1,7.48,1.39,11.03,13.4,3.59,6,421,1339,98,186,297.6,1401,93,104.4,-3.99,0,2,LANDSLIDE_PRECURSOR,Extreme,89.4,95.2
2026-09-01 01:11:05,IN-DELHI-01,24.5,93.0,29.6,984.5,352.3,1.24,-0.12,10.5,10.57,0.76,7,424,1395,96,309,556.2,1126,100,54.7,-11.78,1,1,FLASH_FLOOD,Severe,89.1,96.1
2026-09-01 01:11:10,IN-DELHI-01,26.1,48.8,27.2,1001.1,212.1,1.13,-0.18,10.64,10.7,0.89,6,421,4019,2,16,24.0,4063,1,176.3,0.29,0,0,NORMAL,None,15.0,93.3
2026-09-01 01:11:15,IN-DELHI-01,40.0,16.5,40.0,1000.5,217.7,1.11,-0.26,10.73,10.79,0.98,120,1420,4092,0,2,3.0,4095,0,180.5,0.0,0,3,WILDFIRE,Severe,85.2,89.2
2026-09-01 01:11:20,IN-DELHI-01,24.7,93.7,30.0,988.1,322.2,1.04,-0.5,10.89,10.95,1.14,18,463,1417,95,256,460.8,1215,99,45.5,-14.17,1,1,FLASH_FLOOD,Severe,90.9,90.6
2026-09-01 01:11:25,IN-DELHI-01,23.8,65.5,25.9,999.6,224.7,1.02,-0.16,10.75,10.8,0.99,16,464,2081,72,750,1462.5,3713,13,67.1,-1.37,0,5,WATER_CONTAMINATION,Severe,94.2,88.2
2026-09-01 01:11:30,IN-DELHI-01,25.9,59.6,28.1,1002.0,205.2,1.06,-0.25,10.69,10.74,0.93,8,428,4095,0,13,19.5,4074,0,183.9,0.08,0,0,NORMAL,None,17.0,93.6
2026-09-01 01:11:35,IN-DELHI-01,25.4,65.0,28.0,1002.3,202.3,1.11,-0.16,10.83,10.89,1.08,22,488,2072,72,663,1292.8,3333,26,43.1,-1.83,1,5,WATER_CONTAMINATION,Severe,90.9,86.6
2026-09-01 01:11:40,IN-DELHI-01,24.8,71.3,27.7,1000.3,219.5,1.06,-0.11,10.72,10.77,0.96,19,476,1970,76,554,1080.3,3437,22,73.3,-1.45,0,5,WATER_CONTAMINATION,Severe,86.6,90.0
2026-09-01 01:11:45,IN-DELHI-01,23.7,89.8,28.0,990.3,303.4,0.97,-0.1,10.79,10.83,1.02,15,452,1336,98,269,484.2,1295,96,50.0,-10.04,0,1,FLASH_FLOOD,Severe,90.0,91.3
2026-09-01 01:11:50,IN-DELHI-01,27.8,48.2,29.4,1000.4,218.0,1.09,-0.2,10.78,10.84,1.03,9,431,4092,0,9,13.5,4053,1,174.1,-0.06,0,0,NORMAL,None,5.2,96.3
2026-09-01 01:11:55,IN-DELHI-01,23.9,99.0,29.1,985.2,346.7,1.23,-0.35,10.86,10.93,1.12,21,473,1331,98,324,583.2,1199,100,58.5,-10.25,1,1,FLASH_FLOOD,Severe,88.3,96.9
2026-09-01 01:12:00,IN-DELHI-01,28.2,57.6,31.1,1001.0,213.6,0.9,-0.24,10.53,10.57,0.76,6,421,4042,1,11,16.5,4051,1,175.6,0.09,0,0,NORMAL,None,7.0,93.5
2026-09-01 01:12:05,IN-DELHI-01,26.6,54.0,28.4,1000.4,218.6,1.12,-0.2,10.59,10.65,0.84,3,410,4095,0,13,19.5,4090,0,176.7,-0.05,0,0,NORMAL,None,15.7,93.7
2026-09-01 01:12:10,IN-DELHI-01,26.0,62.1,28.6,1006.6,166.3,1.05,-0.14,10.76,10.81,1.0,203,2836,3980,4,12,18.0,4009,2,183.9,0.0,0,4,HAZARDOUS_AIR_POLLUTION,Extreme,96.4,98.3
2026-09-01 01:12:15,IN-DELHI-01,26.0,69.4,29.3,1000.5,217.5,1.04,-0.17,10.77,10.83,1.02,5,420,1854,80,701,1367.0,3862,8,54.0,-1.33,0,5,WATER_CONTAMINATION,Severe,92.3,92.4
2026-09-01 01:12:20,IN-DELHI-01,24.4,65.3,26.6,1002.4,201.3,1.09,-0.19,10.87,10.93,1.12,201,2812,3889,7,19,28.5,4054,1,176.2,0.0,1,4,HAZARDOUS_AIR_POLLUTION,Extreme,96.1,94.8
2026-09-01 01:12:25,IN-DELHI-01,27.4,49.4,29.0,1002.7,199.3,1.1,-0.11,10.78,10.83,1.02,7,424,3969,4,18,27.0,4064,1,181.0,0.24,0,0,NORMAL,None,6.5,95.4
2026-09-01 01:12:30,IN-DELHI-01,28.7,55.5,31.5,1001.1,212.0,1.09,-0.21,10.74,10.8,0.99,4,414,4050,1,17,25.5,4042,1,166.1,0.15,0,0,NORMAL,None,5.7,97.9
2026-09-01 01:12:35,IN-DELHI-01,27.3,53.9,29.4,999.5,225.9,1.16,-0.24,10.72,10.78,0.97,9,431,4043,1,2,3.0,4057,1,191.0,-0.16,0,0,NORMAL,None,17.7,97.4
2026-09-01 01:12:40,IN-DELHI-01,28.8,54.9,31.6,999.2,228.8,0.95,-0.18,10.67,10.71,0.9,3,410,4078,0,14,21.0,4058,1,177.0,0.13,0,0,NORMAL,None,15.8,93.1
2026-09-01 01:12:45,IN-DELHI-01,25.3,60.4,27.3,1001.7,207.6,1.05,-0.23,10.89,10.94,1.13,5,417,4077,0,3,4.5,4095,0,180.2,0.07,0,0,NORMAL,None,16.1,98.9
2026-09-01 01:12:50,IN-DELHI-01,39.5,19.4,39.8,997.2,245.1,1.24,-0.18,10.72,10.79,0.98,104,1284,4086,0,11,16.5,4095,0,187.0,0.0,0,3,WILDFIRE,Severe,83.3,95.8
2026-09-01 01:12:55,IN-DELHI-01,42.4,21.4,44.0,996.2,254.1,1.07,-0.22,10.7,10.75,0.94,144,1624,4085,0,3,4.5,4095,0,185.2,0.0,0,3,WILDFIRE,Extreme,93.6,96.8
2026-09-01 01:13:00,IN-DELHI-01,26.0,50.0,27.1,998.5,234.2,1.19,-0.2,10.48,10.55,0.74,4,414,4052,1,6,9.0,4095,0,180.4,0.1,0,0,NORMAL,None,17.2,93.3
2026-09-01 01:13:05,IN-DELHI-01,28.4,52.4,30.7,1001.8,206.4,1.18,-0.14,10.79,10.85,1.04,12,442,4020,2,12,18.0,4044,1,188.2,-0.05,0,0,NORMAL,None,8.9,96.1
2026-09-01 01:13:10,IN-DELHI-01,23.7,84.9,27.5,989.8,307.8,6.32,2.78,10.7,12.74,2.93,16,456,1302,99,156,249.6,1618,85,107.1,-7.52,0,2,LANDSLIDE_PRECURSOR,Extreme,94.6,96.4
2026-09-01 01:13:15,IN-DELHI-01,21.7,96.4,25.6,988.7,317.0,1.23,-0.29,10.73,10.8,0.99,13,445,1334,98,241,433.8,1322,95,35.7,-12.52,0,1,FLASH_FLOOD,Severe,92.9,88.3
2026-09-01 01:13:20,IN-DELHI-01,22.1,88.6,25.5,986.7,333.5,0.92,-0.14,11.03,11.06,1.25,18,463,1275,100,278,500.4,1337,95,48.8,-10.49,1,1,FLASH_FLOOD,Severe,90.2,93.4
2026-09-01 01:13:25,IN-DELHI-01,42.1,17.5,42.5,996.5,250.9,0.94,-0.24,10.56,10.6,0.79,123,1445,4083,0,7,10.5,4095,0,187.1,0.0,1,3,WILDFIRE,Extreme,92.3,88.7
2026-09-01 01:13:30,IN-DELHI-01,29.1,53.6,31.8,1002.3,202.2,1.19,-0.18,10.84,10.91,1.1,5,417,3978,4,13,19.5,4073,0,176.3,0.19,0,0,NORMAL,None,5.7,95.1
2026-09-01 01:13:35,IN-DELHI-01,25.8,67.2,28.9,1001.5,209.1,1.08,-0.11,10.73,10.79,0.98,28,512,1931,77,652,1271.4,2843,43,60.1,-3.15,0,5,WATER_CONTAMINATION,Severe,90.4,90.4
2026-09-01 01:13:40,IN-DELHI-01,20.6,88.5,23.3,989.8,307.3,-2.01,-0.94,9.62,9.87,0.06,7,424,1288,100,223,356.8,1920,75,133.2,-3.66,1,2,LANDSLIDE_PRECURSOR,Extreme,87.6,88.1
2026-09-01 01:13:45,IN-DELHI-01,28.4,61.9,31.9,1005.9,171.6,1.08,-0.17,10.69,10.74,0.93,116,1792,4009,3,15,22.5,4071,0,185.2,0.0,1,4,HAZARDOUS_AIR_POLLUTION,Severe,85.9,90.5
2026-09-01 01:13:50,IN-DELHI-01,29.6,57.1,33.0,1002.2,203.5,1.04,-0.18,10.8,10.85,1.04,10,435,4037,2,16,24.0,4042,1,185.0,0.16,0,0,NORMAL,None,3.6,94.7
2026-09-01 01:13:55,IN-DELHI-01,22.5,53.5,23.0,1008.4,150.8,1.09,-0.16,10.71,10.76,0.95,163,2356,3928,5,18,27.0,4059,1,183.6,0.0,0,4,HAZARDOUS_AIR_POLLUTION,Severe,91.6,95.3
2026-09-01 01:14:00,IN-DELHI-01,29.7,54.2,32.7,999.9,222.4,1.05,-0.2,10.7,10.75,0.94,0,400,4081,0,9,13.5,4050,1,169.3,0.09,0,0,NORMAL,None,16.5,95.4
2026-09-01 01:14:05,IN-DELHI-01,24.0,84.8,28.0,992.0,288.8,4.88,2.66,11.43,12.71,2.9,7,424,1308,99,200,320.0,1367,94,130.9,-4.57,0,2,LANDSLIDE_PRECURSOR,Extreme,88.9,92.8
2026-09-01 01:14:10,IN-DELHI-01,22.5,96.5,26.8,987.0,331.3,1.21,-0.04,10.73,10.8,0.99,6,421,1429,95,290,522.0,1142,100,66.8,-14.71,0,1,FLASH_FLOOD,Severe,86.6,93.5
2026-09-01 01:14:15,IN-DELHI-01,20.6,92.6,23.6,994.7,266.5,-2.46,-1.92,11.62,12.03,2.22,10,435,1332,98,186,297.6,1880,76,153.7,-5.42,0,2,LANDSLIDE_PRECURSOR,Extreme,89.3,94.7
2026-09-01 01:14:20,IN-DELHI-01,40.7,15.8,40.7,994.8,265.4,0.98,-0.14,10.86,10.91,1.1,132,1522,4070,0,4,6.0,4095,0,185.6,0.0,0,3,WILDFIRE,Severe,87.5,94.8
2026-09-01 01:14:25,IN-DELHI-01,39.8,22.8,40.9,996.0,255.1,1.03,-0.2,10.57,10.62,0.81,106,1301,4080,0,6,9.0,4095,0,180.7,0.0,0,3,WILDFIRE,Severe,84.3,94.1
2026-09-01 01:14:30,IN-DELHI-01,20.7,90.5,23.7,990.9,298.0,3.84,2.51,11.94,12.79,2.98,11,438,1397,96,264,422.4,1229,98,144.2,-3.97,0,2,LANDSLIDE_PRECURSOR,Extreme,98.0,90.8
2026-09-01 01:14:35,IN-DELHI-01,40.0,16.8,40.0,995.9,256.2,1.03,-0.11,10.78,10.83,1.02,160,1760,4083,0,1,1.5,4095,0,188.6,0.0,1,3,WILDFIRE,Severe,84.9,89.0
2026-09-01 01:14:40,IN-DELHI-01,23.2,85.0,26.9,988.9,315.1,1.11,-0.06,10.94,11.0,1.19,15,452,1369,97,317,570.6,1171,100,70.6,-11.22,1,1,FLASH_FLOOD,Severe,85.9,89.1
2026-09-01 01:14:45,IN-DELHI-01,25.6,57.2,27.4,1006.1,170.5,1.1,-0.25,10.65,10.71,0.9,193,2716,3961,4,15,22.5,4064,1,172.7,0.0,1,4,HAZARDOUS_AIR_POLLUTION,Extreme,95.2,98.2
2026-09-01 01:14:50,IN-DELHI-01,22.0,94.2,25.8,991.3,294.9,1.16,-0.22,10.77,10.83,1.02,0,400,1341,98,377,678.6,1369,94,64.7,-11.8,1,1,FLASH_FLOOD,Severe,87.1,89.6
2026-09-01 01:14:55,IN-DELHI-01,29.5,51.9,32.1,1001.1,212.5,1.01,-0.24,10.9,10.95,1.14,2,407,3997,3,11,16.5,4095,0,175.6,0.09,0,0,NORMAL,None,16.2,98.0
2026-09-01 01:15:00,IN-DELHI-01,23.4,72.3,25.8,1000.5,217.5,1.19,-0.27,10.76,10.83,1.02,13,452,1876,79,467,910.6,3202,30,82.9,-2.43,0,5,WATER_CONTAMINATION,Severe,83.2,92.0
2026-09-01 01:15:05,IN-DELHI-01,43.2,14.1,43.2,997.9,239.4,1.12,-0.17,10.83,10.89,1.08,112,1352,4095,0,8,12.0,4095,0,185.7,0.0,0,3,WILDFIRE,Extreme,96.3,97.6
2026-09-01 01:15:10,IN-DELHI-01,27.7,60.2,30.7,1005.4,176.5,0.98,-0.16,10.66,10.7,0.89,137,2044,4016,2,2,3.0,4061,1,181.8,0.0,1,4,HAZARDOUS_AIR_POLLUTION,Severe,88.4,91.9
2026-09-01 01:15:15,IN-DELHI-01,22.7,95.0,27.0,987.0,331.5,1.15,-0.12,10.61,10.68,0.87,10,435,1311,99,313,563.4,1321,95,49.0,-10.09,0,1,FLASH_FLOOD,Severe,90.2,89.5
2026-09-01 01:15:20,IN-DELHI-01,26.5,61.4,29.2,1005.5,175.7,1.19,-0.12,10.67,10.74,0.93,169,2428,4002,3,9,13.5,4072,0,178.2,0.0,1,4,HAZARDOUS_AIR_POLLUTION,Severe,92.3,94.4
2026-09-01 01:15:25,IN-DELHI-01,29.2,47.5,31.2,999.1,229.1,0.99,-0.1,10.58,10.62,0.81,5,417,4040,1,16,24.0,4059,1,184.0,0.38,0,0,NORMAL,None,3.2,97.4
2026-09-01 01:15:30,IN-DELHI-01,28.0,53.2,30.3,1000.3,219.1,1.11,-0.13,10.76,10.82,1.01,0,400,3994,3,14,21.0,4063,1,195.7,0.02,0,0,NORMAL,None,10.2,92.1
2026-09-01 01:15:35,IN-DELHI-01,23.4,85.9,27.2,993.2,278.7,-1.61,-2.3,10.08,10.47,0.66,12,442,1230,100,159,254.4,1661,84,127.0,-5.16,0,2,LANDSLIDE_PRECURSOR,Extreme,85.6,96.3
2026-09-01 01:15:40,IN-DELHI-01,29.5,52.0,32.2,1001.5,208.7,0.94,-0.24,10.84,10.88,1.07,2,407,3961,4,7,10.5,4087,0,179.7,-0.19,0,0,NORMAL,None,14.0,95.7
2026-09-01 01:15:45,IN-DELHI-01,20.2,91.4,23.0,995.8,257.4,-4.01,-2.06,10.13,11.09,1.28,14,449,1243,100,194,310.4,1503,89,145.0,-4.53,1,2,LANDSLIDE_PRECURSOR,Extreme,91.1,92.7
2026-09-01 01:15:50,IN-DELHI-01,28.6,46.3,30.2,1001.5,209.1,1.05,-0.21,10.78,10.84,1.03,0,400,4016,2,20,30.0,4044,1,181.9,0.15,0,0,NORMAL,None,7.9,93.4
2026-09-01 01:15:55,IN-DELHI-01,27.0,52.7,28.8,1003.4,192.9,0.99,-0.14,10.7,10.75,0.94,0,400,4016,2,11,16.5,4057,1,175.9,-0.11,0,0,NORMAL,None,9.6,98.5
2026-09-01 01:16:00,IN-DELHI-01,21.0,90.9,24.1,992.8,282.3,7.87,4.3,11.8,14.83,5.02,17,459,1278,100,228,364.8,1633,85,156.2,-1.99,0,2,LANDSLIDE_PRECURSOR,Extreme,91.4,92.5
2026-09-01 01:16:05,IN-DELHI-01,23.2,89.4,27.2,991.3,294.9,0.85,-0.35,10.81,10.85,1.04,8,428,1261,100,313,563.4,1130,100,36.1,-25.21,1,1,FLASH_FLOOD,Severe,92.8,95.8
2026-09-01 01:16:10,IN-DELHI-01,22.8,91.3,26.8,985.7,342.1,1.08,-0.31,11.05,11.11,1.3,22,477,1399,96,347,624.6,1232,98,48.2,-15.33,1,1,FLASH_FLOOD,Severe,90.4,93.4
2026-09-01 01:16:15,IN-DELHI-01,26.2,90.2,32.0,987.7,325.7,5.41,3.36,11.16,12.85,3.04,12,442,1302,99,195,312.0,1548,87,130.9,-9.53,0,2,LANDSLIDE_PRECURSOR,Extreme,91.9,86.8
2026-09-01 01:16:20,IN-DELHI-01,23.0,89.2,26.9,990.1,304.9,7.05,2.43,8.6,11.38,1.57,8,428,1295,100,187,299.2,1512,89,106.8,-5.88,0,2,LANDSLIDE_PRECURSOR,Extreme,94.6,94.5
2026-09-01 01:16:25,IN-DELHI-01,22.0,70.9,23.9,1000.2,219.8,1.13,-0.17,10.7,10.76,0.95,27,508,1611,88,621,1211.0,2487,55,95.0,-2.0,1,5,WATER_CONTAMINATION,Severe,89.2,86.5
2026-09-01 01:16:30,IN-DELHI-01,30.9,53.8,34.5,1000.3,219.2,1.14,-0.2,10.78,10.84,1.03,3,410,4063,1,3,4.5,4094,0,176.5,0.07,0,0,NORMAL,None,4.6,95.4
2026-09-01 01:16:35,IN-DELHI-01,28.0,64.1,31.6,1007.5,158.7,1.0,-0.17,10.7,10.75,0.94,150,2200,3981,4,18,27.0,4056,1,180.9,0.0,0,4,HAZARDOUS_AIR_POLLUTION,Severe,90.0,98.1
2026-09-01 01:16:40,IN-DELHI-01,46.0,18.7,47.9,998.9,231.3,1.06,-0.13,10.78,10.83,1.02,94,1199,4076,0,1,1.5,4095,0,189.1,0.0,1,3,WILDFIRE,Extreme,98.0,95.1
2026-09-01 01:16:45,IN-DELHI-01,26.8,46.9,27.9,1000.6,216.2,1.23,-0.09,10.81,10.88,1.07,19,466,4002,3,13,19.5,4070,0,195.4,0.32,0,0,NORMAL,None,13.0,97.8
2026-09-01 01:16:50,IN-DELHI-01,22.7,91.9,26.8,989.1,313.6,1.2,0.18,11.15,11.22,1.41,15,452,1358,97,433,779.4,1250,98,54.4,-19.73,0,1,FLASH_FLOOD,Severe,89.1,92.7
2026-09-01 01:16:55,IN-DELHI-01,25.4,48.6,26.3,998.8,232.1,1.03,-0.18,10.79,10.84,1.03,3,410,4046,1,18,27.0,4067,0,179.0,-0.18,1,0,NORMAL,None,15.6,96.7
2026-09-01 01:17:00,IN-DELHI-01,23.6,55.5,24.6,1006.3,168.3,1.11,-0.19,10.65,10.7,0.89,99,1588,3889,7,24,36.0,4070,0,170.7,0.0,0,4,HAZARDOUS_AIR_POLLUTION,Severe,83.9,91.8
2026-09-01 01:17:05,IN-DELHI-01,22.6,89.6,26.4,994.6,267.5,-1.52,-1.38,10.74,10.94,1.13,11,438,1243,100,202,323.2,1706,82,131.7,-1.71,0,2,LANDSLIDE_PRECURSOR,Extreme,98.0,93.0
2026-09-01 01:17:10,IN-DELHI-01,22.8,59.4,23.9,1007.1,161.5,1.03,-0.19,10.75,10.81,1.0,174,2488,4004,3,16,24.0,4062,1,182.3,0.0,1,4,HAZARDOUS_AIR_POLLUTION,Severe,92.9,94.2
2026-09-01 01:17:15,IN-DELHI-01,24.5,72.3,27.4,1005.3,176.7,1.1,-0.22,10.82,10.87,1.06,99,1588,3962,4,3,4.5,4092,0,177.8,0.0,0,4,HAZARDOUS_AIR_POLLUTION,Severe,83.9,91.6
2026-09-01 01:17:20,IN-DELHI-01,29.3,50.7,31.7,997.4,243.4,1.07,-0.11,10.95,11.0,1.19,1,403,3980,4,0,0.0,4095,0,175.8,-0.22,0,0,NORMAL,None,13.4,97.6
2026-09-01 01:17:25,IN-DELHI-01,24.0,92.3,28.7,989.0,314.4,1.15,-0.57,10.83,10.91,1.1,16,456,1299,100,230,414.0,1247,98,30.6,-15.82,0,1,FLASH_FLOOD,Severe,93.9,96.8
2026-09-01 01:17:30,IN-DELHI-01,28.9,41.9,30.0,1002.2,203.4,1.08,-0.24,10.72,10.78,0.97,3,410,4006,3,10,15.0,4063,1,178.4,0.13,0,0,NORMAL,None,14.7,95.3
2026-09-01 01:17:35,IN-DELHI-01,25.6,84.7,30.4,990.8,299.6,6.15,2.61,11.6,13.39,3.58,18,463,1224,100,244,390.4,1409,92,110.6,-4.96,1,2,LANDSLIDE_PRECURSOR,Extreme,88.2,88.3
2026-09-01 01:17:40,IN-DELHI-01,22.0,88.2,25.3,992.8,282.1,5.51,3.16,9.21,11.18,1.37,20,470,1289,100,212,339.2,1362,94,138.9,-7.33,0,2,LANDSLIDE_PRECURSOR,Extreme,92.0,92.1
2026-09-01 01:17:45,IN-DELHI-01,40.5,15.9,40.5,998.0,238.7,1.09,-0.09,10.74,10.8,0.99,102,1267,4093,0,6,9.0,4095,0,193.8,0.0,1,3,WILDFIRE,Severe,86.9,94.1
2026-09-01 01:17:50,IN-DELHI-01,22.9,88.2,26.7,992.0,289.2,5.36,1.12,11.96,13.15,3.34,12,442,1305,99,295,472.0,1786,79,120.0,-1.67,0,2,LANDSLIDE_PRECURSOR,Extreme,86.0,96.3
2026-09-01 01:17:55,IN-DELHI-01,27.6,51.7,29.5,1001.1,212.1,1.19,-0.14,10.47,10.54,0.73,13,445,4079,0,14,21.0,4094,0,190.2,0.03,0,0,NORMAL,None,12.7,93.9
2026-09-01 01:18:00,IN-DELHI-01,25.5,50.8,26.6,1001.4,209.8,1.11,-0.08,10.66,10.72,0.91,0,400,4042,1,19,28.5,4051,1,182.8,-0.06,1,0,NORMAL,None,4.3,93.1
2026-09-01 01:18:05,IN-DELHI-01,23.2,60.5,24.5,1008.3,152.0,1.0,-0.08,10.79,10.83,1.02,171,2452,3933,5,19,28.5,4027,2,177.5,0.0,0,4,HAZARDOUS_AIR_POLLUTION,Severe,92.5,94.1
2026-09-01 01:18:10,IN-DELHI-01,42.3,18.0,42.8,996.3,252.6,1.11,-0.18,10.64,10.7,0.89,65,952,4071,0,5,7.5,4095,0,183.6,0.0,0,3,WILDFIRE,Extreme,92.9,87.5
2026-09-01 01:18:15,IN-DELHI-01,23.7,89.7,28.0,994.6,266.8,-3.98,-3.51,8.94,10.4,0.59,15,452,1367,97,204,326.4,1831,78,151.6,-6.13,1,2,LANDSLIDE_PRECURSOR,Extreme,86.9,91.2
2026-09-01 01:18:20,IN-DELHI-01,39.9,17.6,39.9,995.4,260.7,1.04,-0.19,10.79,10.84,1.03,97,1224,4079,0,11,16.5,4095,0,185.9,0.0,1,3,WILDFIRE,Severe,84.7,90.3
2026-09-01 01:18:25,IN-DELHI-01,30.9,49.2,33.8,998.9,230.8,1.11,-0.18,10.95,11.01,1.2,14,449,3970,4,5,7.5,4087,0,181.5,-0.15,1,0,NORMAL,None,6.6,93.3
2026-09-01 01:18:30,IN-DELHI-01,30.3,44.4,32.3,999.1,229.0,0.96,-0.2,10.79,10.83,1.02,1,403,4013,2,20,30.0,4075,0,186.4,0.03,0,0,NORMAL,None,15.5,95.9
2026-09-01 01:18:35,IN-DELHI-01,40.0,19.0,40.2,996.6,250.2,1.01,-0.34,10.83,10.88,1.07,92,1182,4094,0,1,1.5,4095,0,191.3,0.0,0,3,WILDFIRE,Severe,84.9,90.4
2026-09-01 01:18:40,IN-DELHI-01,23.1,90.6,27.1,993.1,279.9,-0.53,-0.86,13.07,13.11,3.3,12,442,1359,97,239,382.4,1544,88,135.8,-1.43,0,2,LANDSLIDE_PRECURSOR,Extreme,88.5,89.5
2026-09-01 01:18:45,IN-DELHI-01,31.1,48.5,33.9,999.7,223.8,1.13,-0.24,10.83,10.89,1.08,4,414,4052,1,17,25.5,4095,0,187.5,-0.14,0,0,NORMAL,None,2.1,95.7
2026-09-01 01:18:50,IN-DELHI-01,24.9,48.6,25.6,1001.8,206.8,0.97,-0.18,10.88,10.92,1.11,3,410,4000,3,17,25.5,4067,0,185.7,0.15,0,0,NORMAL,None,6.3,96.3
2026-09-01 01:18:55,IN-DELHI-01,27.2,51.1,28.9,1000.1,220.7,1.05,-0.18,10.87,10.92,1.11,5,417,4080,0,7,10.5,4045,1,185.6,-0.18,0,0,NORMAL,None,6.0,97.0
2026-09-01 01:19:00,IN-DELHI-01,30.5,51.9,33.6,1000.8,215.1,0.93,-0.15,10.81,10.85,1.04,12,442,4004,3,6,9.0,4062,1,169.1,0.07,0,0,NORMAL,None,4.3,97.1
2026-09-01 01:19:05,IN-DELHI-01,27.6,54.7,29.9,1000.2,219.9,0.95,-0.13,10.69,10.74,0.93,0,400,4015,2,7,10.5,4059,1,173.5,0.24,0,0,NORMAL,None,12.6,95.4
2026-09-01 01:19:10,IN-DELHI-01,22.2,93.9,26.1,986.7,334.2,1.13,-0.15,10.47,10.53,0.72,13,445,1276,100,326,586.8,1284,97,41.6,-9.72,1,1,FLASH_FLOOD,Severe,91.7,95.3
2026-09-01 01:19:15,IN-DELHI-01,22.5,83.8,25.7,990.3,303.8,-3.36,-2.4,9.93,10.75,0.94,8,428,1286,100,235,376.0,1683,83,133.4,-4.21,0,2,LANDSLIDE_PRECURSOR,Extreme,91.8,88.3
2026-09-01 01:19:20,IN-DELHI-01,36.4,17.6,36.4,999.2,228.3,1.13,-0.29,10.73,10.79,0.98,113,1360,4095,0,7,10.5,4095,0,181.7,0.0,1,3,WILDFIRE,Severe,75.0,93.2
2026-09-01 01:19:25,IN-DELHI-01,27.6,55.7,30.0,1001.7,207.0,0.92,-0.22,10.62,10.66,0.85,3,410,4063,1,2,3.0,4079,0,189.5,-0.08,1,0,NORMAL,None,14.3,97.4
2026-09-01 01:19:30,IN-DELHI-01,21.8,87.8,25.0,992.0,289.6,-2.23,-2.71,9.24,9.88,0.07,14,449,1275,100,246,393.6,1380,93,154.4,-6.07,1,2,LANDSLIDE_PRECURSOR,Extreme,91.6,88.1
2026-09-01 01:19:35,IN-DELHI-01,26.1,48.0,27.1,1003.1,195.4,0.97,-0.1,10.61,10.66,0.85,2,407,4041,1,1,1.5,4058,1,193.9,0.19,0,0,NORMAL,None,15.9,93.4
2026-09-01 01:19:40,IN-DELHI-01,19.1,86.7,21.1,997.3,244.3,7.34,2.4,11.5,13.85,4.04,11,438,1288,100,273,436.8,1613,85,143.0,-2.89,0,2,LANDSLIDE_PRECURSOR,Extreme,91.3,88.2
2026-09-01 01:19:45,IN-DELHI-01,24.5,91.1,29.3,989.6,309.5,1.16,-0.39,10.63,10.7,0.89,17,459,1333,98,280,504.0,1259,97,60.1,-7.39,0,1,FLASH_FLOOD,Severe,88.0,96.8
2026-09-01 01:19:50,IN-DELHI-01,22.5,85.8,25.9,990.3,303.3,-2.88,-2.21,12.18,12.71,2.9,18,463,1280,100,281,449.6,1506,89,117.6,-4.41,0,2,LANDSLIDE_PRECURSOR,Extreme,98.7,92.0
2026-09-01 01:19:55,IN-DELHI-01,25.8,65.6,28.6,1007.6,157.4,1.15,-0.18,10.68,10.75,0.94,165,2380,4003,3,3,4.5,4067,0,180.4,0.0,1,4,HAZARDOUS_AIR_POLLUTION,Severe,91.8,97.8
2026-09-01 01:20:00,IN-DELHI-01,28.5,46.9,30.1,1002.5,200.6,1.06,-0.29,10.58,10.64,0.83,7,424,4072,0,13,19.5,4086,0,182.9,0.04,0,0,NORMAL,None,15.5,94.9
2026-09-01 01:20:05,IN-DELHI-01,27.6,48.9,29.2,1001.3,210.5,1.08,-0.17,10.97,11.02,1.21,1,403,4005,3,9,13.5,4048,1,166.6,0.29,0,0,NORMAL,None,17.8,98.2
2026-09-01 01:20:10,IN-DELHI-01,25.9,54.9,27.6,999.6,225.2,1.02,-0.22,10.68,10.73,0.92,7,424,4056,1,5,7.5,4075,0,169.5,-0.21,0,0,NORMAL,None,15.4,93.4
2026-09-01 01:20:15,IN-DELHI-01,21.9,95.6,25.9,992.6,284.3,0.97,-0.04,10.98,11.03,1.22,16,456,1324,99,282,507.6,1075,100,60.6,-9.89,0,1,FLASH_FLOOD,Severe,87.9,93.5
2026-09-01 01:20:20,IN-DELHI-01,25.2,66.5,27.9,1002.6,200.0,1.18,-0.17,10.69,10.75,0.94,33,532,2011,74,578,1127.1,3162,32,62.7,-1.58,0,5,WATER_CONTAMINATION,Severe,87.5,85.9
2026-09-01 01:20:25,IN-DELHI-01,27.0,54.1,29.0,1001.6,208.6,1.13,-0.16,10.68,10.74,0.93,6,421,4059,1,18,27.0,4042,1,180.9,0.22,0,0,NORMAL,None,13.8,94.3
2026-09-01 01:20:30,IN-DELHI-01,28.7,46.1,30.4,997.6,242.1,1.04,-0.17,10.78,10.83,1.02,4,414,4050,1,20,30.0,4075,0,188.1,0.03,0,0,NORMAL,None,14.9,96.1
2026-09-01 01:20:35,IN-DELHI-01,26.7,47.2,27.8,1001.4,209.6,0.97,-0.11,10.64,10.69,0.88,0,400,3987,3,0,0.0,4081,0,182.6,-0.09,0,0,NORMAL,None,16.6,96.5
2026-09-01 01:20:40,IN-DELHI-01,26.4,67.2,29.7,1002.0,204.6,1.01,-0.19,10.69,10.74,0.93,12,448,1849,80,750,1462.5,3222,30,59.8,-1.2,0,5,WATER_CONTAMINATION,Severe,94.2,85.4
2026-09-01 01:20:45,IN-DELHI-01,22.1,89.5,25.6,988.6,318.0,1.06,-0.19,11.05,11.1,1.29,16,456,1394,96,287,516.6,1228,99,39.1,-12.96,1,1,FLASH_FLOOD,Severe,92.2,91.6
2026-09-01 01:20:50,IN-DELHI-01,26.1,52.2,27.5,1001.7,207.5,1.04,-0.14,10.67,10.72,0.91,1,403,4095,0,14,21.0,4038,1,180.5,0.03,0,0,NORMAL,None,12.0,92.4
2026-09-01 01:20:55,IN-DELHI-01,27.6,58.1,30.4,1000.0,221.7,0.99,-0.31,11.1,11.15,1.34,5,417,4065,1,0,0.0,4085,0,175.3,0.04,0,0,NORMAL,None,16.9,98.1
2026-09-01 01:21:00,IN-DELHI-01,28.0,53.2,30.2,1000.5,217.8,0.96,-0.21,10.92,10.96,1.15,1,403,4051,1,12,18.0,4060,1,189.8,-0.06,0,0,NORMAL,None,10.3,94.6
2026-09-01 01:21:05,IN-DELHI-01,26.0,74.7,29.9,999.9,222.4,1.08,-0.19,10.71,10.76,0.95,11,444,2059,72,599,1168.0,2779,45,53.7,-2.44,0,5,WATER_CONTAMINATION,Severe,88.4,88.0
2026-09-01 01:21:10,IN-DELHI-01,27.6,56.7,30.1,1000.8,215.3,0.97,-0.19,10.6,10.65,0.84,0,400,4027,2,19,28.5,4095,0,189.0,0.05,0,0,NORMAL,None,8.2,94.5
2026-09-01 01:21:15,IN-DELHI-01,23.7,65.1,25.6,1002.1,204.3,1.08,-0.2,10.78,10.84,1.03,9,436,1746,84,720,1404.0,3288,27,80.8,-0.64,0,5,WATER_CONTAMINATION,Severe,93.1,89.7
2026-09-01 01:21:20,IN-DELHI-01,21.5,90.9,24.9,989.1,313.8,1.05,-0.02,10.88,10.94,1.13,8,428,1439,95,277,498.6,1241,98,27.9,-16.37,1,1,FLASH_FLOOD,Extreme,94.4,97.3
2026-09-01 01:21:25,IN-DELHI-01,22.5,92.8,26.5,986.7,334.0,0.93,-0.34,10.72,10.77,0.96,9,431,1328,98,389,700.2,1312,96,44.4,-11.81,0,1,FLASH_FLOOD,Severe,91.1,95.8
2026-09-01 01:21:30,IN-DELHI-01,28.7,53.6,31.3,1000.2,220.1,1.0,-0.09,10.68,10.73,0.92,0,400,4065,1,12,18.0,4075,0,175.1,-0.11,0,0,NORMAL,None,14.6,95.8
2026-09-01 01:21:35,IN-DELHI-01,43.1,17.7,43.8,999.3,227.8,1.12,-0.22,10.75,10.81,1.0,65,952,4060,1,8,12.0,4095,0,189.0,0.0,1,3,WILDFIRE,Extreme,95.9,87.8
2026-09-01 01:21:40,IN-DELHI-01,29.7,49.0,32.0,999.0,230.3,1.05,-0.21,10.86,10.91,1.1,2,407,4014,2,9,13.5,4032,2,177.5,0.02,0,0,NORMAL,None,15.1,99.0
2026-09-01 01:21:45,IN-DELHI-01,27.3,48.5,28.8,1000.4,218.0,0.96,-0.14,10.83,10.87,1.06,0,400,4013,2,7,10.5,4053,1,176.6,-0.13,0,0,NORMAL,None,15.2,96.2
2026-09-01 01:21:50,IN-DELHI-01,28.4,61.9,31.9,1003.0,196.3,0.98,-0.23,10.83,10.87,1.06,11,444,2209,67,752,1466.4,3419,23,83.1,-3.01,0,5,WATER_CONTAMINATION,Severe,94.3,90.8
2026-09-01 01:21:55,IN-DELHI-01,26.3,51.2,27.6,999.9,222.5,1.1,-0.14,10.61,10.67,0.86,5,417,4032,2,12,18.0,4061,1,165.6,-0.14,1,0,NORMAL,None,9.2,94.3
2026-09-01 01:22:00,IN-DELHI-01,20.7,90.4,23.6,992.8,282.5,-3.52,-3.04,9.63,10.7,0.89,11,438,1278,100,144,230.4,1434,91,102.1,-5.22,0,2,LANDSLIDE_PRECURSOR,Extreme,91.1,94.3
2026-09-01 01:22:05,IN-DELHI-01,29.3,50.0,31.6,1000.9,213.8,1.05,-0.24,10.91,10.96,1.15,11,438,3982,4,11,16.5,4065,1,187.0,-0.09,0,0,NORMAL,None,11.7,97.7
2026-09-01 01:22:10,IN-DELHI-01,26.0,68.5,29.3,999.5,226.1,1.07,-0.18,10.71,10.76,0.95,22,488,2012,74,702,1368.9,3002,37,78.8,-2.37,1,5,WATER_CONTAMINATION,Severe,92.4,90.7
2026-09-01 01:22:15,IN-DELHI-01,20.5,85.1,23.0,992.3,287.0,-4.63,-1.39,10.54,11.6,1.79,9,431,1391,96,245,392.0,1679,83,93.2,-5.19,0,2,LANDSLIDE_PRECURSOR,Extreme,95.9,89.6
2026-09-01 01:22:20,IN-DELHI-01,24.9,53.0,26.0,998.6,233.6,1.0,-0.17,10.78,10.83,1.02,1,403,4010,3,16,24.0,4095,0,185.4,-0.22,0,0,NORMAL,None,2.8,94.6
2026-09-01 01:22:25,IN-DELHI-01,42.5,17.0,42.9,996.7,249.7,1.02,-0.09,10.88,10.93,1.12,101,1258,4079,0,5,7.5,4095,0,189.4,0.0,0,3,WILDFIRE,Extreme,93.8,93.3
2026-09-01 01:22:30,IN-DELHI-01,23.6,54.6,24.5,1007.2,161.0,1.1,-0.27,10.65,10.71,0.9,97,1564,3932,5,4,6.0,4059,1,172.5,0.0,0,4,HAZARDOUS_AIR_POLLUTION,Severe,83.6,97.3
2026-09-01 01:22:35,IN-DELHI-01,28.7,49.6,30.7,999.9,222.7,1.03,-0.29,10.95,11.0,1.19,1,403,4042,1,12,18.0,4093,0,183.1,-0.08,0,0,NORMAL,None,5.1,93.2
2026-09-01 01:22:40,IN-DELHI-01,29.8,58.7,33.6,1002.4,201.1,1.07,-0.22,10.79,10.84,1.03,2,407,3990,3,0,0.0,4050,1,191.2,0.07,1,0,NORMAL,None,10.9,93.1
2026-09-01 01:22:45,IN-DELHI-01,29.1,68.9,33.9,1006.4,167.4,1.05,-0.26,10.81,10.86,1.05,125,1900,4080,0,13,19.5,4036,2,181.4,0.0,0,4,HAZARDOUS_AIR_POLLUTION,Severe,87.0,93.1
2026-09-01 01:22:50,IN-DELHI-01,30.1,56.4,33.7,1000.1,220.6,0.99,-0.24,10.97,11.02,1.21,1,403,4057,1,15,22.5,4070,0,173.4,0.12,0,0,NORMAL,None,16.4,96.0
2026-09-01 01:22:55,IN-DELHI-01,20.8,91.7,23.8,992.7,283.0,5.13,2.56,12.04,13.33,3.52,16,456,1311,99,187,299.2,1543,88,95.9,-7.31,0,2,LANDSLIDE_PRECURSOR,Extreme,92.9,94.5
2026-09-01 01:23:00,IN-DELHI-01,26.2,46.0,27.0,1001.5,209.3,1.09,-0.26,10.72,10.78,0.97,15,452,4050,1,5,7.5,4075,0,187.2,-0.11,0,0,NORMAL,None,7.0,95.6
2026-09-01 01:23:05,IN-DELHI-01,25.5,71.5,28.9,1003.9,188.8,1.07,-0.21,10.75,10.81,1.0,158,2296,3953,5,6,9.0,4024,2,173.6,0.0,1,4,HAZARDOUS_AIR_POLLUTION,Severe,91.0,98.5
2026-09-01 01:23:10,IN-DELHI-01,29.0,45.4,30.7,1000.5,217.3,1.05,-0.23,10.56,10.61,0.8,1,403,4095,0,7,10.5,4077,0,182.8,-0.2,0,0,NORMAL,None,6.7,96.2
2026-09-01 01:23:15,IN-DELHI-01,24.6,65.6,26.9,1002.8,198.2,1.07,-0.28,10.57,10.63,0.82,18,472,2145,69,570,1111.5,3121,33,65.9,-2.27,0,5,WATER_CONTAMINATION,Severe,87.2,94.0
2026-09-01 01:23:20,IN-DELHI-01,23.9,85.3,27.9,992.6,283.8,-0.29,-1.97,10.47,10.66,0.85,5,417,1259,100,231,369.6,1618,85,133.3,-3.0,0,2,LANDSLIDE_PRECURSOR,Extreme,93.8,91.0
2026-09-01 01:23:25,IN-DELHI-01,21.1,99.0,24.9,984.7,350.6,0.8,-0.33,11.09,11.12,1.31,17,459,1489,93,336,604.8,1223,99,32.5,-10.21,0,1,FLASH_FLOOD,Severe,93.5,88.8
2026-09-01 01:23:30,IN-DELHI-01,27.3,55.7,29.6,1000.7,215.8,1.04,-0.22,10.58,10.63,0.82,0,400,4095,0,7,10.5,4067,0,195.6,0.02,0,0,NORMAL,None,4.6,92.7
2026-09-01 01:23:35,IN-DELHI-01,42.6,20.5,44.0,997.4,243.9,1.13,-0.09,10.53,10.59,0.78,106,1301,4093,0,0,0.0,4095,0,184.9,0.0,0,3,WILDFIRE,Extreme,94.1,89.1
2026-09-01 01:23:40,IN-DELHI-01,24.4,90.3,29.1,991.5,293.3,-3.47,-2.31,12.01,12.71,2.9,19,466,1306,99,216,345.6,1639,84,139.6,-5.94,0,2,LANDSLIDE_PRECURSOR,Extreme,85.7,90.7
2026-09-01 01:23:45,IN-DELHI-01,26.0,64.8,28.8,1005.2,178.3,1.06,-0.14,10.84,10.89,1.08,175,2500,3915,6,17,25.5,4071,0,183.0,0.0,1,4,HAZARDOUS_AIR_POLLUTION,Severe,93.0,94.2
2026-09-01 01:23:50,IN-DELHI-01,41.6,16.1,41.6,996.7,249.2,1.01,-0.22,10.84,10.88,1.07,106,1301,4078,0,3,4.5,4095,0,191.4,0.0,0,3,WILDFIRE,Severe,90.7,91.8
2026-09-01 01:23:55,IN-DELHI-01,22.2,59.6,23.1,1002.5,200.5,1.11,-0.22,10.87,10.93,1.12,10,440,2020,74,769,1499.5,3164,32,74.0,-1.32,0,5,WATER_CONTAMINATION,Severe,95.0,85.2
2026-09-01 01:24:00,IN-DELHI-01,28.0,61.2,31.2,999.5,226.0,0.95,-0.15,10.85,10.89,1.08,19,476,1843,80,513,1000.4,3437,22,65.0,-2.65,1,5,WATER_CONTAMINATION,Severe,85.0,92.9
2026-09-01 01:24:05,IN-DELHI-01,24.2,93.3,29.1,985.6,343.2,1.23,-0.04,10.86,10.93,1.12,17,459,1297,100,380,684.0,1314,96,54.3,-10.16,0,1,FLASH_FLOOD,Severe,89.1,93.1
2026-09-01 01:24:10,IN-DELHI-01,20.8,92.9,23.9,990.7,300.0,5.45,1.34,10.84,12.2,2.39,9,431,1304,99,217,347.2,1264,97,106.0,-3.84,0,2,LANDSLIDE_PRECURSOR,Extreme,92.5,93.2
2026-09-01 01:24:15,IN-DELHI-01,23.0,46.4,23.0,1001.7,207.4,1.03,-0.11,10.82,10.87,1.06,8,428,4052,1,15,22.5,4074,0,191.3,0.04,0,0,NORMAL,None,12.6,95.8
2026-09-01 01:24:20,IN-DELHI-01,22.7,63.6,24.2,999.5,225.9,1.05,-0.11,10.89,10.94,1.13,14,456,2150,69,465,906.8,3162,32,61.2,-2.02,0,5,WATER_CONTAMINATION,Severe,83.1,90.5
2026-09-01 01:24:25,IN-DELHI-01,24.9,86.6,29.6,995.1,262.8,-2.47,-1.51,12.86,13.18,3.37,8,428,1305,99,242,387.2,1826,78,127.2,-4.38,0,2,LANDSLIDE_PRECURSOR,Extreme,88.8,94.2
2026-09-01 01:24:30,IN-DELHI-01,29.2,65.3,33.6,1008.1,153.6,1.04,-0.23,10.73,10.78,0.97,192,2704,4030,2,23,34.5,4047,1,179.4,0.0,0,4,HAZARDOUS_AIR_POLLUTION,Extreme,95.0,92.7
2026-09-01 01:24:35,IN-DELHI-01,40.3,21.2,41.1,1002.4,201.1,1.16,-0.16,10.7,10.77,0.96,153,1700,4080,0,6,9.0,4095,0,185.9,0.0,1,3,WILDFIRE,Severe,85.9,90.0
2026-09-01 01:24:40,IN-DELHI-01,26.6,47.3,27.6,998.9,230.7,1.05,-0.24,10.73,10.79,0.98,2,407,4018,2,18,27.0,4077,0,189.4,0.28,0,0,NORMAL,None,13.9,98.0
2026-09-01 01:24:45,IN-DELHI-01,27.5,62.5,30.7,999.7,223.9,1.12,-0.16,10.86,10.91,1.1,6,421,4036,2,18,27.0,4062,1,179.2,-0.19,0,0,NORMAL,None,8.3,98.1
2026-09-01 01:24:50,IN-DELHI-01,27.0,42.7,27.7,1000.3,219.5,1.02,-0.19,10.67,10.72,0.91,4,414,4065,1,13,19.5,4063,1,182.8,-0.24,0,0,NORMAL,None,4.8,98.6
2026-09-01 01:24:55,IN-DELHI-01,23.8,96.4,28.8,985.3,346.0,1.21,-0.13,10.71,10.77,0.96,5,417,1330,98,295,531.0,1288,96,66.3,-12.72,0,1,FLASH_FLOOD,Severe,86.7,91.7
2026-09-01 01:25:00,IN-DELHI-01,24.7,93.7,30.0,981.8,375.2,1.06,-0.03,10.73,10.78,0.97,18,463,1355,98,244,439.2,1258,97,50.8,-14.72,1,1,FLASH_FLOOD,Severe,89.8,94.0
2026-09-01 01:25:05,IN-DELHI-01,30.2,45.4,32.3,1001.2,211.5,1.02,-0.11,10.52,10.57,0.76,3,410,4061,1,13,19.5,4078,0,176.5,0.02,0,0,NORMAL,None,7.8,94.8
2026-09-01 01:25:10,IN-DELHI-01,30.7,49.7,33.6,1002.2,203.4,1.02,-0.13,10.9,10.95,1.14,1,403,4085,0,18,27.0,4045,1,168.6,0.04,0,0,NORMAL,None,5.8,95.0
2026-09-01 01:25:15,IN-DELHI-01,25.9,95.2,32.0,987.5,326.9,1.37,-0.27,10.56,10.65,0.84,23,480,1443,94,323,581.4,1230,98,32.9,-9.43,0,1,FLASH_FLOOD,Severe,93.4,97.0
2026-09-01 01:25:20,IN-DELHI-01,26.8,46.8,27.8,999.5,226.0,1.01,-0.13,10.58,10.62,0.81,0,400,4033,2,13,19.5,4044,1,181.2,0.02,0,0,NORMAL,None,17.0,95.9
2026-09-01 01:25:25,IN-DELHI-01,23.2,66.4,25.0,1001.3,211.0,1.0,-0.1,10.59,10.64,0.83,19,476,1715,85,656,1279.2,3136,33,80.4,-2.23,0,5,WATER_CONTAMINATION,Severe,90.6,92.4
2026-09-01 01:25:30,IN-DELHI-01,26.1,60.4,28.5,1008.5,150.0,1.04,-0.23,10.62,10.67,0.86,220,3040,4000,3,0,0.0,4054,1,185.7,0.0,1,4,HAZARDOUS_AIR_POLLUTION,Extreme,98.4,95.2
2026-09-01 01:25:35,IN-DELHI-01,30.7,50.3,33.7,1000.0,221.4,1.08,-0.1,10.93,10.98,1.17,8,428,4095,0,12,18.0,4059,1,185.6,-0.07,0,0,NORMAL,None,4.1,98.1
2026-09-01 01:25:40,IN-DELHI-01,26.5,54.8,28.3,998.7,232.7,1.06,-0.18,10.73,10.79,0.98,0,400,4057,1,4,6.0,4051,1,183.3,0.06,0,0,NORMAL,None,15.6,95.7
2026-09-01 01:25:45,IN-DELHI-01,21.7,95.7,25.6,987.7,325.3,1.02,0.01,10.74,10.79,0.98,18,463,1325,99,390,702.0,1171,100,42.1,-15.36,0,1,FLASH_FLOOD,Severe,91.6,95.1
2026-09-01 01:25:50,IN-DELHI-01,26.1,56.0,27.9,1000.9,213.7,1.0,-0.21,10.81,10.86,1.05,12,442,3987,3,8,12.0,4081,0,189.8,0.1,0,0,NORMAL,None,3.0,93.4
2026-09-01 01:25:55,IN-DELHI-01,24.8,56.7,26.3,999.8,223.3,0.97,-0.24,10.93,10.98,1.17,8,428,4070,0,3,4.5,4067,0,177.3,0.01,0,0,NORMAL,None,7.5,95.7
2026-09-01 01:26:00,IN-DELHI-01,22.9,69.1,24.8,1002.7,199.0,1.09,-0.16,10.56,10.62,0.81,13,452,1919,77,617,1203.1,2867,42,55.6,-2.16,0,5,WATER_CONTAMINATION,Severe,89.1,93.6
2026-09-01 01:26:05,IN-DELHI-01,26.4,57.6,28.5,998.9,230.7,1.04,-0.21,10.63,10.69,0.88,9,431,3996,3,6,9.0,4050,1,187.5,0.07,0,0,NORMAL,None,9.5,92.4
2026-09-01 01:26:10,IN-DELHI-01,28.4,63.4,32.2,1007.9,155.1,1.04,-0.21,10.63,10.68,0.87,139,2068,4013,2,29,43.5,4072,0,180.6,0.0,1,4,HAZARDOUS_AIR_POLLUTION,Severe,88.7,98.1
2026-09-01 01:26:15,IN-DELHI-01,26.6,68.0,30.0,1006.4,167.8,1.08,-0.22,10.79,10.85,1.04,169,2428,3965,4,11,16.5,4083,0,186.6,0.0,1,4,HAZARDOUS_AIR_POLLUTION,Severe,92.3,93.1
2026-09-01 01:26:20,IN-DELHI-01,30.5,54.2,33.9,998.7,232.6,0.98,-0.19,10.84,10.88,1.07,0,400,4039,2,8,12.0,4047,1,181.7,-0.17,0,0,NORMAL,None,8.3,93.7
2026-09-01 01:26:25,IN-DELHI-01,26.2,50.5,27.5,1000.9,213.7,1.2,-0.17,10.59,10.66,0.85,5,417,4066,1,15,22.5,4087,0,169.6,-0.09,0,0,NORMAL,None,3.1,92.4
2026-09-01 01:26:30,IN-DELHI-01,27.9,49.0,29.7,999.6,225.1,1.06,-0.31,10.73,10.79,0.98,4,414,4026,2,11,16.5,4060,1,198.1,-0.11,0,0,NORMAL,None,4.1,92.2
2026-09-01 01:26:35,IN-DELHI-01,26.0,59.3,28.2,1006.5,167.0,0.98,-0.15,10.56,10.6,0.79,136,2032,3971,4,19,28.5,4049,1,173.6,0.0,0,4,HAZARDOUS_AIR_POLLUTION,Severe,88.3,97.5
2026-09-01 01:26:40,IN-DELHI-01,40.5,12.0,40.5,996.9,247.6,0.94,-0.14,10.7,10.74,0.93,75,1037,4093,0,0,0.0,4095,0,186.2,0.0,0,3,WILDFIRE,Severe,86.7,97.2
2026-09-01 01:26:45,IN-DELHI-01,26.0,70.3,29.5,997.8,240.2,1.06,-0.18,10.82,10.87,1.06,19,476,1843,80,649,1265.5,2641,50,55.9,-1.88,0,5,WATER_CONTAMINATION,Severe,90.3,93.7
2026-09-01 01:26:50,IN-DELHI-01,29.3,56.1,32.5,999.9,222.7,1.08,-0.19,10.78,10.84,1.03,0,400,4000,3,22,33.0,4048,1,182.0,-0.22,0,0,NORMAL,None,5.2,93.9
2026-09-01 01:26:55,IN-DELHI-01,24.4,67.9,26.9,1002.8,198.4,0.91,-0.32,10.62,10.66,0.85,29,516,2036,73,469,914.5,3200,30,83.6,-0.97,0,5,WATER_CONTAMINATION,Severe,83.3,92.3
2026-09-01 01:27:00,IN-DELHI-01,27.7,54.2,30.0,1000.3,219.3,0.94,-0.25,10.78,10.83,1.02,4,414,4095,0,12,18.0,4069,0,179.0,0.12,0,0,NORMAL,None,4.9,92.8
2026-09-01 01:27:05,IN-DELHI-01,26.2,70.6,29.7,1001.2,211.6,0.99,-0.11,10.66,10.7,0.89,18,472,1903,78,870,1696.5,3195,31,57.5,-1.64,0,5,WATER_CONTAMINATION,Severe,96.0,87.1
2026-09-01 01:27:10,IN-DELHI-01,28.6,49.4,30.6,999.9,222.7,1.15,-0.26,10.76,10.82,1.01,5,417,4033,2,9,13.5,4079,0,179.3,0.26,0,0,NORMAL,None,12.0,93.0
2026-09-01 01:27:15,IN-DELHI-01,24.0,90.0,28.5,987.4,328.1,1.17,-0.31,10.7,10.77,0.96,23,480,1361,97,353,635.4,1386,93,61.7,-12.61,0,1,FLASH_FLOOD,Severe,87.7,95.5
2026-09-01 01:27:20,IN-DELHI-01,25.0,67.8,27.7,1003.6,191.4,1.0,-0.22,10.72,10.76,0.95,21,484,1665,86,704,1372.8,2657,49,72.6,-0.63,1,5,WATER_CONTAMINATION,Severe,92.5,86.9
2026-09-01 01:27:25,IN-DELHI-01,21.6,91.9,25.0,984.8,350.0,1.25,-0.01,11.05,11.13,1.32,13,445,1373,97,318,572.4,1206,99,58.1,-9.39,1,1,FLASH_FLOOD,Severe,88.4,89.2
2026-09-01 01:27:30,IN-DELHI-01,27.0,65.7,30.3,1005.4,176.5,1.05,-0.19,10.73,10.78,0.97,139,2068,3866,8,0,0.0,4076,0,183.6,0.0,1,4,HAZARDOUS_AIR_POLLUTION,Severe,88.7,92.4
2026-09-01 01:27:35,IN-DELHI-01,26.3,64.7,29.2,1005.7,173.6,0.98,-0.07,10.86,10.91,1.1,228,3136,3976,4,14,21.0,4047,1,170.4,0.0,1,4,HAZARDOUS_AIR_POLLUTION,Extreme,99.0,90.5
2026-09-01 01:27:40,IN-DELHI-01,24.6,45.4,24.8,999.8,223.1,1.1,-0.11,10.66,10.72,0.91,1,403,4073,0,6,9.0,4089,0,185.0,-0.23,0,0,NORMAL,None,8.8,93.2
2026-09-01 01:27:45,IN-DELHI-01,21.8,51.9,21.9,1003.3,193.8,1.15,-0.1,10.74,10.8,0.99,0,400,4050,1,12,18.0,4073,0,182.8,-0.08,0,0,NORMAL,None,14.9,97.2
2026-09-01 01:27:50,IN-DELHI-01,21.2,87.5,24.1,989.0,314.5,-2.45,-2.44,10.9,11.44,1.63,13,445,1281,100,214,342.4,1467,90,153.0,-2.33,0,2,LANDSLIDE_PRECURSOR,Extreme,86.5,89.6
2026-09-01 01:27:55,IN-DELHI-01,26.3,52.7,27.9,1002.3,202.5,1.07,-0.18,10.88,10.94,1.13,1,403,4059,1,10,15.0,4082,0,177.2,-0.12,0,0,NORMAL,None,14.8,93.2
2026-09-01 01:28:00,IN-DELHI-01,24.7,68.3,27.4,1001.3,210.6,0.99,-0.16,10.84,10.88,1.07,11,444,1634,88,676,1318.2,2862,42,58.0,-1.21,0,5,WATER_CONTAMINATION,Severe,91.4,95.0
2026-09-01 01:28:05,IN-DELHI-01,27.2,69.6,31.1,1002.7,198.6,1.12,-0.28,10.69,10.75,0.94,21,484,1733,84,662,1290.9,3262,28,63.5,-2.34,0,5,WATER_CONTAMINATION,Severe,90.8,92.0
2026-09-01 01:28:10,IN-DELHI-01,20.9,89.2,23.8,992.1,288.4,4.42,2.01,10.04,11.15,1.34,16,456,1282,100,148,236.8,1777,80,139.2,-4.52,0,2,LANDSLIDE_PRECURSOR,Extreme,85.3,92.9
2026-09-01 01:28:15,IN-DELHI-01,40.5,18.5,40.8,1000.1,221.1,0.91,-0.22,10.62,10.66,0.85,102,1267,4081,0,0,0.0,4095,0,184.9,0.0,0,3,WILDFIRE,Severe,86.8,94.8
2026-09-01 01:28:20,IN-DELHI-01,22.5,93.2,26.6,987.3,328.9,0.97,-0.31,10.85,10.9,1.09,10,435,1403,96,238,428.4,1317,95,37.2,-20.82,0,1,FLASH_FLOOD,Severe,92.6,94.2
2026-09-01 01:28:25,IN-DELHI-01,24.1,47.3,24.5,1001.3,210.8,1.11,-0.14,10.59,10.65,0.84,0,400,4014,2,22,33.0,4042,1,186.8,0.14,0,0,NORMAL,None,9.8,96.0
2026-09-01 01:28:30,IN-DELHI-01,27.6,54.8,29.9,1000.7,216.1,1.1,-0.19,10.44,10.5,0.69,4,414,4011,3,5,7.5,4095,0,169.9,-0.02,0,0,NORMAL,None,16.6,93.2
2026-09-01 01:28:35,IN-DELHI-01,22.1,93.1,25.9,987.5,326.9,-2.37,-1.33,11.33,11.65,1.84,7,424,1289,100,235,376.0,1677,83,134.4,-4.24,0,2,LANDSLIDE_PRECURSOR,Extreme,93.8,87.0
2026-09-01 01:28:40,IN-DELHI-01,41.1,23.0,42.6,995.9,256.4,1.06,-0.07,10.75,10.8,0.99,80,1080,4071,0,0,0.0,4095,0,188.8,0.0,1,3,WILDFIRE,Severe,88.7,88.2
2026-09-01 01:28:45,IN-DELHI-01,20.1,93.5,22.9,991.2,296.1,5.51,2.64,12.49,13.9,4.09,3,410,1365,97,182,291.2,1574,87,141.3,-3.89,0,2,LANDSLIDE_PRECURSOR,Extreme,90.0,91.4
2026-09-01 01:28:50,IN-DELHI-01,25.5,47.6,26.3,1000.4,218.0,0.96,-0.18,10.82,10.87,1.06,6,421,4051,1,9,13.5,4076,0,174.2,0.03,0,0,NORMAL,None,15.5,97.9
2026-09-01 01:28:55,IN-DELHI-01,22.1,92.0,25.8,984.5,352.3,1.24,-0.36,10.43,10.51,0.7,8,428,1345,98,336,604.8,1195,100,58.6,-8.01,0,1,FLASH_FLOOD,Severe,88.3,92.8
2026-09-01 01:29:00,IN-DELHI-01,21.7,84.5,24.6,995.1,263.2,5.51,2.4,10.85,12.41,2.6,8,428,1336,98,216,345.6,1847,77,135.8,-6.03,0,2,LANDSLIDE_PRECURSOR,Extreme,85.6,95.4
2026-09-01 01:29:05,IN-DELHI-01,26.0,68.9,29.3,1004.5,183.8,0.94,-0.21,10.73,10.77,0.96,153,2236,3938,5,16,24.0,4038,1,182.7,0.0,0,4,HAZARDOUS_AIR_POLLUTION,Severe,90.4,93.4
2026-09-01 01:29:10,IN-DELHI-01,20.9,89.0,23.8,984.0,356.6,1.29,-0.3,10.75,10.83,1.02,20,470,1316,99,345,621.0,1240,98,69.7,-8.7,1,1,FLASH_FLOOD,Severe,86.1,88.6
2026-09-01 01:29:15,IN-DELHI-01,27.8,54.3,30.2,1001.9,205.7,1.01,-0.16,10.89,10.94,1.13,1,403,4031,2,6,9.0,4058,1,181.8,-0.0,0,0,NORMAL,None,17.4,97.5
2026-09-01 01:29:20,IN-DELHI-01,25.3,50.8,26.4,999.3,227.2,1.05,-0.16,10.71,10.76,0.95,1,403,3943,5,12,18.0,4070,0,174.4,-0.14,0,0,NORMAL,None,3.0,94.1
2026-09-01 01:29:25,IN-DELHI-01,26.6,54.2,28.5,1001.0,213.3,1.25,-0.3,10.75,10.83,1.02,17,459,4095,0,7,10.5,4060,1,184.0,-0.09,0,0,NORMAL,None,5.7,95.3
2026-09-01 01:29:30,IN-DELHI-01,23.3,86.0,27.0,992.7,283.6,4.65,1.03,10.67,11.69,1.88,13,445,1211,100,251,401.6,1529,88,165.3,-4.91,0,2,LANDSLIDE_PRECURSOR,Extreme,88.7,92.5
2026-09-01 01:29:35,IN-DELHI-01,21.8,88.8,25.1,992.6,283.8,-3.66,-3.81,11.82,12.94,3.13,5,417,1293,100,293,468.8,1403,92,154.3,-3.04,0,2,LANDSLIDE_PRECURSOR,Extreme,93.3,92.0
2026-09-01 01:29:40,IN-DELHI-01,39.6,15.2,39.6,999.8,223.4,1.02,-0.13,10.68,10.72,0.91,107,1309,4083,0,7,10.5,4095,0,189.5,0.0,0,3,WILDFIRE,Severe,83.6,97.9
2026-09-01 01:29:45,IN-DELHI-01,28.8,46.7,30.6,1002.5,200.9,1.0,-0.11,10.7,10.75,0.94,3,410,3988,3,7,10.5,4070,0,201.0,-0.17,0,0,NORMAL,None,16.9,94.7
2026-09-01 01:29:50,IN-DELHI-01,24.0,90.7,28.6,983.3,362.1,1.01,-0.04,11.12,11.17,1.36,12,442,1379,97,327,588.6,1317,95,63.2,-9.65,0,1,FLASH_FLOOD,Severe,87.4,97.4
2026-09-01 01:29:55,IN-DELHI-01,30.6,50.6,33.6,999.9,222.6,1.02,-0.23,10.79,10.84,1.03,4,414,4056,1,20,30.0,4084,0,170.3,-0.06,0,0,NORMAL,None,5.3,94.2
2026-09-01 01:30:00,IN-DELHI-01,24.6,87.2,29.1,994.3,269.4,5.39,2.37,11.19,12.64,2.83,17,459,1298,100,200,320.0,1503,89,147.8,-2.15,0,2,LANDSLIDE_PRECURSOR,Extreme,87.5,89.1
2026-09-01 01:30:05,IN-DELHI-01,24.8,93.0,30.1,987.2,329.7,1.4,-0.08,10.61,10.7,0.89,9,431,1375,97,295,531.0,1321,95,62.5,-6.99,0,1,FLASH_FLOOD,Severe,87.5,91.0
2026-09-01 01:30:10,IN-DELHI-01,21.7,93.2,25.3,987.4,327.8,1.09,-0.53,10.94,11.0,1.19,15,452,1195,100,341,613.8,1333,95,30.3,-14.82,1,1,FLASH_FLOOD,Severe,93.9,95.4
2026-09-01 01:30:15,IN-DELHI-01,28.6,43.2,29.8,1001.5,209.1,0.9,-0.15,10.86,10.9,1.09,4,414,4083,0,12,18.0,4056,1,190.3,0.01,0,0,NORMAL,None,12.8,93.1
2026-09-01 01:30:20,IN-DELHI-01,28.1,53.9,30.5,1001.5,209.3,1.11,-0.09,10.45,10.51,0.7,2,407,4076,0,7,10.5,4055,1,186.1,0.1,1,0,NORMAL,None,2.4,92.6
2026-09-01 01:30:25,IN-DELHI-01,22.9,91.7,26.9,983.3,362.2,1.37,-0.55,10.79,10.89,1.08,8,428,1334,98,306,550.8,1267,97,48.3,-22.23,1,1,FLASH_FLOOD,Severe,90.3,92.5
2026-09-01 01:30:30,IN-DELHI-01,44.0,17.6,44.9,994.7,266.4,1.05,-0.17,10.78,10.84,1.03,65,952,4077,0,0,0.0,4095,0,195.2,0.0,0,3,WILDFIRE,Extreme,98.0,97.2
2026-09-01 01:30:35,IN-DELHI-01,22.0,56.8,22.7,1000.2,219.9,1.08,-0.12,10.94,10.99,1.18,0,400,4040,1,0,0.0,4093,0,184.8,0.03,0,0,NORMAL,None,5.6,94.4
2026-09-01 01:30:40,IN-DELHI-01,45.2,17.2,46.3,993.4,277.2,0.96,-0.2,10.65,10.7,0.89,164,1794,4095,0,14,21.0,4095,0,190.3,0.0,1,3,WILDFIRE,Extreme,98.0,94.4
2026-09-01 01:30:45,IN-DELHI-01,25.5,62.1,27.8,1003.9,189.1,1.1,-0.21,10.75,10.81,1.0,85,1420,4044,1,18,27.0,4044,1,181.8,0.0,1,4,HAZARDOUS_AIR_POLLUTION,Severe,82.2,95.5
2026-09-01 01:30:50,IN-DELHI-01,22.8,87.0,26.5,988.6,318.1,1.05,-0.14,10.89,10.94,1.13,27,494,1280,100,306,550.8,1340,95,47.8,-18.15,0,1,FLASH_FLOOD,Severe,90.4,96.9
2026-09-01 01:30:55,IN-DELHI-01,25.3,66.1,28.0,998.1,237.5,1.1,-0.18,10.68,10.74,0.93,17,468,2148,69,613,1195.3,2794,44,105.5,-1.19,0,5,WATER_CONTAMINATION,Severe,88.9,88.8
2026-09-01 01:31:00,IN-DELHI-01,29.1,43.3,30.5,1000.9,214.2,1.06,-0.28,10.69,10.75,0.94,0,400,4069,0,0,0.0,4077,0,177.2,-0.02,0,0,NORMAL,None,17.9,98.9
2026-09-01 01:31:05,IN-DELHI-01,22.2,92.3,26.0,985.1,347.3,1.22,-0.05,10.84,10.91,1.1,23,480,1356,97,314,565.2,1343,95,17.0,-11.15,0,1,FLASH_FLOOD,Extreme,96.6,94.8
2026-09-01 01:31:10,IN-DELHI-01,21.1,89.7,24.1,989.1,313.7,1.05,-0.2,10.32,10.37,0.56,20,470,1341,98,357,642.6,1215,99,30.1,-12.59,0,1,FLASH_FLOOD,Severe,94.0,95.8
2026-09-01 01:31:15,IN-DELHI-01,23.4,91.7,27.7,985.4,345.0,0.99,-0.3,10.82,10.87,1.06,11,438,1295,100,263,473.4,1352,94,29.5,-14.66,1,1,FLASH_FLOOD,Extreme,94.1,93.1
2026-09-01 01:31:20,IN-DELHI-01,24.3,85.3,28.5,991.9,290.3,5.69,2.22,9.62,11.39,1.58,9,431,1332,98,289,462.4,1581,86,122.7,-2.26,0,2,LANDSLIDE_PRECURSOR,Extreme,86.9,91.0
2026-09-01 01:31:25,IN-DELHI-01,23.0,95.4,27.4,984.8,349.8,1.1,-0.1,10.93,10.99,1.18,4,414,1424,95,314,565.2,1364,94,38.6,-11.65,1,1,FLASH_FLOOD,Severe,92.3,93.3
2026-09-01 01:31:30,IN-DELHI-01,28.4,49.8,30.3,1000.6,216.6,1.06,-0.1,11.01,11.06,1.25,16,456,4095,0,6,9.0,4050,1,172.0,0.17,0,0,NORMAL,None,11.1,98.9
2026-09-01 01:31:35,IN-DELHI-01,44.8,12.9,44.8,996.5,251.6,0.95,-0.17,10.8,10.84,1.03,134,1539,4086,0,5,7.5,4095,0,190.3,0.0,1,3,WILDFIRE,Extreme,98.0,87.7
2026-09-01 01:31:40,IN-DELHI-01,39.7,20.1,40.2,1000.0,222.0,1.17,-0.28,10.74,10.81,1.0,101,1258,4075,0,6,9.0,4095,0,183.7,0.0,0,3,WILDFIRE,Severe,84.1,87.1
2026-09-01 01:31:45,IN-DELHI-01,28.0,49.3,29.8,1000.6,216.6,1.07,-0.09,10.82,10.88,1.07,9,431,4042,1,15,22.5,4071,0,198.8,-0.21,0,0,NORMAL,None,6.4,97.5
2026-09-01 01:31:50,IN-DELHI-01,23.4,72.4,25.9,999.0,230.3,1.07,-0.14,10.83,10.88,1.07,13,452,2056,72,450,877.5,3427,23,72.6,-1.48,0,5,WATER_CONTAMINATION,Severe,82.5,89.0
2026-09-01 01:31:55,IN-DELHI-01,27.2,60.3,30.0,1001.0,212.9,1.04,-0.13,10.74,10.79,0.98,7,424,4015,2,3,4.5,4095,0,189.1,0.05,0,0,NORMAL,None,8.2,93.9
2026-09-01 01:32:00,IN-DELHI-01,30.1,52.5,33.1,1001.9,205.9,1.02,-0.16,10.78,10.83,1.02,7,424,4074,0,9,13.5,4062,1,194.5,-0.07,0,0,NORMAL,None,16.8,96.1
2026-09-01 01:32:05,IN-DELHI-01,24.8,66.9,27.3,1000.6,216.3,1.0,-0.21,10.7,10.74,0.93,18,472,1794,82,655,1277.2,2878,42,64.2,-1.66,0,5,WATER_CONTAMINATION,Severe,90.5,88.9
2026-09-01 01:32:10,IN-DELHI-01,19.7,88.9,22.1,989.4,311.3,4.52,1.94,11.74,12.73,2.92,15,452,1253,100,167,267.2,1610,85,121.6,-0.46,0,2,LANDSLIDE_PRECURSOR,Extreme,90.1,94.9
2026-09-01 01:32:15,IN-DELHI-01,42.3,15.2,42.3,997.5,242.8,1.03,-0.23,10.79,10.84,1.03,121,1428,4073,0,7,10.5,4095,0,192.4,0.0,0,3,WILDFIRE,Extreme,92.9,92.7
2026-09-01 01:32:20,IN-DELHI-01,41.3,18.9,41.9,996.0,255.5,1.27,-0.16,10.74,10.82,1.01,118,1403,4095,0,2,3.0,4095,0,186.5,0.0,1,3,WILDFIRE,Severe,89.6,92.1
2026-09-01 01:32:25,IN-DELHI-01,23.5,85.0,27.2,987.6,326.6,1.22,-0.09,10.78,10.85,1.04,16,456,1349,98,262,471.6,1214,99,52.6,-8.6,0,1,FLASH_FLOOD,Severe,89.5,94.1
2026-09-01 01:32:30,IN-DELHI-01,28.5,50.8,30.7,1002.6,199.7,0.89,-0.26,10.68,10.72,0.91,0,400,4058,1,15,22.5,4063,1,175.5,-0.09,0,0,NORMAL,None,16.1,98.4
2026-09-01 01:32:35,IN-DELHI-01,27.2,47.8,28.5,1001.5,209.1,1.03,-0.27,10.69,10.74,0.93,1,403,4055,1,8,12.0,4048,1,185.3,0.2,0,0,NORMAL,None,15.9,95.5
2026-09-01 01:32:40,IN-DELHI-01,27.5,51.8,29.5,1000.8,215.1,1.05,-0.2,10.53,10.58,0.77,9,431,4095,0,0,0.0,4095,0,177.3,0.03,0,0,NORMAL,None,15.6,95.3
2026-09-01 01:32:45,IN-DELHI-01,23.5,51.8,24.0,999.1,229.5,0.94,-0.14,10.69,10.73,0.92,0,400,3999,3,10,15.0,4090,0,177.6,0.06,0,0,NORMAL,None,3.4,99.0
2026-09-01 01:32:50,IN-DELHI-01,28.7,43.9,30.0,1002.8,198.2,1.18,-0.23,10.65,10.72,0.91,0,400,4078,0,5,7.5,4090,0,176.5,-0.35,0,0,NORMAL,None,11.2,98.8
2026-09-01 01:32:55,IN-DELHI-01,27.2,68.0,31.0,1007.8,156.1,0.87,-0.2,10.68,10.71,0.9,100,1600,4012,2,22,33.0,4065,1,189.4,0.0,0,4,HAZARDOUS_AIR_POLLUTION,Severe,84.0,97.0
2026-09-01 01:33:00,IN-DELHI-01,26.3,52.4,27.9,1001.3,210.8,1.13,-0.15,10.74,10.8,0.99,12,442,4055,1,9,13.5,4095,0,185.0,-0.0,0,0,NORMAL,None,14.6,95.9
2026-09-01 01:33:05,IN-DELHI-01,22.7,91.0,26.7,985.3,345.8,0.9,-0.34,10.77,10.82,1.01,10,435,1335,98,348,626.4,1196,100,33.0,-14.09,0,1,FLASH_FLOOD,Severe,93.4,89.1
2026-09-01 01:33:10,IN-DELHI-01,27.1,71.7,31.3,1000.3,219.5,0.89,-0.15,10.74,10.78,0.97,16,464,2107,71,663,1292.8,3784,10,70.7,-1.71,0,5,WATER_CONTAMINATION,Severe,90.9,86.5
2026-09-01 01:33:15,IN-DELHI-01,22.7,65.4,24.3,1001.2,211.6,1.09,-0.22,10.76,10.82,1.01,32,528,1842,80,604,1177.8,2827,43,33.3,-1.75,1,5,WATER_CONTAMINATION,Severe,88.6,93.7
2026-09-01 01:33:20,IN-DELHI-01,26.9,52.8,28.8,1003.2,195.1,0.88,-0.27,10.83,10.87,1.06,2,407,4029,2,7,10.5,4066,1,176.8,-0.06,0,0,NORMAL,None,6.9,93.2
2026-09-01 01:33:25,IN-DELHI-01,29.6,42.6,31.1,1003.3,194.1,1.23,-0.27,10.67,10.74,0.93,3,410,4095,0,9,13.5,4075,0,188.5,-0.31,0,0,NORMAL,None,8.3,95.1
2026-09-01 01:33:30,IN-DELHI-01,22.3,95.3,26.4,986.6,334.3,1.16,-0.09,11.11,11.17,1.36,8,428,1308,99,277,498.6,1360,94,61.4,-9.96,0,1,FLASH_FLOOD,Severe,87.7,94.9
2026-09-01 01:33:35,IN-DELHI-01,27.2,61.8,30.1,1006.5,167.3,1.22,-0.12,10.75,10.82,1.01,120,1840,3977,4,5,7.5,4041,1,185.7,0.0,0,4,HAZARDOUS_AIR_POLLUTION,Severe,86.4,93.8
2026-09-01 01:33:40,IN-DELHI-01,24.7,97.4,30.3,989.3,311.9,1.12,-0.17,10.76,10.82,1.01,9,431,1361,97,411,739.8,1355,94,33.5,-10.61,1,1,FLASH_FLOOD,Severe,93.3,88.8
2026-09-01 01:33:45,IN-DELHI-01,28.1,56.0,30.7,1003.4,193.4,1.09,-0.31,10.56,10.62,0.81,0,400,4095,0,16,24.0,4043,1,181.3,-0.05,0,0,NORMAL,None,7.4,98.0
2026-09-01 01:33:50,IN-DELHI-01,28.9,49.7,31.0,1001.5,208.7,0.93,-0.23,10.68,10.73,0.92,8,428,4029,2,15,22.5,4095,0,185.6,0.13,0,0,NORMAL,None,4.1,96.2
2026-09-01 01:33:55,IN-DELHI-01,28.6,58.4,31.8,1000.2,220.0,0.99,-0.21,10.84,10.88,1.07,5,417,4054,1,10,15.0,4071,0,168.3,0.24,0,0,NORMAL,None,17.5,97.4
2026-09-01 01:34:00,IN-DELHI-01,28.6,61.2,32.1,1001.7,207.3,1.09,-0.17,10.77,10.83,1.02,0,400,4095,0,12,18.0,4086,0,181.0,0.11,0,0,NORMAL,None,3.5,93.5
2026-09-01 01:34:05,IN-DELHI-01,26.9,57.7,29.3,1008.1,153.2,1.19,-0.26,10.64,10.71,0.9,212,2944,3981,4,22,33.0,4049,1,178.8,0.0,1,4,HAZARDOUS_AIR_POLLUTION,Extreme,97.4,90.6
2026-09-01 01:34:10,IN-DELHI-01,25.8,54.9,27.4,1001.2,211.7,1.05,-0.1,10.77,10.82,1.01,11,438,4087,0,5,7.5,4087,0,185.1,-0.11,0,0,NORMAL,None,16.3,99.0
2026-09-01 01:34:15,IN-DELHI-01,22.5,87.4,26.0,995.3,261.3,-4.29,-2.8,8.28,9.74,0.07,6,421,1257,100,240,384.0,1762,80,130.4,-6.78,1,2,LANDSLIDE_PRECURSOR,Extreme,89.6,88.3
2026-09-01 01:34:20,IN-DELHI-01,29.4,61.5,33.3,1006.2,169.3,0.85,-0.17,10.73,10.76,0.95,179,2548,3951,5,19,28.5,4045,1,181.0,0.0,0,4,HAZARDOUS_AIR_POLLUTION,Severe,93.5,95.3
2026-09-01 01:34:25,IN-DELHI-01,29.7,58.9,33.4,1007.9,155.3,1.15,-0.21,10.93,11.0,1.19,219,3028,4011,3,17,25.5,4061,1,184.1,0.0,0,4,HAZARDOUS_AIR_POLLUTION,Extreme,98.3,93.0
2026-09-01 01:34:30,IN-DELHI-01,26.3,44.6,27.0,998.7,232.7,0.97,-0.2,10.75,10.8,0.99,8,428,4055,1,14,21.0,4083,0,170.3,0.09,0,0,NORMAL,None,2.1,98.3
2026-09-01 01:34:35,IN-DELHI-01,25.6,91.2,31.1,984.0,356.9,1.16,-0.02,10.79,10.86,1.05,19,466,1342,98,381,685.8,1133,100,65.6,-10.04,0,1,FLASH_FLOOD,Severe,86.9,92.0
2026-09-01 01:34:40,IN-DELHI-01,26.5,54.0,28.3,1001.7,207.4,0.98,-0.17,10.68,10.73,0.92,0,400,4036,2,3,4.5,4062,1,185.6,-0.02,0,0,NORMAL,None,13.1,92.9
2026-09-01 01:34:45,IN-DELHI-01,27.1,92.7,33.8,994.6,267.2,-2.24,-1.89,11.39,11.76,1.95,17,459,1311,99,270,432.0,1439,91,109.7,-0.03,0,2,LANDSLIDE_PRECURSOR,Extreme,86.7,92.0
2026-09-01 01:34:50,IN-DELHI-01,23.6,87.1,27.6,988.7,317.0,-2.85,-2.89,11.0,11.73,1.92,15,452,1262,100,214,342.4,1496,89,119.9,-4.01,0,2,LANDSLIDE_PRECURSOR,Extreme,94.9,87.0
2026-09-01 01:34:55,IN-DELHI-01,38.1,13.3,38.1,996.7,249.5,1.05,-0.3,10.84,10.89,1.08,102,1267,4086,0,0,0.0,4095,0,188.9,0.0,0,3,WILDFIRE,Severe,78.5,93.7
2026-09-01 01:35:00,IN-DELHI-01,27.0,46.1,28.0,1000.9,214.0,1.17,-0.24,10.7,10.77,0.96,1,403,4095,0,12,18.0,4072,0,177.8,-0.01,0,0,NORMAL,None,4.6,92.4
2026-09-01 01:35:05,IN-DELHI-01,41.9,20.4,43.0,999.9,222.8,1.18,-0.14,10.74,10.81,1.0,129,1496,4084,0,7,10.5,4095,0,189.7,0.0,0,3,WILDFIRE,Severe,91.7,94.2
2026-09-01 01:35:10,IN-DELHI-01,27.0,74.1,31.4,1000.1,220.5,1.04,-0.29,10.86,10.91,1.1,13,452,2088,71,625,1218.8,3247,29,87.7,-0.7,1,5,WATER_CONTAMINATION,Severe,89.4,85.4
2026-09-01 01:35:15,IN-DELHI-01,28.9,51.5,31.3,1000.8,214.5,1.01,-0.16,10.7,10.75,0.94,2,407,3998,3,20,30.0,4066,1,178.9,-0.07,0,0,NORMAL,None,14.1,95.5
2026-09-01 01:35:20,IN-DELHI-01,22.8,87.4,26.5,992.6,284.2,6.95,1.79,12.38,14.31,4.5,14,449,1192,100,167,267.2,1455,91,139.0,-6.12,0,2,LANDSLIDE_PRECURSOR,Extreme,88.1,94.1
2026-09-01 01:35:25,IN-DELHI-01,28.0,65.5,31.8,1006.2,169.8,0.99,-0.21,10.86,10.91,1.1,119,1828,3977,4,6,9.0,4040,1,184.7,0.0,0,4,HAZARDOUS_AIR_POLLUTION,Severe,86.3,91.4
2026-09-01 01:35:30,IN-DELHI-01,26.2,67.0,29.4,1001.4,209.8,1.04,-0.18,10.98,11.03,1.22,14,456,1862,79,540,1053.0,2960,39,74.3,-1.23,0,5,WATER_CONTAMINATION,Severe,86.1,94.4
2026-09-01 01:35:35,IN-DELHI-01,19.9,88.3,22.3,990.1,305.0,7.6,1.39,12.19,14.43,4.62,4,414,1349,98,228,364.8,1571,87,132.2,-2.01,1,2,LANDSLIDE_PRECURSOR,Extreme,93.0,94.4
2026-09-01 01:35:40,IN-DELHI-01,22.3,94.9,26.4,987.0,331.1,1.33,-0.21,11.06,11.14,1.33,9,431,1373,97,395,711.0,1235,98,35.8,-13.88,1,1,FLASH_FLOOD,Severe,92.8,92.0
2026-09-01 01:35:45,IN-DELHI-01,26.7,57.8,29.0,1001.4,210.0,1.1,-0.15,10.65,10.71,0.9,2,407,4057,1,7,10.5,4085,0,180.9,0.05,0,0,NORMAL,None,13.8,98.6
2026-09-01 01:35:50,IN-DELHI-01,38.3,17.2,38.3,995.7,258.2,1.12,-0.09,10.83,10.88,1.07,85,1122,4094,0,3,4.5,4095,0,176.3,0.0,0,3,WILDFIRE,Severe,79.1,93.8
2026-09-01 01:35:55,IN-DELHI-01,25.2,64.3,27.7,999.7,224.1,0.98,-0.24,10.87,10.92,1.11,13,452,1772,83,500,975.0,3019,37,78.7,-2.85,0,5,WATER_CONTAMINATION,Severe,84.5,92.2
2026-09-01 01:36:00,IN-DELHI-01,22.2,99.0,26.6,985.8,341.4,1.15,-0.08,11.01,11.07,1.26,16,456,1357,97,358,644.4,1290,96,76.6,-11.56,1,1,FLASH_FLOOD,Severe,84.7,95.9
2026-09-01 01:36:05,IN-DELHI-01,24.3,56.0,25.5,1005.7,173.9,0.97,-0.12,10.67,10.72,0.91,192,2704,3966,4,0,0.0,4045,1,178.5,0.0,1,4,HAZARDOUS_AIR_POLLUTION,Extreme,95.0,93.9
2026-09-01 01:36:10,IN-DELHI-01,40.7,13.3,40.7,999.9,222.8,1.04,-0.03,10.68,10.73,0.92,109,1326,4089,0,9,13.5,4095,0,187.1,0.0,0,3,WILDFIRE,Severe,87.4,97.9
2026-09-01 01:36:15,IN-DELHI-01,24.2,58.5,25.7,999.8,223.2,1.0,-0.16,10.74,10.79,0.98,0,400,4047,1,12,18.0,4059,1,187.6,-0.32,0,0,NORMAL,None,16.8,98.6
2026-09-01 01:36:20,IN-DELHI-01,22.4,87.5,25.9,987.8,324.8,1.16,-0.07,11.0,11.06,1.25,20,470,1309,99,355,639.0,1223,99,63.5,-6.49,1,1,FLASH_FLOOD,Severe,87.3,96.3
2026-09-01 01:36:25,IN-DELHI-01,24.8,94.9,30.2,989.8,307.6,1.02,-0.61,10.78,10.85,1.04,18,463,1394,96,303,545.4,1435,91,44.4,-15.21,1,1,FLASH_FLOOD,Severe,91.1,96.5
2026-09-01 01:36:30,IN-DELHI-01,20.1,89.2,22.6,990.3,303.5,6.94,3.68,9.66,12.46,2.65,13,445,1252,100,182,291.2,1842,77,159.2,-3.59,0,2,LANDSLIDE_PRECURSOR,Extreme,95.2,91.2
2026-09-01 01:36:35,IN-DELHI-01,41.2,20.9,42.2,993.4,277.6,1.08,-0.15,10.67,10.73,0.92,147,1649,4095,0,10,15.0,4095,0,187.6,0.0,0,3,WILDFIRE,Severe,89.2,97.7
2026-09-01 01:36:40,IN-DELHI-01,23.7,92.9,28.3,986.4,335.9,1.23,-0.31,10.66,10.74,0.93,14,449,1296,100,224,403.2,1213,99,45.1,-9.38,0,1,FLASH_FLOOD,Severe,91.0,96.9
2026-09-01 01:36:45,IN-DELHI-01,32.1,69.3,38.6,1006.3,168.2,1.09,-0.28,10.78,10.84,1.03,134,2008,3933,5,17,25.5,4042,1,177.6,0.0,1,4,HAZARDOUS_AIR_POLLUTION,Severe,88.1,91.6
2026-09-01 01:36:50,IN-DELHI-01,23.5,88.1,27.5,995.8,257.0,6.9,3.04,8.4,11.29,1.48,20,470,1319,99,181,289.6,1749,81,126.3,-4.51,1,2,LANDSLIDE_PRECURSOR,Extreme,87.1,95.0
2026-09-01 01:36:55,IN-DELHI-01,27.4,50.4,29.1,1001.5,208.9,1.13,-0.16,10.69,10.75,0.94,2,407,4030,2,7,10.5,4038,1,176.5,0.01,0,0,NORMAL,None,14.9,96.9
2026-09-01 01:37:00,IN-DELHI-01,20.7,95.6,24.1,991.8,290.8,-2.34,-1.26,10.41,10.75,0.94,7,424,1204,100,275,440.0,1798,79,135.3,-6.51,0,2,LANDSLIDE_PRECURSOR,Extreme,88.4,87.3
2026-09-01 01:37:05,IN-DELHI-01,22.2,95.7,26.3,987.5,327.0,1.26,-0.33,10.83,10.91,1.1,17,459,1391,96,382,687.6,1260,97,25.7,-13.21,0,1,FLASH_FLOOD,Extreme,94.9,93.8
2026-09-01 01:37:10,IN-DELHI-01,26.4,50.0,27.7,1003.3,194.0,1.0,-0.29,10.77,10.82,1.01,1,403,4025,2,14,21.0,4085,0,187.5,0.07,1,0,NORMAL,None,8.4,98.4
2026-09-01 01:37:15,IN-DELHI-01,42.2,17.9,42.7,997.9,239.0,1.15,-0.17,10.71,10.77,0.96,102,1267,4084,0,7,10.5,4095,0,184.9,0.0,1,3,WILDFIRE,Extreme,92.6,92.4
2026-09-01 01:37:20,IN-DELHI-01,26.2,54.5,27.9,1002.3,202.6,0.93,-0.3,10.67,10.71,0.9,3,410,3966,4,4,6.0,4055,1,164.7,-0.27,0,0,NORMAL,None,16.8,97.3
2026-09-01 01:37:25,IN-DELHI-01,41.7,21.3,43.0,994.6,267.4,0.98,-0.17,10.75,10.8,0.99,104,1284,4090,0,15,22.5,4095,0,189.3,0.0,0,3,WILDFIRE,Severe,90.9,97.5
2026-09-01 01:37:30,IN-DELHI-01,27.7,60.9,30.8,1000.9,214.4,1.05,-0.22,10.83,10.89,1.08,19,476,2255,65,606,1181.7,2690,48,58.5,-2.12,0,5,WATER_CONTAMINATION,Severe,88.6,86.8
2026-09-01 01:37:35,IN-DELHI-01,21.4,90.6,24.7,989.4,311.3,1.18,-0.38,10.92,10.99,1.18,13,445,1278,100,230,414.0,1257,98,83.3,-11.5,0,1,FLASH_FLOOD,Severe,83.3,88.6
2026-09-01 01:37:40,IN-DELHI-01,23.2,63.5,24.8,1006.4,167.7,0.95,-0.13,10.72,10.76,0.95,234,3208,4046,1,15,22.5,4063,1,186.3,0.0,1,4,HAZARDOUS_AIR_POLLUTION,Extreme,99.0,91.0
2026-09-01 01:37:45,IN-DELHI-01,41.3,18.4,41.8,996.3,252.7,1.0,-0.23,10.81,10.86,1.05,169,1836,4089,0,3,4.5,4095,0,185.5,0.0,0,3,WILDFIRE,Severe,89.7,92.2
2026-09-01 01:37:50,IN-DELHI-01,22.2,94.7,26.2,987.5,326.9,1.26,-0.27,10.9,10.98,1.17,16,456,1366,97,306,550.8,1230,98,87.4,-7.52,1,1,FLASH_FLOOD,Severe,82.5,88.7
2026-09-01 01:37:55,IN-DELHI-01,26.4,65.8,29.5,1000.7,215.8,1.06,-0.16,10.73,10.79,0.98,18,472,1662,87,643,1253.8,3499,20,53.8,-1.72,1,5,WATER_CONTAMINATION,Severe,90.1,89.8
2026-09-01 01:38:00,IN-DELHI-01,27.6,51.2,29.5,1002.6,199.7,1.24,-0.19,10.71,10.78,0.97,8,428,4031,2,10,15.0,4063,1,178.6,0.09,0,0,NORMAL,None,13.5,98.3
2026-09-01 01:38:05,IN-DELHI-01,26.7,55.9,28.9,1007.3,160.5,1.01,-0.22,10.64,10.69,0.88,140,2080,3985,3,19,28.5,4037,2,180.3,0.0,1,4,HAZARDOUS_AIR_POLLUTION,Severe,88.8,95.1
2026-09-01 01:38:10,IN-DELHI-01,25.8,72.9,29.4,998.6,233.1,1.13,-0.22,10.77,10.83,1.02,12,448,1797,82,505,984.8,2849,43,58.4,-1.22,0,5,WATER_CONTAMINATION,Severe,84.7,87.1
2026-09-01 01:38:15,IN-DELHI-01,23.9,50.2,24.4,1005.5,175.3,0.99,-0.16,10.78,10.83,1.02,164,2368,3940,5,22,33.0,4095,0,175.9,0.0,0,4,HAZARDOUS_AIR_POLLUTION,Severe,91.7,91.5
2026-09-01 01:38:20,IN-DELHI-01,24.7,53.6,25.9,1001.6,208.6,0.99,-0.21,10.86,10.91,1.1,6,421,4054,1,9,13.5,4086,0,174.0,-0.21,0,0,NORMAL,None,2.1,92.3
2026-09-01 01:38:25,IN-DELHI-01,25.5,54.8,27.0,1000.2,220.2,1.09,-0.21,10.64,10.7,0.89,2,407,4007,3,6,9.0,4095,0,175.3,0.23,0,0,NORMAL,None,7.6,96.8
2026-09-01 01:38:30,IN-DELHI-01,29.3,51.8,31.8,1002.1,204.2,1.11,-0.17,10.72,10.78,0.97,0,400,4072,0,4,6.0,4059,1,181.0,0.16,0,0,NORMAL,None,9.4,92.6
2026-09-01 01:38:35,IN-DELHI-01,23.8,59.7,25.3,1004.4,184.6,1.02,-0.19,10.78,10.83,1.02,129,1948,4016,2,22,33.0,4060,1,184.7,0.0,0,4,HAZARDOUS_AIR_POLLUTION,Severe,87.5,95.7
2026-09-01 01:38:40,IN-DELHI-01,23.4,84.8,27.1,998.2,236.9,6.54,1.72,9.42,11.6,1.79,10,435,1256,100,254,406.4,1727,81,119.4,-5.54,0,2,LANDSLIDE_PRECURSOR,Extreme,88.7,95.5
2026-09-01 01:38:45,IN-DELHI-01,23.4,92.9,27.9,985.9,340.9,1.1,-0.15,11.0,11.05,1.24,9,431,1240,100,390,702.0,1143,100,29.0,-12.24,0,1,FLASH_FLOOD,Extreme,94.2,90.6
2026-09-01 01:38:50,IN-DELHI-01,24.8,87.0,29.4,994.8,265.5,6.55,3.34,10.03,12.43,2.62,6,421,1256,100,211,337.6,1719,82,135.8,-6.39,0,2,LANDSLIDE_PRECURSOR,Extreme,98.1,96.4
2026-09-01 01:38:55,IN-DELHI-01,27.6,65.5,31.3,1003.6,191.0,1.12,-0.22,10.79,10.85,1.04,152,2224,4044,1,32,48.0,4093,0,179.9,0.0,0,4,HAZARDOUS_AIR_POLLUTION,Severe,90.2,90.5
2026-09-01 01:39:00,IN-DELHI-01,29.0,55.4,32.0,1002.0,204.6,1.07,-0.12,10.66,10.72,0.91,0,400,4008,3,2,3.0,4054,1,187.8,-0.26,0,0,NORMAL,None,5.9,92.3
2026-09-01 01:39:05,IN-DELHI-01,21.8,87.7,25.0,986.0,339.5,1.06,-0.17,10.78,10.83,1.02,10,435,1363,97,323,581.4,1372,94,22.9,-7.73,1,1,FLASH_FLOOD,Extreme,95.4,96.2
2026-09-01 01:39:10,IN-DELHI-01,24.3,96.8,29.6,984.1,355.6,0.91,-0.23,10.89,10.93,1.12,20,470,1270,100,251,451.8,1343,95,39.8,-18.24,0,1,FLASH_FLOOD,Severe,92.0,93.8
2026-09-01 01:39:15,IN-DELHI-01,28.9,51.7,31.3,1002.1,203.7,1.03,-0.14,10.69,10.75,0.94,0,400,4080,0,11,16.5,4094,0,172.0,0.23,0,0,NORMAL,None,4.9,97.8
2026-09-01 01:39:20,IN-DELHI-01,30.2,49.0,32.8,1001.9,205.8,1.06,-0.2,10.84,10.9,1.09,1,403,4054,1,12,18.0,4060,1,191.8,-0.03,0,0,NORMAL,None,12.8,96.6
2026-09-01 01:39:25,IN-DELHI-01,39.3,18.4,39.3,996.6,250.4,1.11,-0.38,10.67,10.73,0.92,81,1088,4093,0,1,1.5,4095,0,186.7,0.0,0,3,WILDFIRE,Severe,82.5,88.7
2026-09-01 01:39:30,IN-DELHI-01,30.1,69.5,35.5,1007.4,159.2,0.9,-0.17,10.82,10.86,1.05,172,2464,4018,2,14,21.0,4063,1,178.5,0.0,1,4,HAZARDOUS_AIR_POLLUTION,Severe,92.6,96.7
2026-09-01 01:39:35,IN-DELHI-01,23.7,92.4,28.2,989.4,311.4,0.92,-0.23,10.98,11.02,1.21,17,459,1440,94,309,556.2,1125,100,45.7,-14.83,1,1,FLASH_FLOOD,Severe,90.9,97.4
2026-09-01 01:39:40,IN-DELHI-01,26.1,61.2,28.5,1007.6,157.6,1.06,-0.2,10.73,10.78,0.97,161,2332,3986,3,20,30.0,4061,1,175.5,0.0,0,4,HAZARDOUS_AIR_POLLUTION,Severe,91.3,91.0
2026-09-01 01:39:45,IN-DELHI-01,23.1,88.7,26.9,989.9,306.4,-4.07,-1.74,9.97,10.9,1.09,9,431,1293,100,192,307.2,1599,86,116.4,-4.87,1,2,LANDSLIDE_PRECURSOR,Extreme,97.6,95.6
2026-09-01 01:39:50,IN-DELHI-01,24.0,60.5,25.6,999.5,226.0,1.07,-0.21,10.82,10.87,1.06,21,484,2177,68,523,1019.9,3617,16,76.5,-3.37,0,5,WATER_CONTAMINATION,Severe,85.4,93.1
2026-09-01 01:39:55,IN-DELHI-01,26.1,73.5,30.0,1001.2,211.6,1.07,-0.15,10.77,10.83,1.02,14,456,1945,76,594,1158.3,3420,23,43.5,-0.96,0,5,WATER_CONTAMINATION,Severe,88.2,89.6
2026-09-01 01:40:00,IN-DELHI-01,24.3,77.1,27.7,1000.1,220.7,0.95,-0.17,10.58,10.63,0.82,20,480,1684,86,699,1363.0,3605,16,33.4,-1.24,0,5,WATER_CONTAMINATION,Severe,92.3,91.4
2026-09-01 01:40:05,IN-DELHI-01,28.8,42.1,29.9,1000.4,218.5,1.12,-0.11,10.67,10.73,0.92,8,428,4026,2,13,19.5,4074,0,171.7,-0.16,0,0,NORMAL,None,13.0,94.7
2026-09-01 01:40:10,IN-DELHI-01,22.2,66.3,23.7,1003.5,192.3,0.99,-0.16,10.8,10.85,1.04,20,480,2016,74,385,750.8,2829,43,72.3,-1.85,1,5,WATER_CONTAMINATION,Severe,80.0,94.8
2026-09-01 01:40:15,IN-DELHI-01,22.9,49.7,23.1,1002.8,198.2,1.08,-0.1,10.73,10.79,0.98,6,421,4049,1,8,12.0,4095,0,172.4,0.26,0,0,NORMAL,None,9.8,96.9
2026-09-01 01:40:20,IN-DELHI-01,28.2,69.4,32.6,1005.0,179.5,0.99,-0.13,10.69,10.74,0.93,139,2068,3942,5,23,34.5,4056,1,169.4,0.0,1,4,HAZARDOUS_AIR_POLLUTION,Severe,88.7,90.9
2026-09-01 01:40:25,IN-DELHI-01,28.8,56.1,31.8,1000.3,219.2,1.09,-0.17,10.88,10.94,1.13,0,400,4031,2,13,19.5,4081,0,187.4,-0.09,0,0,NORMAL,None,11.5,96.5
2026-09-01 01:40:30,IN-DELHI-01,28.6,58.2,31.8,999.9,222.3,1.15,-0.18,10.86,10.92,1.11,1,403,4095,0,0,0.0,4085,0,190.2,0.02,0,0,NORMAL,None,10.1,96.1
2026-09-01 01:40:35,IN-DELHI-01,24.3,93.2,29.3,988.1,321.8,1.08,-0.35,10.99,11.05,1.24,14,449,1259,100,396,712.8,1305,96,32.7,-6.82,0,1,FLASH_FLOOD,Severe,93.5,90.4
2026-09-01 01:40:40,IN-DELHI-01,26.5,65.1,29.6,1000.2,220.2,1.01,-0.12,10.71,10.76,0.95,17,468,2019,74,718,1400.1,3924,5,38.4,-1.27,1,5,WATER_CONTAMINATION,Severe,93.0,88.6
2026-09-01 01:40:45,IN-DELHI-01,28.2,52.2,30.5,999.8,223.5,1.11,-0.13,10.88,10.93,1.12,0,400,4011,3,17,25.5,4084,0,189.8,0.1,0,0,NORMAL,None,16.9,94.9
2026-09-01 01:40:50,IN-DELHI-01,28.6,54.3,31.2,1001.9,206.1,1.06,-0.27,10.65,10.7,0.89,2,407,4071,0,9,13.5,4058,1,171.0,0.15,0,0,NORMAL,None,12.6,98.7
2026-09-01 01:40:55,IN-DELHI-01,26.8,52.7,28.6,1000.1,220.6,0.95,-0.09,10.78,10.82,1.01,1,403,4069,0,19,28.5,4074,0,190.6,0.03,0,0,NORMAL,None,15.6,93.6
2026-09-01 01:41:00,IN-DELHI-01,27.1,57.9,29.5,1001.7,207.6,1.07,-0.15,10.82,10.87,1.06,0,400,4043,1,9,13.5,4046,1,184.9,-0.04,0,0,NORMAL,None,4.5,95.0
2026-09-01 01:41:05,IN-DELHI-01,16.6,85.6,17.6,991.9,289.9,-3.22,-2.42,12.11,12.76,2.95,2,407,1366,97,220,352.0,1333,95,127.0,-4.52,0,2,LANDSLIDE_PRECURSOR,Extreme,93.0,91.3
2026-09-01 01:41:10,IN-DELHI-01,19.9,89.5,22.5,992.1,288.6,6.87,3.26,10.36,12.85,3.04,10,435,1369,97,219,350.4,1358,94,147.3,-2.55,1,2,LANDSLIDE_PRECURSOR,Extreme,89.1,87.9
2026-09-01 01:41:15,IN-DELHI-01,29.7,72.7,35.2,1006.4,167.7,1.01,-0.18,10.77,10.82,1.01,155,2260,3967,4,18,27.0,4073,0,182.8,0.0,1,4,HAZARDOUS_AIR_POLLUTION,Severe,90.6,94.1
2026-09-01 01:41:20,IN-DELHI-01,26.7,91.9,33.0,990.6,301.1,-1.27,-2.08,11.26,11.52,1.71,8,428,1184,100,150,240.0,1562,87,163.2,-3.03,0,2,LANDSLIDE_PRECURSOR,Extreme,86.6,91.8
2026-09-01 01:41:25,IN-DELHI-01,28.1,52.9,30.4,1002.3,202.7,0.94,-0.13,10.74,10.79,0.98,0,400,3995,3,7,10.5,4080,0,185.4,0.12,0,0,NORMAL,None,5.0,92.7
2026-09-01 01:41:30,IN-DELHI-01,22.3,91.0,26.0,988.8,316.1,1.19,-0.3,10.78,10.85,1.04,11,438,1214,100,291,523.8,1235,98,16.4,-9.35,1,1,FLASH_FLOOD,Extreme,96.7,95.4
2026-09-01 01:41:35,IN-DELHI-01,24.5,66.9,26.9,998.8,232.1,1.11,-0.15,10.84,10.89,1.08,15,460,1952,76,650,1267.5,3867,7,82.2,-1.52,0,5,WATER_CONTAMINATION,Severe,90.3,91.1
2026-09-01 01:41:40,IN-DELHI-01,21.8,87.5,25.0,989.3,311.8,1.35,-0.39,10.96,11.05,1.24,6,421,1346,98,415,747.0,1120,100,70.6,-15.53,0,1,FLASH_FLOOD,Severe,85.9,89.7
2026-09-01 01:41:45,IN-DELHI-01,23.5,90.3,27.8,990.7,300.0,-3.71,-2.81,12.26,13.11,3.3,12,442,1250,100,228,364.8,1789,79,152.3,-2.54,0,2,LANDSLIDE_PRECURSOR,Extreme,98.6,89.7
2026-09-01 01:41:50,IN-DELHI-01,25.1,53.5,26.4,1001.9,205.6,0.97,-0.24,11.0,11.05,1.24,5,417,4039,2,4,6.0,4088,0,177.0,0.04,0,0,NORMAL,None,13.6,97.8
2026-09-01 01:41:55,IN-DELHI-01,27.8,61.6,31.0,1001.1,212.4,1.01,-0.19,10.7,10.75,0.94,5,417,4027,2,5,7.5,4054,1,175.2,0.05,0,0,NORMAL,None,10.1,92.8
2026-09-01 01:42:00,IN-DELHI-01,37.7,20.9,37.9,995.6,258.8,0.97,-0.21,10.88,10.92,1.11,139,1581,4095,0,12,18.0,4095,0,187.6,0.0,0,3,WILDFIRE,Severe,77.1,91.3
2026-09-01 01:42:05,IN-DELHI-01,22.3,87.7,25.7,983.8,357.8,1.05,-0.3,10.69,10.75,0.94,15,452,1321,99,279,502.2,1270,97,21.8,-12.71,0,1,FLASH_FLOOD,Extreme,95.6,91.3
2026-09-01 01:42:10,IN-DELHI-01,25.4,48.0,26.1,1000.9,214.2,1.04,-0.23,10.78,10.84,1.03,0,400,4054,1,9,13.5,4067,0,189.9,0.01,0,0,NORMAL,None,18.0,92.4
2026-09-01 01:42:15,IN-DELHI-01,20.2,84.9,22.4,991.0,297.5,-4.31,-2.68,10.17,11.36,1.55,17,459,1278,100,257,411.2,1465,90,110.7,-4.66,0,2,LANDSLIDE_PRECURSOR,Extreme,96.2,94.4
2026-09-01 01:42:20,IN-DELHI-01,23.3,95.5,27.9,989.8,307.6,1.06,-0.05,10.95,11.01,1.2,12,442,1286,100,359,646.2,1262,97,37.0,-16.94,0,1,FLASH_FLOOD,Severe,92.6,90.5
2026-09-01 01:42:25,IN-DELHI-01,24.4,97.1,29.8,988.2,321.1,1.01,-0.34,10.78,10.83,1.02,14,449,1379,97,314,565.2,1264,97,42.0,-19.67,1,1,FLASH_FLOOD,Severe,91.6,91.8
2026-09-01 01:42:30,IN-DELHI-01,44.8,17.1,45.8,996.6,250.2,1.08,-0.22,10.68,10.74,0.93,115,1377,4071,0,4,6.0,4095,0,196.2,0.0,0,3,WILDFIRE,Extreme,98.0,89.1
2026-09-01 01:42:35,IN-DELHI-01,26.0,63.8,28.7,1004.5,183.9,1.01,-0.09,10.62,10.67,0.86,142,2104,3977,4,8,12.0,4095,0,167.2,0.0,0,4,HAZARDOUS_AIR_POLLUTION,Severe,89.0,93.5
2026-09-01 01:42:40,IN-DELHI-01,31.6,52.9,35.3,999.9,222.5,1.08,-0.18,10.75,10.81,1.0,0,400,4030,2,14,21.0,4065,1,179.1,0.2,0,0,NORMAL,None,5.3,98.4
2026-09-01 01:42:45,IN-DELHI-01,21.7,92.0,25.1,988.7,316.7,1.09,-0.02,11.03,11.08,1.27,1,403,1284,100,228,410.4,1227,99,63.9,-6.89,0,1,FLASH_FLOOD,Severe,87.2,96.7
2026-09-01 01:42:50,IN-DELHI-01,27.4,67.0,31.0,1007.4,159.5,0.96,-0.14,10.8,10.84,1.03,164,2368,3980,4,6,9.0,4067,0,178.4,0.0,1,4,HAZARDOUS_AIR_POLLUTION,Severe,91.7,97.8
2026-09-01 01:42:55,IN-DELHI-01,23.9,92.3,28.5,983.3,362.8,0.9,-0.29,10.89,10.93,1.12,11,438,1402,96,361,649.8,1206,99,54.4,-13.55,0,1,FLASH_FLOOD,Severe,89.1,91.6
2026-09-01 01:43:00,IN-DELHI-01,26.1,71.1,29.7,999.6,224.7,1.13,-0.16,10.71,10.78,0.97,30,520,1773,83,706,1376.7,3830,9,71.6,-1.43,1,5,WATER_CONTAMINATION,Severe,92.5,94.3
2026-09-01 01:43:05,IN-DELHI-01,24.6,56.6,25.9,1008.1,153.6,1.07,-0.23,10.76,10.82,1.01,101,1612,3962,4,10,15.0,4083,0,176.4,0.0,1,4,HAZARDOUS_AIR_POLLUTION,Severe,84.1,97.0
2026-09-01 01:43:10,IN-DELHI-01,26.6,48.2,27.7,1000.8,215.1,1.02,-0.18,10.82,10.87,1.06,1,403,4073,0,17,25.5,4088,0,188.1,-0.15,1,0,NORMAL,None,6.0,92.9
2026-09-01 01:43:15,IN-DELHI-01,31.4,48.6,34.4,1002.7,198.6,1.1,-0.31,10.8,10.86,1.05,4,414,4023,2,5,7.5,4088,0,192.0,-0.18,0,0,NORMAL,None,7.5,94.2
2026-09-01 01:43:20,IN-DELHI-01,25.3,59.7,27.3,1007.4,159.0,1.09,-0.11,10.84,10.9,1.09,227,3124,4036,2,27,40.5,4067,0,181.5,0.0,0,4,HAZARDOUS_AIR_POLLUTION,Extreme,99.0,94.2
2026-09-01 01:43:25,IN-DELHI-01,26.8,63.1,29.8,1005.7,173.7,1.07,-0.17,10.73,10.78,0.97,153,2236,3998,3,8,12.0,4065,1,171.6,0.0,0,4,HAZARDOUS_AIR_POLLUTION,Severe,90.4,93.0
2026-09-01 01:43:30,IN-DELHI-01,28.0,49.3,29.8,1003.3,193.6,1.03,-0.3,10.69,10.74,0.93,7,424,4095,0,15,22.5,4087,0,176.2,-0.4,0,0,NORMAL,None,6.2,97.9
2026-09-01 01:43:35,IN-DELHI-01,42.1,20.6,43.3,994.8,265.7,1.06,-0.17,10.8,10.85,1.04,122,1437,4088,0,6,9.0,4095,0,182.1,0.0,0,3,WILDFIRE,Extreme,92.3,94.1
2026-09-01 01:43:40,IN-DELHI-01,43.8,17.6,44.7,999.0,230.3,1.07,-0.22,10.74,10.79,0.98,129,1496,4083,0,6,9.0,4095,0,183.6,0.0,0,3,WILDFIRE,Extreme,98.0,87.1
2026-09-01 01:43:45,IN-DELHI-01,39.7,19.0,39.9,998.1,238.1,1.07,-0.24,10.78,10.83,1.02,99,1241,4095,0,10,15.0,4095,0,185.1,0.0,0,3,WILDFIRE,Severe,84.1,95.9
2026-09-01 01:43:50,IN-DELHI-01,24.1,89.3,28.5,993.4,277.8,3.71,1.29,11.81,12.45,2.64,15,452,1306,99,215,344.0,1274,97,111.5,-5.11,0,2,LANDSLIDE_PRECURSOR,Extreme,98.8,88.4
2026-09-01 01:43:55,IN-DELHI-01,24.1,96.1,29.2,987.9,323.8,1.24,-0.17,10.66,10.74,0.93,15,452,1339,98,263,473.4,1197,100,49.9,-12.33,1,1,FLASH_FLOOD,Severe,90.0,93.7
2026-09-01 01:44:00,IN-DELHI-01,21.4,93.5,24.9,986.2,337.9,1.08,-0.0,10.68,10.74,0.93,18,463,1430,95,270,486.0,1230,98,15.0,-13.55,1,1,FLASH_FLOOD,Extreme,97.0,90.8
2026-09-01 01:44:05,IN-DELHI-01,22.9,89.4,26.7,984.5,352.0,1.08,0.05,10.67,10.73,0.92,9,431,1306,99,298,536.4,1283,97,59.7,-14.29,0,1,FLASH_FLOOD,Severe,88.1,92.7
2026-09-01 01:44:10,IN-DELHI-01,25.4,56.6,27.1,1001.7,207.4,1.03,-0.18,10.56,10.61,0.8,181,2572,3987,3,5,7.5,4069,0,179.2,0.0,0,4,HAZARDOUS_AIR_POLLUTION,Extreme,93.7,97.2
2026-09-01 01:44:15,IN-DELHI-01,25.0,53.6,26.3,1000.1,221.0,0.94,-0.2,10.86,10.9,1.09,0,400,4028,2,15,22.5,4071,0,176.8,-0.06,0,0,NORMAL,None,16.8,97.7
2026-09-01 01:44:20,IN-DELHI-01,27.8,49.1,29.5,998.6,233.8,1.05,-0.24,10.73,10.79,0.98,2,407,4095,0,14,21.0,4061,1,178.3,-0.25,0,0,NORMAL,None,3.8,92.6
2026-09-01 01:44:25,IN-DELHI-01,27.4,41.9,28.1,998.8,232.0,1.07,-0.2,10.85,10.91,1.1,0,400,4039,2,14,21.0,4040,1,170.4,-0.22,0,0,NORMAL,None,13.5,96.4
2026-09-01 01:44:30,IN-DELHI-01,28.5,47.8,30.2,1000.0,221.9,1.01,-0.11,10.94,10.99,1.18,10,435,4028,2,7,10.5,4072,0,179.1,0.06,0,0,NORMAL,None,14.0,97.3
2026-09-01 01:44:35,IN-DELHI-01,20.6,88.5,23.4,991.9,289.8,4.17,1.3,10.73,11.59,1.78,9,431,1283,100,272,435.2,1952,74,133.6,-7.83,0,2,LANDSLIDE_PRECURSOR,Extreme,89.3,92.8
2026-09-01 01:44:40,IN-DELHI-01,22.5,91.7,26.4,989.5,310.1,0.94,-0.12,10.74,10.78,0.97,9,431,1322,99,314,565.2,1211,99,44.9,-12.76,1,1,FLASH_FLOOD,Severe,91.0,90.0
2026-09-01 01:44:45,IN-DELHI-01,22.6,88.4,26.3,992.8,282.3,7.06,1.99,11.26,13.44,3.63,18,463,1310,99,253,404.8,1626,85,149.9,-4.37,0,2,LANDSLIDE_PRECURSOR,Extreme,89.9,94.4
2026-09-01 01:44:50,IN-DELHI-01,25.7,50.2,26.8,999.4,226.9,0.84,-0.23,10.98,11.01,1.2,2,407,4040,1,0,0.0,4095,0,177.0,0.03,0,0,NORMAL,None,15.8,97.7
2026-09-01 01:44:55,IN-DELHI-01,25.5,49.0,26.4,999.7,224.4,1.16,-0.14,10.83,10.89,1.08,1,403,4095,0,7,10.5,4049,1,170.7,0.14,0,0,NORMAL,None,2.5,93.1
2026-09-01 01:45:00,IN-DELHI-01,40.2,13.5,40.2,998.4,234.8,1.04,-0.18,10.81,10.87,1.06,107,1309,4077,0,4,6.0,4095,0,188.0,0.0,0,3,WILDFIRE,Severe,85.6,91.5
2026-09-01 01:45:05,IN-DELHI-01,28.2,56.9,31.0,1000.0,222.1,0.98,-0.32,10.64,10.69,0.88,1,403,4095,0,15,22.5,4049,1,178.0,0.27,1,0,NORMAL,None,8.0,92.9
2026-09-01 01:45:10,IN-DELHI-01,26.4,47.1,27.4,1003.2,194.6,1.22,-0.15,10.75,10.82,1.01,2,407,3978,4,16,24.0,4060,1,181.8,-0.15,0,0,NORMAL,None,10.5,96.1
2026-09-01 01:45:15,IN-DELHI-01,39.0,17.2,39.0,998.1,237.4,1.13,-0.17,10.78,10.84,1.03,90,1165,4074,0,8,12.0,4095,0,191.8,0.0,0,3,WILDFIRE,Severe,81.6,97.6
2026-09-01 01:45:20,IN-DELHI-01,25.5,49.5,26.4,1000.7,215.9,0.9,-0.21,10.88,10.92,1.11,5,417,4034,2,16,24.0,4045,1,173.9,0.24,0,0,NORMAL,None,15.3,94.3
2026-09-01 01:45:25,IN-DELHI-01,25.8,66.3,28.6,999.0,229.9,1.05,-0.17,10.74,10.79,0.98,32,528,1834,80,929,1811.5,2946,39,77.3,-2.81,0,5,WATER_CONTAMINATION,Severe,96.0,93.2
2026-09-01 01:45:30,IN-DELHI-01,24.4,58.8,25.9,1002.3,202.6,1.21,-0.25,10.67,10.74,0.93,26,504,1775,83,654,1275.3,3579,17,60.2,-2.12,0,5,WATER_CONTAMINATION,Severe,90.5,92.3
2026-09-01 01:45:35,IN-DELHI-01,25.0,56.3,26.5,998.9,231.3,1.1,-0.1,10.86,10.91,1.1,3,410,4037,2,7,10.5,4082,0,180.6,0.14,0,0,NORMAL,None,5.0,92.9
2026-09-01 01:45:40,IN-DELHI-01,24.2,47.4,24.6,1002.7,198.8,1.23,-0.21,10.96,11.03,1.22,7,424,4078,0,10,15.0,4078,0,191.9,0.05,0,0,NORMAL,None,4.1,93.9
2026-09-01 01:45:45,IN-DELHI-01,23.4,93.4,27.9,986.6,334.7,0.9,-0.14,10.68,10.72,0.91,11,438,1335,98,259,466.2,1344,95,58.9,-16.74,1,1,FLASH_FLOOD,Severe,88.2,92.6
2026-09-01 01:45:50,IN-DELHI-01,23.7,75.9,26.7,1006.9,163.6,1.03,-0.2,10.99,11.04,1.23,223,3076,3992,3,10,15.0,4055,1,177.0,0.0,0,4,HAZARDOUS_AIR_POLLUTION,Extreme,98.8,93.5
2026-09-01 01:45:55,IN-DELHI-01,28.4,52.8,30.7,1001.4,209.6,0.98,-0.18,10.81,10.86,1.05,1,403,4072,0,16,24.0,4051,1,183.6,0.15,0,0,NORMAL,None,15.3,92.4
2026-09-01 01:46:00,IN-DELHI-01,26.7,57.2,29.0,1002.0,205.2,1.1,-0.17,10.76,10.81,1.0,3,410,4001,3,12,18.0,4095,0,187.6,0.01,0,0,NORMAL,None,14.7,94.7
2026-09-01 01:46:05,IN-DELHI-01,21.5,87.8,24.6,991.2,296.1,5.13,1.21,11.98,13.09,3.28,12,442,1271,100,213,340.8,1686,83,139.3,-5.79,0,2,LANDSLIDE_PRECURSOR,Extreme,85.4,90.8
2026-09-01 01:46:10,IN-DELHI-01,29.9,58.2,33.6,1006.3,168.8,1.07,-0.25,10.77,10.83,1.02,175,2500,4003,3,29,43.5,4029,2,176.7,0.0,0,4,HAZARDOUS_AIR_POLLUTION,Severe,93.0,90.6
2026-09-01 01:46:15,IN-DELHI-01,22.2,93.1,26.1,992.6,284.1,1.14,-0.33,11.17,11.23,1.42,15,452,1252,100,368,662.4,984,100,53.3,-11.14,0,1,FLASH_FLOOD,Severe,89.3,97.2
2026-09-01 01:46:20,IN-DELHI-01,23.0,84.7,26.5,991.2,295.7,-3.67,-2.84,9.84,10.87,1.06,13,445,1185,100,229,366.4,1671,83,127.7,-4.28,0,2,LANDSLIDE_PRECURSOR,Extreme,88.0,92.2
2026-09-01 01:46:25,IN-DELHI-01,28.9,74.1,34.2,1003.3,194.1,1.0,-0.14,10.76,10.8,0.99,19,476,1704,85,745,1452.8,2593,51,67.3,-1.38,0,5,WATER_CONTAMINATION,Severe,94.1,89.2
2026-09-01 01:46:30,IN-DELHI-01,25.3,64.1,27.8,1007.8,156.0,1.01,-0.13,10.8,10.85,1.04,186,2632,3914,6,36,54.0,4068,0,188.1,0.0,0,4,HAZARDOUS_AIR_POLLUTION,Extreme,94.3,93.1
2026-09-01 01:46:35,IN-DELHI-01,45.5,16.3,46.4,998.4,235.0,1.08,-0.16,10.71,10.77,0.96,97,1224,4094,0,2,3.0,4095,0,189.3,0.0,0,3,WILDFIRE,Extreme,98.0,96.7
2026-09-01 01:46:40,IN-DELHI-01,24.1,65.6,26.2,998.2,236.8,1.1,-0.28,10.75,10.81,1.0,28,512,2000,74,387,754.6,2835,43,68.4,-1.32,1,5,WATER_CONTAMINATION,Severe,80.1,85.1
2026-09-01 01:46:45,IN-DELHI-01,43.6,17.6,44.4,999.0,230.4,1.18,-0.16,10.63,10.69,0.88,136,1556,4095,0,3,4.5,4095,0,188.8,0.0,0,3,WILDFIRE,Extreme,97.6,96.3
2026-09-01 01:46:50,IN-DELHI-01,27.8,55.3,30.2,1001.5,208.9,1.15,-0.16,10.73,10.79,0.98,6,421,4007,3,22,33.0,4036,2,168.0,0.24,0,0,NORMAL,None,15.3,97.5
2026-09-01 01:46:55,IN-DELHI-01,27.2,55.5,29.5,999.8,223.5,1.08,-0.11,10.71,10.76,0.95,0,400,4011,3,6,9.0,4061,1,188.8,0.18,0,0,NORMAL,None,18.0,93.4
2026-09-01 01:47:00,IN-DELHI-01,27.8,56.2,30.4,1001.2,211.4,1.06,-0.17,10.75,10.81,1.0,19,476,1932,77,694,1353.3,3262,28,71.3,-2.1,0,5,WATER_CONTAMINATION,Severe,92.1,92.1
2026-09-01 01:47:05,IN-DELHI-01,21.8,83.5,24.7,992.9,282.0,-2.65,-1.57,10.32,10.77,0.96,11,438,1279,100,260,416.0,1784,79,130.5,-3.46,0,2,LANDSLIDE_PRECURSOR,Extreme,95.4,87.6
2026-09-01 01:47:10,IN-DELHI-01,26.9,55.4,29.0,1002.1,204.2,1.17,-0.22,10.62,10.69,0.88,5,417,4028,2,8,12.0,4037,2,176.9,-0.1,0,0,NORMAL,None,13.7,94.1
2026-09-01 01:47:15,IN-DELHI-01,30.9,48.8,33.7,999.7,224.3,1.02,-0.18,10.84,10.89,1.08,0,400,4095,0,4,6.0,4093,0,180.5,-0.05,0,0,NORMAL,None,3.5,97.8
2026-09-01 01:47:20,IN-DELHI-01,20.8,89.4,23.6,992.5,285.0,-3.03,-2.64,10.17,10.93,1.12,14,449,1204,100,219,350.4,1717,82,125.6,-2.72,0,2,LANDSLIDE_PRECURSOR,Extreme,96.9,86.1
2026-09-01 01:47:25,IN-DELHI-01,22.9,94.5,27.2,992.1,288.6,1.08,-0.06,10.64,10.69,0.88,15,452,1277,100,289,520.2,1217,99,82.0,-13.02,0,1,FLASH_FLOOD,Severe,83.6,94.8
2026-09-01 01:47:30,IN-DELHI-01,29.3,54.3,32.2,1001.2,211.3,1.14,-0.25,10.82,10.88,1.07,3,410,3999,3,15,22.5,4082,0,190.9,-0.1,0,0,NORMAL,None,11.5,97.4
2026-09-01 01:47:35,IN-DELHI-01,29.7,59.6,33.6,1001.9,205.4,1.13,-0.2,10.75,10.81,1.0,1,403,4041,1,12,18.0,4076,0,197.3,-0.06,0,0,NORMAL,None,17.2,93.6
2026-09-01 01:47:40,IN-DELHI-01,21.1,90.9,24.2,992.2,287.4,-2.72,-2.55,11.84,12.42,2.61,16,456,1297,100,232,371.2,1553,87,134.1,-2.74,0,2,LANDSLIDE_PRECURSOR,Extreme,92.9,89.0
2026-09-01 01:47:45,IN-DELHI-01,24.5,93.6,29.6,988.4,319.3,1.02,-0.18,10.98,11.03,1.22,15,452,1375,97,323,581.4,1165,100,36.7,-13.33,0,1,FLASH_FLOOD,Severe,92.7,95.1
2026-09-01 01:47:50,IN-DELHI-01,27.6,55.0,29.9,1003.5,192.4,0.83,-0.26,10.72,10.75,0.94,0,400,4040,1,22,33.0,4077,0,192.5,-0.08,1,0,NORMAL,None,13.8,95.0
2026-09-01 01:47:55,IN-DELHI-01,23.4,98.4,28.3,992.3,286.7,0.9,-0.2,10.64,10.68,0.87,11,438,1192,100,309,556.2,1294,96,56.9,-9.53,0,1,FLASH_FLOOD,Severe,88.6,96.1
2026-09-01 01:48:00,IN-DELHI-01,20.7,98.2,24.2,988.8,315.8,1.14,-0.19,10.97,11.03,1.22,12,442,1244,100,448,806.4,1229,98,32.4,-6.2,1,1,FLASH_FLOOD,Severe,93.5,91.3
2026-09-01 01:48:05,IN-DELHI-01,27.9,94.6,35.2,990.7,299.9,6.11,2.39,10.18,12.11,2.3,2,407,1308,99,127,203.2,1854,77,87.4,-4.23,0,2,LANDSLIDE_PRECURSOR,Extreme,90.4,89.7
2026-09-01 01:48:10,IN-DELHI-01,25.9,55.9,27.7,1001.9,205.7,1.01,-0.08,10.85,10.89,1.08,30,520,1643,87,503,980.9,3438,22,35.4,-1.6,0,5,WATER_CONTAMINATION,Severe,84.6,87.9
2026-09-01 01:48:15,IN-DELHI-01,23.3,83.5,26.8,989.2,312.5,3.13,-0.09,12.08,12.48,2.67,13,445,1244,100,103,164.8,1422,92,141.2,-4.17,0,2,LANDSLIDE_PRECURSOR,Extreme,88.8,88.2
2026-09-01 01:48:20,IN-DELHI-01,26.8,56.4,29.0,1000.9,214.0,0.97,-0.16,10.8,10.84,1.03,0,400,4059,1,3,4.5,4069,0,193.5,-0.09,0,0,NORMAL,None,4.8,98.8
2026-09-01 01:48:25,IN-DELHI-01,27.8,58.1,30.7,1003.0,196.5,1.03,-0.2,10.86,10.91,1.1,201,2812,3920,6,6,9.0,4052,1,179.4,0.0,1,4,HAZARDOUS_AIR_POLLUTION,Extreme,96.1,92.1
2026-09-01 01:48:30,IN-DELHI-01,24.1,64.2,26.1,1004.8,181.6,1.13,-0.2,10.95,11.01,1.2,134,2008,3979,4,23,34.5,4069,0,175.5,0.0,1,4,HAZARDOUS_AIR_POLLUTION,Severe,88.1,93.4
2026-09-01 01:48:35,IN-DELHI-01,26.5,52.6,28.2,1000.8,214.7,1.13,-0.27,10.83,10.89,1.08,0,400,4049,1,13,19.5,4058,1,178.9,-0.1,0,0,NORMAL,None,5.0,98.0
2026-09-01 01:48:40,IN-DELHI-01,27.3,50.6,29.1,998.7,232.3,0.92,-0.28,10.85,10.9,1.09,1,403,4084,0,17,25.5,4055,1,175.5,0.05,0,0,NORMAL,None,18.0,93.4
2026-09-01 01:48:45,IN-DELHI-01,41.7,12.7,41.7,998.1,237.6,0.92,-0.29,10.79,10.83,1.02,123,1445,4081,0,14,21.0,4095,0,190.2,0.0,0,3,WILDFIRE,Severe,91.1,88.3
2026-09-01 01:48:50,IN-DELHI-01,31.4,52.0,34.9,999.6,225.1,1.17,-0.12,10.76,10.83,1.02,0,400,4005,3,9,13.5,4028,2,182.7,-0.31,0,0,NORMAL,None,17.8,94.5
2026-09-01 01:48:55,IN-DELHI-01,22.8,62.4,24.1,1003.0,196.1,1.08,-0.12,10.83,10.88,1.07,25,500,1688,86,662,1290.9,2918,40,68.4,-1.42,1,5,WATER_CONTAMINATION,Severe,90.8,87.1
2026-09-01 01:49:00,IN-DELHI-01,21.1,90.7,24.2,992.6,284.4,7.08,1.84,10.16,12.52,2.71,14,449,1233,100,241,385.6,1601,86,93.6,-3.32,0,2,LANDSLIDE_PRECURSOR,Extreme,91.6,95.9
2026-09-01 01:49:05,IN-DELHI-01,25.5,54.5,26.9,998.9,230.8,1.04,-0.29,10.79,10.85,1.04,0,400,4063,1,17,25.5,4071,0,172.1,-0.13,0,0,NORMAL,None,10.6,95.4
2026-09-01 01:49:10,IN-DELHI-01,28.9,60.9,32.5,1001.6,208.1,1.01,-0.19,10.81,10.86,1.05,1,403,4037,2,19,28.5,4072,0,170.3,-0.08,0,0,NORMAL,None,17.5,92.2
2026-09-01 01:49:15,IN-DELHI-01,25.9,46.6,26.7,1000.4,218.1,1.19,-0.1,10.93,11.0,1.19,13,445,4084,0,19,28.5,4065,1,183.2,0.2,0,0,NORMAL,None,10.8,97.9
2026-09-01 01:49:20,IN-DELHI-01,27.4,47.9,28.8,1001.8,206.5,0.98,-0.14,10.73,10.78,0.97,3,410,4038,2,15,22.5,4087,0,198.1,-0.04,0,0,NORMAL,None,17.0,98.6
2026-09-01 01:49:25,IN-DELHI-01,26.2,58.6,28.4,1002.3,201.9,0.91,-0.15,10.64,10.68,0.87,0,400,4072,0,8,12.0,4033,2,196.7,0.21,0,0,NORMAL,None,16.3,93.1
2026-09-01 01:49:30,IN-DELHI-01,26.8,50.0,28.2,999.2,228.2,0.93,-0.26,10.66,10.71,0.9,7,424,4036,2,5,7.5,4069,0,197.4,0.02,0,0,NORMAL,None,11.6,97.7
2026-09-01 01:49:35,IN-DELHI-01,27.0,55.0,29.1,1001.7,207.4,1.11,-0.12,10.81,10.87,1.06,1,403,4065,1,2,3.0,4057,1,185.8,-0.03,0,0,NORMAL,None,17.0,98.0
2026-09-01 01:49:40,IN-DELHI-01,26.2,51.3,27.6,1001.5,209.2,1.06,-0.18,10.9,10.95,1.14,9,431,4090,0,0,0.0,4086,0,186.6,0.15,0,0,NORMAL,None,14.6,98.0
2026-09-01 01:49:45,IN-DELHI-01,26.9,55.1,29.0,1000.0,222.0,1.16,-0.15,10.72,10.78,0.97,3,410,4083,0,13,19.5,4033,2,182.6,0.13,0,0,NORMAL,None,10.0,92.7
2026-09-01 01:49:50,IN-DELHI-01,24.2,92.8,29.1,990.4,302.4,1.14,-0.22,10.68,10.75,0.94,8,428,1401,96,388,698.4,1312,96,46.8,-14.06,0,1,FLASH_FLOOD,Severe,90.6,91.5
2026-09-01 01:49:55,IN-DELHI-01,25.0,90.0,30.0,989.3,311.9,1.18,-0.1,10.76,10.83,1.02,14,449,1382,97,409,736.2,1180,100,48.8,-10.49,0,1,FLASH_FLOOD,Severe,90.2,97.5
2026-09-01 01:50:00,IN-DELHI-01,22.2,68.9,23.9,1003.6,191.0,1.08,-0.17,10.65,10.7,0.89,37,548,1594,89,584,1138.8,3424,23,60.3,-0.89,0,5,WATER_CONTAMINATION,Severe,87.8,92.1
2026-09-01 01:50:05,IN-DELHI-01,26.9,62.8,29.9,1006.5,166.7,0.99,-0.2,10.76,10.81,1.0,120,1840,3855,8,11,16.5,4070,0,178.0,0.0,0,4,HAZARDOUS_AIR_POLLUTION,Severe,86.4,92.6
2026-09-01 01:50:10,IN-DELHI-01,25.7,53.5,27.2,1001.9,206.1,1.12,-0.11,10.64,10.7,0.89,0,400,4095,0,6,9.0,4057,1,165.9,0.05,0,0,NORMAL,None,9.6,96.8
2026-09-01 01:50:15,IN-DELHI-01,24.5,91.3,29.3,986.9,331.8,0.88,-0.24,10.93,10.96,1.15,8,428,1275,100,361,649.8,1307,96,47.7,-8.79,0,1,FLASH_FLOOD,Severe,90.5,94.5
2026-09-01 01:50:20,IN-DELHI-01,26.4,55.8,28.4,1001.4,210.0,1.01,-0.15,10.96,11.01,1.2,4,414,4052,1,17,25.5,4060,1,184.9,0.08,0,0,NORMAL,None,3.3,98.3
2026-09-01 01:50:25,IN-DELHI-01,42.9,15.5,42.9,997.0,247.1,1.06,-0.14,10.87,10.93,1.12,105,1292,4092,0,4,6.0,4095,0,183.3,0.0,0,3,WILDFIRE,Extreme,95.2,92.5
2026-09-01 01:50:30,IN-DELHI-01,22.6,94.5,26.8,990.0,306.3,0.95,-0.13,10.7,10.74,0.93,14,449,1304,99,352,633.6,1179,100,64.1,-16.98,1,1,FLASH_FLOOD,Severe,87.2,94.9
2026-09-01 01:50:35,IN-DELHI-01,28.5,53.0,31.0,1001.6,207.9,1.03,-0.1,10.87,10.92,1.11,7,424,4074,0,2,3.0,4042,1,182.6,0.07,0,0,NORMAL,None,14.5,93.1
2026-09-01 01:50:40,IN-DELHI-01,41.3,16.3,41.3,998.1,238.0,1.09,-0.24,10.73,10.79,0.98,117,1394,4086,0,6,9.0,4095,0,183.3,0.0,0,3,WILDFIRE,Severe,89.5,96.4
2026-09-01 01:50:45,IN-DELHI-01,28.6,55.7,31.4,1003.4,193.3,1.04,-0.37,10.96,11.02,1.21,0,400,4043,1,22,33.0,4069,0,184.8,0.14,0,0,NORMAL,None,3.2,95.0
2026-09-01 01:50:50,IN-DELHI-01,28.8,48.4,30.8,1002.5,200.6,0.96,-0.08,10.65,10.69,0.88,0,400,4083,0,6,9.0,4077,0,167.6,-0.14,0,0,NORMAL,None,5.2,93.3
2026-09-01 01:50:55,IN-DELHI-01,18.1,91.2,19.9,996.5,251.3,6.41,1.13,9.43,11.46,1.65,13,445,1289,100,178,284.8,1609,85,158.0,-8.88,1,2,LANDSLIDE_PRECURSOR,Extreme,90.6,95.8
2026-09-01 01:51:00,IN-DELHI-01,26.4,60.6,28.9,1001.9,205.5,0.97,-0.23,10.86,10.9,1.09,4,414,4047,1,11,16.5,4095,0,189.6,0.17,0,0,NORMAL,None,9.9,95.8
2026-09-01 01:51:05,IN-DELHI-01,28.8,57.0,31.8,1001.4,210.1,1.0,-0.21,10.67,10.72,0.91,5,417,4055,1,8,12.0,4085,0,172.2,-0.21,0,0,NORMAL,None,9.3,93.2
2026-09-01 01:51:10,IN-DELHI-01,27.1,56.5,29.4,1010.7,131.7,1.0,-0.2,10.75,10.8,0.99,106,1672,4051,1,16,24.0,4034,2,179.8,0.0,1,4,HAZARDOUS_AIR_POLLUTION,Severe,84.7,90.0
2026-09-01 01:51:15,IN-DELHI-01,23.3,68.1,25.4,997.9,239.5,1.12,-0.15,10.85,10.91,1.1,11,444,1549,91,425,828.8,2932,40,72.6,-1.28,1,5,WATER_CONTAMINATION,Severe,81.6,85.8
2026-09-01 01:51:20,IN-DELHI-01,23.5,85.9,27.3,989.4,311.4,1.03,-0.09,10.83,10.88,1.07,12,442,1343,98,336,604.8,1408,92,38.2,-10.64,1,1,FLASH_FLOOD,Severe,92.4,88.1
2026-09-01 01:51:25,IN-DELHI-01,27.5,53.7,29.7,1001.7,207.7,1.11,-0.21,10.66,10.72,0.91,7,424,4095,0,13,19.5,4062,1,161.1,-0.06,0,0,NORMAL,None,2.5,98.0
2026-09-01 01:51:30,IN-DELHI-01,45.3,14.2,45.5,996.9,247.5,0.94,-0.22,10.77,10.81,1.0,139,1581,4085,0,2,3.0,4095,0,192.1,0.0,0,3,WILDFIRE,Extreme,98.0,88.8
2026-09-01 01:51:35,IN-DELHI-01,25.0,92.3,30.2,995.0,264.1,-2.68,-2.78,10.41,11.1,1.29,10,435,1318,99,158,252.8,1601,86,120.4,-3.5,0,2,LANDSLIDE_PRECURSOR,Extreme,95.5,90.1
2026-09-01 01:51:40,IN-DELHI-01,25.4,59.4,27.4,1005.4,175.9,1.09,-0.17,10.85,10.9,1.09,151,2212,4024,2,19,28.5,4046,1,177.9,0.0,1,4,HAZARDOUS_AIR_POLLUTION,Severe,90.1,90.1
2026-09-01 01:51:45,IN-DELHI-01,24.5,46.9,24.9,1000.0,221.5,0.97,-0.14,10.69,10.73,0.92,17,459,4065,1,11,16.5,4063,1,183.7,0.02,0,0,NORMAL,None,8.4,98.6
2026-09-01 01:51:50,IN-DELHI-01,24.4,91.3,29.2,988.2,320.9,1.22,-0.36,10.66,10.73,0.92,16,456,1376,97,303,545.4,1353,94,49.0,-7.87,1,1,FLASH_FLOOD,Severe,90.2,88.0
2026-09-01 01:51:55,IN-DELHI-01,44.2,20.7,46.2,999.5,226.0,0.99,-0.19,10.8,10.85,1.04,103,1275,4089,0,10,15.0,4095,0,193.7,0.0,0,3,WILDFIRE,Extreme,98.0,90.9
2026-09-01 01:52:00,IN-DELHI-01,23.7,94.7,28.5,989.0,314.8,1.11,-0.26,10.7,10.76,0.95,10,435,1340,98,306,550.8,1301,96,28.3,-16.69,1,1,FLASH_FLOOD,Extreme,94.3,93.8
2026-09-01 01:52:05,IN-DELHI-01,26.1,46.8,27.0,1002.4,201.5,1.08,-0.21,10.88,10.93,1.12,4,414,4074,0,9,13.5,4095,0,175.0,0.31,0,0,NORMAL,None,11.5,97.2
2026-09-01 01:52:10,IN-DELHI-01,26.8,57.3,29.1,999.7,224.0,1.05,-0.26,10.58,10.64,0.83,0,400,4056,1,14,21.0,4082,0,190.2,-0.13,0,0,NORMAL,None,11.9,92.4
2026-09-01 01:52:15,IN-DELHI-01,22.6,89.3,26.3,988.6,317.5,1.06,-0.06,11.0,11.06,1.25,16,456,1281,100,253,455.4,1191,100,62.0,-10.46,1,1,FLASH_FLOOD,Severe,87.6,95.4
2026-09-01 01:52:20,IN-DELHI-01,27.8,59.8,30.7,1002.2,202.9,1.13,-0.11,10.86,10.92,1.11,20,480,1825,81,654,1275.3,3016,37,64.5,-1.69,0,5,WATER_CONTAMINATION,Severe,90.5,93.7
2026-09-01 01:52:25,IN-DELHI-01,26.2,61.9,28.7,1003.3,194.2,0.98,-0.14,10.83,10.88,1.07,32,528,1985,75,622,1212.9,3430,22,96.6,-2.09,1,5,WATER_CONTAMINATION,Severe,89.3,93.8
2026-09-01 01:52:30,IN-DELHI-01,21.5,89.4,24.8,989.0,314.2,1.19,0.02,10.99,11.05,1.24,9,431,1471,93,385,693.0,1265,97,32.0,-12.92,0,1,FLASH_FLOOD,Severe,93.6,93.6
2026-09-01 01:52:35,IN-DELHI-01,29.0,46.8,30.8,999.9,222.3,0.93,-0.11,10.69,10.73,0.92,2,407,4056,1,9,13.5,4095,0,174.6,0.24,0,0,NORMAL,None,7.8,93.4
2026-09-01 01:52:40,IN-DELHI-01,26.0,52.5,27.5,1002.8,197.7,1.08,-0.19,10.72,10.78,0.97,5,417,4026,2,7,10.5,4072,0,173.3,0.04,0,0,NORMAL,None,3.5,98.6
2026-09-01 01:52:45,IN-DELHI-01,28.5,51.6,30.7,1001.1,212.5,1.25,-0.13,10.81,10.88,1.07,2,407,4041,1,15,22.5,4074,0,169.1,0.2,0,0,NORMAL,None,15.3,92.4
2026-09-01 01:52:50,IN-DELHI-01,23.2,85.5,26.9,992.5,284.7,4.42,0.7,10.4,11.33,1.52,13,445,1311,99,283,452.8,1740,81,106.5,-7.32,0,2,LANDSLIDE_PRECURSOR,Extreme,87.9,95.1
2026-09-01 01:52:55,IN-DELHI-01,27.7,49.8,29.4,999.7,224.4,0.94,-0.19,10.94,10.98,1.17,13,445,4024,2,23,34.5,4065,1,175.2,-0.05,0,0,NORMAL,None,14.0,95.2
2026-09-01 01:53:00,IN-DELHI-01,25.3,80.7,29.5,992.9,281.7,3.84,2.55,12.88,13.68,3.87,13,445,1288,100,249,398.4,1548,87,159.7,-2.45,0,2,LANDSLIDE_PRECURSOR,Extreme,86.0,89.4
2026-09-01 01:53:05,IN-DELHI-01,23.3,96.1,27.9,989.9,307.2,1.16,-0.19,10.94,11.01,1.2,8,428,1316,99,307,552.6,1242,98,40.1,-10.31,0,1,FLASH_FLOOD,Severe,92.0,90.5
2026-09-01 01:53:10,IN-DELHI-01,29.5,56.7,32.9,1001.7,207.7,1.06,-0.13,10.79,10.84,1.03,2,407,3988,3,6,9.0,4079,0,160.1,-0.22,0,0,NORMAL,None,16.0,97.4
2026-09-01 01:53:15,IN-DELHI-01,23.0,90.1,26.9,988.2,321.3,0.95,-0.3,10.74,10.79,0.98,10,435,1358,97,248,446.4,1297,96,47.6,-12.29,0,1,FLASH_FLOOD,Severe,90.5,93.7
2026-09-01 01:53:20,IN-DELHI-01,25.9,52.0,27.2,1002.0,204.5,0.99,-0.15,10.72,10.77,0.96,1,403,4044,1,15,22.5,4066,1,181.3,0.06,0,0,NORMAL,None,10.5,93.8
2026-09-01 01:53:25,IN-DELHI-01,19.7,91.9,22.3,992.8,282.5,5.92,3.0,12.04,13.75,3.94,10,435,1271,100,263,420.8,1492,89,143.0,-6.11,0,2,LANDSLIDE_PRECURSOR,Extreme,97.0,95.2
2026-09-01 01:53:30,IN-DELHI-01,27.0,59.0,29.5,999.6,225.2,1.16,-0.09,10.75,10.82,1.01,10,435,4014,2,18,27.0,4049,1,178.0,0.09,0,0,NORMAL,None,10.3,97.7
2026-09-01 01:53:35,IN-DELHI-01,24.6,67.2,27.1,1002.8,197.8,1.08,-0.15,10.73,10.78,0.97,20,480,1877,79,521,1015.9,3166,32,61.6,-2.6,0,5,WATER_CONTAMINATION,Severe,85.3,88.9
2026-09-01 01:53:40,IN-DELHI-01,24.1,92.6,28.9,988.0,322.5,0.95,-0.22,10.84,10.89,1.08,12,442,1287,100,377,678.6,1198,100,45.1,-11.68,0,1,FLASH_FLOOD,Severe,91.0,92.2
2026-09-01 01:53:45,IN-DELHI-01,29.3,52.6,32.0,1000.2,219.7,0.89,-0.08,10.94,10.98,1.17,0,400,4064,1,15,22.5,4095,0,170.0,-0.16,0,0,NORMAL,None,14.3,95.2
2026-09-01 01:53:50,IN-DELHI-01,22.6,56.6,23.4,1005.9,171.7,0.99,-0.18,10.6,10.64,0.83,116,1792,3922,6,23,34.5,4047,1,178.5,0.0,0,4,HAZARDOUS_AIR_POLLUTION,Severe,85.9,91.4
2026-09-01 01:53:55,IN-DELHI-01,20.7,81.4,22.9,989.5,310.4,3.62,1.71,9.11,9.95,0.14,6,421,1213,100,251,401.6,1434,91,119.1,-4.47,1,2,LANDSLIDE_PRECURSOR,Extreme,91.4,88.8
2026-09-01 01:54:00,IN-DELHI-01,38.5,20.2,38.6,1000.2,220.2,1.13,-0.21,10.66,10.72,0.91,102,1267,4087,0,8,12.0,4095,0,182.2,0.0,0,3,WILDFIRE,Severe,79.7,88.8
2026-09-01 01:54:05,IN-DELHI-01,26.3,61.4,28.9,1007.2,161.2,1.17,-0.25,10.67,10.73,0.92,104,1648,3976,4,10,15.0,4037,2,177.1,0.0,1,4,HAZARDOUS_AIR_POLLUTION,Severe,84.5,91.3
2026-09-01 01:54:10,IN-DELHI-01,24.8,63.4,26.9,1004.3,185.0,1.09,-0.09,10.65,10.71,0.9,21,484,1917,77,613,1195.3,2616,51,85.8,-1.88,0,5,WATER_CONTAMINATION,Severe,88.9,86.6
2026-09-01 01:54:15,IN-DELHI-01,26.8,50.8,28.3,999.4,226.5,1.0,-0.26,10.8,10.85,1.04,5,417,4047,1,14,21.0,4065,1,191.5,-0.01,1,0,NORMAL,None,6.5,97.4
2026-09-01 01:54:20,IN-DELHI-01,28.7,61.1,32.3,1008.4,150.6,1.05,-0.14,10.79,10.84,1.03,134,2008,3972,4,0,0.0,4095,0,167.6,0.0,1,4,HAZARDOUS_AIR_POLLUTION,Severe,88.1,94.8
2026-09-01 01:54:25,IN-DELHI-01,21.1,87.9,24.0,990.2,304.1,-4.69,-3.84,10.04,11.73,1.92,5,417,1344,98,249,398.4,1720,82,146.0,-3.87,0,2,LANDSLIDE_PRECURSOR,Extreme,98.4,88.8
2026-09-01 01:54:30,IN-DELHI-01,27.4,50.2,29.0,1000.0,221.6,0.99,-0.24,10.76,10.81,1.0,0,400,3974,4,1,1.5,4095,0,188.8,-0.13,0,0,NORMAL,None,4.3,97.9
2026-09-01 01:54:35,IN-DELHI-01,22.1,88.1,25.4,995.5,259.4,-3.56,-0.74,9.58,10.25,0.44,9,431,1299,100,208,332.8,1614,85,160.4,-3.45,1,2,LANDSLIDE_PRECURSOR,Extreme,94.0,95.1
2026-09-01 01:54:40,IN-DELHI-01,25.7,53.3,27.2,999.4,226.8,1.03,-0.21,10.79,10.84,1.03,8,428,4041,1,14,21.0,4037,2,180.1,0.29,0,0,NORMAL,None,10.3,96.6
2026-09-01 01:54:45,IN-DELHI-01,23.4,94.8,28.1,987.5,326.9,0.98,-0.36,10.96,11.01,1.2,16,456,1491,93,321,577.8,1202,99,18.6,-9.92,1,1,FLASH_FLOOD,Extreme,96.3,95.6
2026-09-01 01:54:50,IN-DELHI-01,20.8,87.5,23.6,992.2,287.1,-3.03,-2.73,11.02,11.75,1.94,12,442,1281,100,195,312.0,1681,83,123.3,-2.72,0,2,LANDSLIDE_PRECURSOR,Extreme,89.6,92.2
2026-09-01 01:54:55,IN-DELHI-01,24.9,57.0,26.4,1003.9,188.8,1.01,-0.13,10.8,10.85,1.04,118,1816,4008,3,15,22.5,4058,1,175.8,0.0,0,4,HAZARDOUS_AIR_POLLUTION,Severe,86.2,95.6
2026-09-01 01:55:00,IN-DELHI-01,24.3,98.2,29.7,988.7,316.7,1.28,-0.48,10.58,10.67,0.86,15,452,1385,96,315,567.0,1257,98,31.6,-13.37,0,1,FLASH_FLOOD,Severe,93.7,95.8
2026-09-01 01:55:05,IN-DELHI-01,27.3,70.5,31.4,999.8,223.1,0.99,-0.12,10.86,10.91,1.1,20,480,2057,72,749,1460.5,2588,52,64.0,-0.8,1,5,WATER_CONTAMINATION,Severe,94.2,92.6
2026-09-01 01:55:10,IN-DELHI-01,26.8,52.0,28.4,999.7,223.9,1.03,-0.28,10.96,11.01,1.2,4,414,4095,0,7,10.5,4077,0,177.1,0.13,0,0,NORMAL,None,7.6,97.0
2026-09-01 01:55:15,IN-DELHI-01,20.5,90.6,23.3,992.0,289.3,4.35,0.95,13.55,14.26,4.45,11,438,1281,100,231,369.6,1471,90,144.0,-3.16,0,2,LANDSLIDE_PRECURSOR,Extreme,93.2,87.4
2026-09-01 01:55:20,IN-DELHI-01,35.7,16.0,35.7,1000.1,221.0,1.2,-0.21,10.72,10.79,0.98,103,1275,4084,0,0,0.0,4095,0,189.9,0.0,0,3,WILDFIRE,Severe,75.0,97.6
2026-09-01 01:55:25,IN-DELHI-01,44.0,17.7,44.9,996.8,248.5,1.02,-0.17,10.55,10.6,0.79,139,1581,4080,0,3,4.5,4095,0,191.0,0.0,0,3,WILDFIRE,Extreme,98.0,97.0
2026-09-01 01:55:30,IN-DELHI-01,40.2,17.0,40.2,996.1,254.3,1.14,-0.23,10.86,10.92,1.11,108,1318,4087,0,11,16.5,4095,0,187.2,0.0,0,3,WILDFIRE,Severe,85.6,92.7
2026-09-01 01:55:35,IN-DELHI-01,21.4,61.1,22.2,1001.1,212.7,0.97,-0.12,10.8,10.84,1.03,20,480,1896,78,687,1339.6,2504,54,64.7,-1.51,1,5,WATER_CONTAMINATION,Severe,91.8,88.3
2026-09-01 01:55:40,IN-DELHI-01,44.5,16.1,45.1,996.8,248.7,1.05,-0.21,10.84,10.89,1.08,118,1403,4095,0,6,9.0,4095,0,187.7,0.0,0,3,WILDFIRE,Extreme,98.0,94.7
2026-09-01 01:55:45,IN-DELHI-01,22.6,90.9,26.4,994.4,268.7,-5.14,-2.28,10.79,12.17,2.36,13,445,1257,100,311,497.6,1706,82,138.0,-1.6,0,2,LANDSLIDE_PRECURSOR,Extreme,89.5,95.5
2026-09-01 01:55:50,IN-DELHI-01,41.8,17.2,42.0,997.1,246.3,0.99,-0.23,10.69,10.74,0.93,159,1751,4081,0,11,16.5,4095,0,184.9,0.0,0,3,WILDFIRE,Severe,91.2,87.1
2026-09-01 01:55:55,IN-DELHI-01,22.6,70.5,24.7,1005.5,175.3,1.09,-0.17,10.71,10.77,0.96,184,2608,3933,5,11,16.5,4035,2,183.0,0.0,0,4,HAZARDOUS_AIR_POLLUTION,Extreme,94.1,95.3
2026-09-01 01:56:00,IN-DELHI-01,25.2,49.7,26.0,1003.0,196.4,1.18,-0.08,10.67,10.73,0.92,3,410,4095,0,8,12.0,4046,1,170.9,-0.07,1,0,NORMAL,None,9.6,94.6
2026-09-01 01:56:05,IN-DELHI-01,26.8,68.0,30.3,1005.2,177.7,1.02,-0.17,10.62,10.67,0.86,151,2212,4005,3,14,21.0,4064,1,168.9,0.0,0,4,HAZARDOUS_AIR_POLLUTION,Severe,90.1,96.6
2026-09-01 01:56:10,IN-DELHI-01,26.3,59.5,28.7,1000.7,216.0,1.11,-0.19,10.65,10.71,0.9,13,445,4027,2,4,6.0,4041,1,172.7,0.04,0,0,NORMAL,None,5.1,93.2
2026-09-01 01:56:15,IN-DELHI-01,22.3,91.2,26.1,991.9,290.2,-2.86,-3.18,10.89,11.7,1.89,13,445,1251,100,148,236.8,1593,86,100.9,-4.46,0,2,LANDSLIDE_PRECURSOR,Extreme,87.7,90.8
2026-09-01 01:56:20,IN-DELHI-01,25.1,51.1,26.2,1001.7,207.1,0.98,0.01,10.73,10.77,0.96,3,410,4087,0,14,21.0,4070,0,175.1,0.07,0,0,NORMAL,None,8.7,92.9
2026-09-01 01:56:25,IN-DELHI-01,27.2,53.5,29.3,1001.1,212.3,1.05,-0.15,10.64,10.7,0.89,0,400,4050,1,7,10.5,4064,1,182.3,0.17,0,0,NORMAL,None,7.7,95.4
2026-09-01 01:56:30,IN-DELHI-01,26.4,54.6,28.2,1000.8,214.7,0.98,-0.19,10.74,10.78,0.97,14,449,4084,0,20,30.0,4078,0,175.9,-0.05,1,0,NORMAL,None,7.5,97.2
2026-09-01 01:56:35,IN-DELHI-01,24.9,65.8,27.4,1002.6,200.1,1.0,-0.19,10.91,10.96,1.15,14,456,2007,74,576,1123.2,3095,34,49.2,-0.81,0,5,WATER_CONTAMINATION,Severe,87.5,85.0
2026-09-01 01:56:40,IN-DELHI-01,23.9,93.2,28.6,988.2,321.3,1.08,-0.31,11.15,11.21,1.4,16,456,1382,97,404,727.2,1264,97,19.8,-16.26,0,1,FLASH_FLOOD,Extreme,96.0,89.7
2026-09-01 01:56:45,IN-DELHI-01,43.0,18.3,43.8,994.7,266.2,1.14,-0.17,10.6,10.67,0.86,154,1709,4087,0,9,13.5,4095,0,185.5,0.0,0,3,WILDFIRE,Extreme,95.5,97.4
2026-09-01 01:56:50,IN-DELHI-01,30.1,60.3,34.2,1004.8,181.2,0.98,-0.13,10.76,10.8,0.99,193,2716,4038,2,29,43.5,4083,0,178.9,0.0,0,4,HAZARDOUS_AIR_POLLUTION,Extreme,95.2,97.4
2026-09-01 01:56:55,IN-DELHI-01,26.9,68.7,30.5,1003.9,189.1,1.07,-0.17,10.85,10.9,1.09,38,552,1791,82,823,1604.8,2783,45,69.6,-0.21,0,5,WATER_CONTAMINATION,Severe,96.0,85.4
2026-09-01 01:57:00,IN-DELHI-01,26.0,74.2,29.9,1000.5,217.5,1.07,-0.18,10.87,10.93,1.12,36,544,1847,80,474,924.3,2872,42,55.1,-1.71,0,5,WATER_CONTAMINATION,Severe,83.5,87.8
2026-09-01 01:57:05,IN-DELHI-01,24.8,54.6,26.0,1001.4,210.1,1.08,-0.21,10.71,10.76,0.95,1,403,4060,1,9,13.5,4087,0,186.0,0.03,0,0,NORMAL,None,5.0,92.8
2026-09-01 01:57:10,IN-DELHI-01,41.2,17.4,41.3,1000.2,219.8,1.04,-0.2,10.7,10.76,0.95,141,1598,4085,0,9,13.5,4095,0,184.6,0.0,0,3,WILDFIRE,Severe,89.2,97.5
2026-09-01 01:57:15,IN-DELHI-01,22.8,90.6,26.7,987.1,330.7,0.75,-0.04,10.88,10.9,1.09,20,470,1285,100,412,741.6,1171,100,71.3,-9.69,1,1,FLASH_FLOOD,Severe,85.7,95.1
2026-09-01 01:57:20,IN-DELHI-01,22.4,57.7,23.2,1004.3,185.2,1.02,-0.16,10.58,10.63,0.82,181,2572,3979,4,9,13.5,4068,0,178.1,0.0,0,4,HAZARDOUS_AIR_POLLUTION,Extreme,93.7,93.1
2026-09-01 01:57:25,IN-DELHI-01,25.2,54.9,26.7,1001.9,205.7,1.05,-0.23,10.84,10.9,1.09,3,410,4079,0,6,9.0,4074,0,176.6,0.1,0,0,NORMAL,None,15.0,94.8
2026-09-01 01:57:30,IN-DELHI-01,26.4,54.0,28.2,1001.6,208.6,0.98,-0.13,10.86,10.9,1.09,4,414,4027,2,4,6.0,4084,0,173.7,-0.02,0,0,NORMAL,None,2.7,92.8
2026-09-01 01:57:35,IN-DELHI-01,27.4,58.9,30.1,1001.7,207.3,1.02,-0.21,10.86,10.91,1.1,1,403,4085,0,6,9.0,4038,1,175.5,0.04,0,0,NORMAL,None,11.6,93.6
2026-09-01 01:57:40,IN-DELHI-01,24.5,48.2,25.0,1001.3,210.4,1.05,-0.23,10.65,10.7,0.89,0,400,4075,0,4,6.0,4095,0,173.6,0.2,0,0,NORMAL,None,6.4,96.4
2026-09-01 01:57:45,IN-DELHI-01,26.4,55.6,28.4,1001.3,211.0,0.95,-0.21,10.65,10.7,0.89,1,403,3975,4,16,24.0,4083,0,179.6,-0.06,0,0,NORMAL,None,8.2,96.4
2026-09-01 01:57:50,IN-DELHI-01,42.6,24.1,44.9,998.7,232.5,0.94,-0.24,10.8,10.85,1.04,147,1649,4076,0,4,6.0,4095,0,185.9,0.0,0,3,WILDFIRE,Extreme,94.1,92.4
2026-09-01 01:57:55,IN-DELHI-01,22.6,90.2,26.4,988.4,319.2,1.35,-0.08,10.91,11.0,1.19,17,459,1407,96,327,588.6,1252,98,20.6,-10.92,0,1,FLASH_FLOOD,Extreme,95.9,96.6
2026-09-01 01:58:00,IN-DELHI-01,23.2,88.2,27.1,992.2,287.1,3.41,0.84,11.27,11.8,1.99,16,456,1281,100,195,312.0,1420,92,151.8,-2.74,1,2,LANDSLIDE_PRECURSOR,Extreme,90.9,89.6
2026-09-01 01:58:05,IN-DELHI-01,20.4,86.5,22.9,992.8,282.4,-1.77,-2.16,11.8,12.13,2.32,11,438,1350,98,283,452.8,1555,87,123.4,-3.32,0,2,LANDSLIDE_PRECURSOR,Extreme,94.7,96.4
2026-09-01 01:58:10,IN-DELHI-01,20.6,86.5,23.2,989.2,312.6,-3.88,-1.98,10.1,11.0,1.19,7,424,1270,100,218,348.8,1481,90,124.3,-6.59,0,2,LANDSLIDE_PRECURSOR,Extreme,90.4,87.3
2026-09-01 01:58:15,IN-DELHI-01,28.0,55.7,30.6,1000.3,219.5,1.01,-0.21,10.63,10.68,0.87,3,410,4095,0,10,15.0,4082,0,183.4,0.01,0,0,NORMAL,None,9.6,97.1
2026-09-01 01:58:20,IN-DELHI-01,45.1,17.4,46.3,1000.5,217.3,1.06,-0.21,10.76,10.81,1.0,126,1471,4079,0,8,12.0,4095,0,189.6,0.0,1,3,WILDFIRE,Extreme,98.0,94.8
2026-09-01 01:58:25,IN-DELHI-01,28.4,59.3,31.6,1001.4,209.8,1.11,-0.13,10.8,10.86,1.05,15,460,2251,65,675,1316.2,3471,21,62.5,-1.38,0,5,WATER_CONTAMINATION,Severe,91.3,94.0
2026-09-01 01:58:30,IN-DELHI-01,18.7,83.1,20.2,995.1,263.3,-3.81,-1.38,9.5,10.33,0.52,7,424,1289,100,268,428.8,1559,87,140.3,-2.01,1,2,LANDSLIDE_PRECURSOR,Extreme,86.3,93.2
2026-09-01 01:58:35,IN-DELHI-01,29.6,57.7,33.1,1001.7,207.7,1.07,-0.07,10.65,10.7,0.89,0,400,4047,1,7,10.5,4095,0,175.2,-0.11,0,0,NORMAL,None,2.1,96.7
2026-09-01 01:58:40,IN-DELHI-01,24.0,87.6,28.3,987.1,330.7,1.2,-0.36,11.12,11.19,1.38,24,484,1398,96,291,523.8,1337,95,39.7,-13.34,0,1,FLASH_FLOOD,Severe,92.1,90.1
2026-09-01 01:58:45,IN-DELHI-01,30.9,52.2,34.2,1001.8,206.2,0.83,-0.17,10.82,10.85,1.04,5,417,4005,3,13,19.5,4078,0,166.8,-0.17,0,0,NORMAL,None,17.0,94.9
2026-09-01 01:58:50,IN-DELHI-01,25.1,55.3,26.5,1000.8,214.8,1.12,-0.19,10.72,10.78,0.97,27,508,2073,72,566,1103.7,3287,27,86.4,-1.39,0,5,WATER_CONTAMINATION,Severe,87.1,88.1
2026-09-01 01:58:55,IN-DELHI-01,30.5,56.9,34.3,1006.0,171.4,1.03,-0.2,10.81,10.86,1.05,108,1696,3989,3,8,12.0,4095,0,183.5,0.0,1,4,HAZARDOUS_AIR_POLLUTION,Severe,85.0,95.7
2026-09-01 01:59:00,IN-DELHI-01,19.0,89.0,21.1,989.7,308.7,4.0,1.27,10.72,11.51,1.7,18,463,1241,100,231,369.6,1603,86,126.1,-5.25,0,2,LANDSLIDE_PRECURSOR,Extreme,98.7,92.7
2026-09-01 01:59:05,IN-DELHI-01,24.4,83.8,28.4,995.4,260.9,5.18,1.99,12.22,13.42,3.61,10,435,1255,100,192,307.2,1586,86,97.8,-5.78,0,2,LANDSLIDE_PRECURSOR,Extreme,95.5,94.8
2026-09-01 01:59:10,IN-DELHI-01,23.9,84.9,27.9,1001.3,210.4,1.0,-0.13,10.69,10.74,0.93,31,524,1963,76,774,1509.3,2787,45,84.6,-1.44,0,5,WATER_CONTAMINATION,Severe,95.2,91.6
2026-09-01 01:59:15,IN-DELHI-01,28.9,45.0,30.4,1000.2,219.8,1.07,-0.15,10.81,10.87,1.06,3,410,4062,1,8,12.0,4095,0,188.6,-0.3,0,0,NORMAL,None,12.4,96.6
2026-09-01 01:59:20,IN-DELHI-01,25.3,50.2,26.3,1001.9,205.9,1.1,-0.2,10.94,10.99,1.18,0,400,4055,1,0,0.0,4080,0,196.3,-0.02,0,0,NORMAL,None,5.1,96.1
2026-09-01 01:59:25,IN-DELHI-01,41.0,15.6,41.0,995.9,256.3,1.05,-0.1,10.67,10.72,0.91,94,1199,4095,0,4,6.0,4095,0,181.8,0.0,1,3,WILDFIRE,Severe,88.3,92.6
2026-09-01 01:59:30,IN-DELHI-01,18.1,86.7,19.7,993.7,275.1,4.31,0.29,8.29,9.34,0.47,11,438,1323,99,278,444.8,1666,83,144.6,-4.11,0,2,LANDSLIDE_PRECURSOR,Extreme,93.1,89.9
2026-09-01 01:59:35,IN-DELHI-01,19.7,94.7,22.5,982.6,368.7,0.88,-0.06,10.76,10.8,0.99,14,449,1296,100,271,487.8,1285,97,41.2,-6.5,0,1,FLASH_FLOOD,Severe,91.8,96.4
2026-09-01 01:59:40,IN-DELHI-01,41.5,18.3,42.0,994.1,271.6,0.93,-0.14,10.82,10.86,1.05,161,1768,4095,0,12,18.0,4095,0,191.0,0.0,0,3,WILDFIRE,Severe,90.3,91.2
2026-09-01 01:59:45,IN-DELHI-01,29.4,52.2,32.1,1000.3,218.8,1.11,-0.25,10.79,10.85,1.04,12,442,4024,2,17,25.5,4050,1,181.0,-0.12,0,0,NORMAL,None,7.6,98.9
2026-09-01 01:59:50,IN-DELHI-01,30.2,51.9,33.1,1002.3,202.5,1.08,-0.18,10.64,10.7,0.89,6,421,4045,1,3,4.5,4082,0,189.1,0.17,0,0,NORMAL,None,8.6,94.5
2026-09-01 01:59:55,IN-DELHI-01,23.6,94.2,28.3,987.9,323.6,1.22,-0.05,10.89,10.96,1.15,5,417,1259,100,409,736.2,1254,98,51.0,-14.53,0,1,FLASH_FLOOD,Severe,89.8,93.1
2026-09-01 02:00:00,IN-DELHI-01,25.1,88.6,30.0,994.1,271.4,-5.12,-4.15,11.56,13.31,3.5,10,435,1287,100,167,267.2,1422,92,124.5,0.43,0,2,LANDSLIDE_PRECURSOR,Extreme,90.8,87.8
2026-09-01 02:00:05,IN-DELHI-01,25.6,63.6,28.1,1004.3,185.5,0.99,-0.11,10.78,10.82,1.01,206,2872,3926,6,17,25.5,4088,0,188.5,0.0,0,4,HAZARDOUS_AIR_POLLUTION,Extreme,96.7,97.0
2026-09-01 02:00:10,IN-DELHI-01,22.2,82.2,25.1,989.5,310.4,3.72,3.11,10.25,11.34,1.53,11,438,1239,100,261,417.6,1483,90,126.9,-2.08,0,2,LANDSLIDE_PRECURSOR,Extreme,95.8,93.9
2026-09-01 02:00:15,IN-DELHI-01,21.0,86.7,23.7,994.5,268.1,-4.46,-2.42,10.89,12.02,2.21,14,449,1320,99,224,358.4,1712,82,97.2,-1.19,0,2,LANDSLIDE_PRECURSOR,Extreme,87.4,92.5
2026-09-01 02:00:20,IN-DELHI-01,28.2,57.5,31.1,1002.9,196.9,1.14,-0.26,10.86,10.92,1.11,3,410,4043,1,13,19.5,4068,0,172.5,-0.03,0,0,NORMAL,None,9.5,97.9
2026-09-01 02:00:25,IN-DELHI-01,28.3,52.5,30.6,1000.9,213.8,0.93,-0.25,10.78,10.82,1.01,2,407,3982,4,0,0.0,4082,0,185.9,-0.16,0,0,NORMAL,None,16.5,95.7
2026-09-01 02:00:30,IN-DELHI-01,27.3,53.6,29.4,1002.3,201.9,1.05,-0.21,10.58,10.64,0.83,2,407,4011,3,4,6.0,4084,0,185.1,-0.03,0,0,NORMAL,None,5.9,97.4
2026-09-01 02:00:35,IN-DELHI-01,29.4,51.1,31.9,1000.9,214.1,0.97,-0.27,10.69,10.74,0.93,5,417,4068,0,15,22.5,4024,2,184.0,0.07,0,0,NORMAL,None,13.2,94.7
2026-09-01 02:00:40,IN-DELHI-01,30.9,53.7,34.4,1000.3,219.1,1.22,-0.21,10.8,10.87,1.06,6,421,4057,1,19,28.5,4053,1,189.4,0.1,0,0,NORMAL,None,14.5,98.2
2026-09-01 02:00:45,IN-DELHI-01,23.7,89.5,27.9,985.3,345.7,1.19,-0.03,10.44,10.51,0.7,17,459,1330,98,292,525.6,1260,97,39.8,-13.95,0,1,FLASH_FLOOD,Severe,92.0,97.0
2026-09-01 02:00:50,IN-DELHI-01,31.2,50.9,34.5,1001.2,211.2,1.17,-0.19,10.74,10.8,0.99,6,421,4052,1,3,4.5,4088,0,169.3,-0.05,0,0,NORMAL,None,12.7,95.9
2026-09-01 02:00:55,IN-DELHI-01,19.5,92.6,22.1,991.7,291.5,3.98,0.59,10.46,11.21,1.4,14,449,1146,100,201,321.6,1726,81,110.9,-4.4,0,2,LANDSLIDE_PRECURSOR,Extreme,87.9,91.4
2026-09-01 02:01:00,IN-DELHI-01,22.8,90.7,26.7,986.9,332.1,0.96,-0.31,10.73,10.78,0.97,19,466,1276,100,270,486.0,1190,100,56.6,-16.45,0,1,FLASH_FLOOD,Severe,88.7,92.2
2026-09-01 02:01:05,IN-DELHI-01,26.8,43.2,27.5,1000.6,216.4,1.17,-0.2,10.69,10.76,0.95,3,410,4061,1,8,12.0,4058,1,193.3,-0.1,0,0,NORMAL,None,12.1,94.3
2026-09-01 02:01:10,IN-DELHI-01,24.4,49.6,25.0,1003.2,194.5,1.16,-0.23,10.63,10.7,0.89,4,414,4085,0,1,1.5,4095,0,188.9,0.01,0,0,NORMAL,None,2.1,94.8
2026-09-01 02:01:15,IN-DELHI-01,24.6,68.9,27.3,996.3,252.6,1.08,-0.17,10.7,10.76,0.95,21,484,1799,82,627,1222.6,2873,42,64.0,-1.95,0,5,WATER_CONTAMINATION,Severe,89.5,92.1
2026-09-01 02:01:20,IN-DELHI-01,24.9,67.8,27.5,1005.2,178.1,1.0,-0.08,10.82,10.86,1.05,145,2140,3961,4,22,33.0,4048,1,185.3,0.0,0,4,HAZARDOUS_AIR_POLLUTION,Severe,89.4,94.4
2026-09-01 02:01:25,IN-DELHI-01,29.0,55.4,32.0,1001.6,208.1,1.11,-0.26,10.8,10.86,1.05,9,436,2004,74,641,1250.0,2533,53,49.8,-2.88,1,5,WATER_CONTAMINATION,Severe,90.0,88.3
2026-09-01 02:01:30,IN-DELHI-01,30.6,65.1,35.7,1004.9,180.6,1.15,-0.15,10.76,10.82,1.01,197,2764,4008,3,1,1.5,4035,2,180.7,0.0,0,4,HAZARDOUS_AIR_POLLUTION,Extreme,95.6,92.2
2026-09-01 02:01:35,IN-DELHI-01,23.9,90.6,28.5,990.2,304.3,1.19,0.16,10.74,10.81,1.0,17,459,1330,98,321,577.8,1280,97,41.0,-11.05,0,1,FLASH_FLOOD,Severe,91.8,91.1
2026-09-01 02:01:40,IN-DELHI-01,28.6,53.8,31.1,1002.4,201.4,0.98,-0.16,10.75,10.8,0.99,5,417,3985,3,2,3.0,4050,1,175.5,-0.08,0,0,NORMAL,None,11.9,95.8
2026-09-01 02:01:45,IN-DELHI-01,28.0,64.1,31.7,1001.6,208.5,0.94,-0.22,10.86,10.91,1.1,1,403,4095,0,8,12.0,4058,1,197.0,0.28,0,0,NORMAL,None,15.7,98.7
2026-09-01 02:01:50,IN-DELHI-01,27.3,54.9,29.5,1001.3,210.4,1.1,-0.14,10.78,10.83,1.02,4,414,4090,0,13,19.5,4056,1,188.3,-0.05,0,0,NORMAL,None,4.6,98.4
2026-09-01 02:01:55,IN-DELHI-01,27.6,67.2,31.4,1007.4,159.1,1.09,-0.26,10.69,10.75,0.94,154,2248,3956,4,18,27.0,4044,1,174.7,0.0,1,4,HAZARDOUS_AIR_POLLUTION,Severe,90.5,91.4
2026-09-01 02:02:00,IN-DELHI-01,29.6,52.6,32.4,1002.0,204.8,0.87,-0.05,10.64,10.68,0.87,3,410,4081,0,9,13.5,4085,0,175.7,0.06,0,0,NORMAL,None,16.6,94.1
2026-09-01 02:02:05,IN-DELHI-01,24.1,89.1,28.5,984.9,348.9,1.25,-0.31,11.01,11.08,1.27,11,438,1388,96,381,685.8,1302,96,40.4,-4.44,0,1,FLASH_FLOOD,Severe,91.9,89.1
2026-09-01 02:02:10,IN-DELHI-01,26.0,53.5,27.5,1003.4,192.8,1.0,-0.1,10.83,10.88,1.07,2,407,4002,3,7,10.5,4095,0,176.8,0.21,0,0,NORMAL,None,6.4,95.4
2026-09-01 02:02:15,IN-DELHI-01,26.8,74.0,31.1,999.2,228.5,1.05,-0.12,10.69,10.75,0.94,8,432,1830,81,794,1548.3,3641,15,93.7,-0.87,0,5,WATER_CONTAMINATION,Severe,96.0,91.4
2026-09-01 02:02:20,IN-DELHI-01,25.8,59.6,27.9,1000.6,216.4,1.1,-0.17,10.92,10.97,1.16,13,445,4038,2,9,13.5,4043,1,177.8,-0.12,0,0,NORMAL,None,3.9,98.2
2026-09-01 02:02:25,IN-DELHI-01,20.6,90.7,23.4,990.3,303.8,4.6,1.83,10.73,11.82,2.01,18,463,1278,100,247,395.2,1542,88,148.7,-8.18,1,2,LANDSLIDE_PRECURSOR,Extreme,96.9,87.3
2026-09-01 02:02:30,IN-DELHI-01,25.4,58.0,27.3,1004.3,185.5,0.99,-0.05,10.88,10.93,1.12,143,2116,3861,8,0,0.0,4046,1,173.1,0.0,1,4,HAZARDOUS_AIR_POLLUTION,Severe,89.2,94.0
2026-09-01 02:02:35,IN-DELHI-01,22.2,85.7,25.4,990.7,300.0,4.06,1.83,11.4,12.24,2.43,12,442,1282,100,299,478.4,1710,82,137.2,-5.5,0,2,LANDSLIDE_PRECURSOR,Extreme,87.0,94.5
2026-09-01 02:02:40,IN-DELHI-01,28.5,55.4,31.3,1001.8,206.9,1.01,-0.18,10.78,10.83,1.02,6,421,4094,0,1,1.5,4095,0,174.9,0.14,0,0,NORMAL,None,11.3,93.1
2026-09-01 02:02:45,IN-DELHI-01,25.6,52.4,26.9,1001.6,208.6,1.0,-0.11,10.84,10.89,1.08,0,400,4095,0,3,4.5,4092,0,177.7,0.09,0,0,NORMAL,None,7.5,97.1
2026-09-01 02:02:50,IN-DELHI-01,27.5,55.9,29.9,999.2,228.6,1.04,-0.13,10.65,10.7,0.89,2,407,3984,3,14,21.0,4089,0,173.1,-0.04,0,0,NORMAL,None,14.1,98.7
2026-09-01 02:02:55,IN-DELHI-01,27.5,56.3,29.9,999.6,225.2,1.14,-0.1,10.84,10.9,1.09,1,403,4059,1,7,10.5,4082,0,185.0,0.03,0,0,NORMAL,None,11.4,94.2
2026-09-01 02:03:00,IN-DELHI-01,25.5,56.6,27.3,1002.4,201.7,1.02,-0.1,10.72,10.77,0.96,4,414,4086,0,3,4.5,4080,0,190.1,0.06,0,0,NORMAL,None,2.8,92.7
2026-09-01 02:03:05,IN-DELHI-01,20.5,65.1,21.3,1002.0,204.4,1.07,-0.16,10.77,10.82,1.01,24,496,1951,76,507,988.6,3242,29,40.6,-2.92,1,5,WATER_CONTAMINATION,Severe,84.8,93.0
2026-09-01 02:03:10,IN-DELHI-01,26.7,51.4,28.3,1000.1,221.0,1.0,-0.24,10.73,10.78,0.97,0,400,4054,1,0,0.0,4049,1,186.9,0.04,0,0,NORMAL,None,11.3,93.4
2026-09-01 02:03:15,IN-DELHI-01,24.1,78.7,27.6,1002.9,197.4,1.1,-0.11,10.77,10.83,1.02,20,480,1923,77,653,1273.3,3559,18,65.1,-2.09,0,5,WATER_CONTAMINATION,Severe,90.5,94.1
2026-09-01 02:03:20,IN-DELHI-01,29.7,47.5,31.9,998.6,233.3,1.09,-0.14,10.83,10.89,1.08,0,400,4066,1,4,6.0,4083,0,184.2,0.04,0,0,NORMAL,None,11.4,93.0
2026-09-01 02:03:25,IN-DELHI-01,29.3,51.5,31.9,1001.6,207.9,1.02,-0.18,10.68,10.73,0.92,0,400,4056,1,11,16.5,4084,0,181.7,0.08,0,0,NORMAL,None,2.8,94.6
2026-09-01 02:03:30,IN-DELHI-01,25.8,77.0,29.9,1006.8,164.5,1.04,-0.26,10.78,10.83,1.02,144,2128,3994,3,24,36.0,4066,1,186.3,0.0,1,4,HAZARDOUS_AIR_POLLUTION,Severe,89.3,95.5
2026-09-01 02:03:35,IN-DELHI-01,23.5,95.7,28.2,992.4,285.8,1.06,-0.08,11.05,11.1,1.29,13,445,1463,94,285,513.0,1282,97,55.8,-10.38,0,1,FLASH_FLOOD,Severe,88.8,90.8
2026-09-01 02:03:40,IN-DELHI-01,22.0,91.0,25.6,990.0,306.4,1.1,-0.35,10.79,10.85,1.04,13,445,1448,94,311,559.8,1151,100,33.0,-9.56,0,1,FLASH_FLOOD,Severe,93.4,94.4
2026-09-01 02:03:45,IN-DELHI-01,29.8,55.7,33.2,1005.6,174.4,1.14,-0.21,10.68,10.74,0.93,105,1660,3921,6,5,7.5,4089,0,186.4,0.0,0,4,HAZARDOUS_AIR_POLLUTION,Severe,84.6,98.3
2026-09-01 02:03:50,IN-DELHI-01,23.5,85.8,27.3,993.4,277.0,-2.33,-2.49,11.81,12.29,2.48,17,459,1317,99,185,296.0,1493,89,114.4,-4.49,0,2,LANDSLIDE_PRECURSOR,Extreme,90.2,88.6
2026-09-01 02:03:55,IN-DELHI-01,43.1,17.4,43.8,996.0,255.5,1.15,-0.26,10.94,11.01,1.2,98,1233,4074,0,8,12.0,4095,0,186.2,0.0,0,3,WILDFIRE,Extreme,96.0,94.7
2026-09-01 02:04:00,IN-DELHI-01,23.6,70.3,26.0,1000.6,216.8,0.97,-0.24,10.67,10.72,0.91,17,468,1900,78,710,1384.5,3593,17,50.4,-0.57,0,5,WATER_CONTAMINATION,Severe,92.7,88.0
2026-09-01 02:04:05,IN-DELHI-01,22.9,91.3,27.0,988.2,320.9,0.91,-0.15,11.2,11.24,1.43,9,431,1347,98,257,462.6,1259,97,59.1,-9.82,0,1,FLASH_FLOOD,Severe,88.2,92.8
2026-09-01 02:04:10,IN-DELHI-01,21.5,88.1,24.5,994.9,264.8,5.61,2.91,10.4,12.17,2.36,16,456,1239,100,177,283.2,1603,86,92.9,-3.81,1,2,LANDSLIDE_PRECURSOR,Extreme,97.0,93.1
2026-09-01 02:04:15,IN-DELHI-01,21.3,91.0,24.5,993.1,279.9,-3.44,-2.41,10.0,10.84,1.03,12,442,1290,100,230,368.0,1512,89,94.6,-3.3,0,2,LANDSLIDE_PRECURSOR,Extreme,93.6,94.6
2026-09-01 02:04:20,IN-DELHI-01,36.3,18.5,36.3,996.8,248.7,1.11,-0.22,10.74,10.8,0.99,140,1590,4087,0,6,9.0,4095,0,186.5,0.0,0,3,WILDFIRE,Severe,75.0,90.3
2026-09-01 02:04:25,IN-DELHI-01,28.1,65.0,31.8,1001.4,209.8,0.97,-0.25,10.75,10.79,0.98,5,420,1780,82,539,1051.0,3105,34,54.2,-2.98,1,5,WATER_CONTAMINATION,Severe,86.0,86.1
2026-09-01 02:04:30,IN-DELHI-01,29.7,51.9,32.5,999.4,226.7,1.09,-0.26,10.72,10.78,0.97,6,421,4073,0,9,13.5,4095,0,191.1,0.11,0,0,NORMAL,None,8.6,98.4
2026-09-01 02:04:35,IN-DELHI-01,24.5,73.4,27.5,999.6,225.4,1.0,-0.2,10.67,10.72,0.91,23,492,1817,81,549,1070.5,3617,16,114.0,-1.09,1,5,WATER_CONTAMINATION,Severe,86.4,88.5
2026-09-01 02:04:40,IN-DELHI-01,24.2,66.9,26.5,1001.2,211.4,1.0,-0.25,10.66,10.71,0.9,31,524,1963,76,647,1261.6,3438,22,82.3,-1.6,0,5,WATER_CONTAMINATION,Severe,90.2,89.2
2026-09-01 02:04:45,IN-DELHI-01,21.3,86.0,24.2,990.9,298.1,-3.23,-1.58,9.52,10.18,0.37,11,438,1261,100,234,374.4,1620,85,102.7,-2.91,1,2,LANDSLIDE_PRECURSOR,Extreme,98.9,95.5
2026-09-01 02:04:50,IN-DELHI-01,27.7,52.4,29.8,1000.6,216.3,1.16,-0.25,10.66,10.72,0.91,5,417,4078,0,11,16.5,4079,0,179.5,0.07,0,0,NORMAL,None,16.1,98.0
2026-09-01 02:04:55,IN-DELHI-01,27.0,47.3,28.1,1001.9,206.1,1.25,-0.15,10.87,10.94,1.13,1,403,4016,2,19,28.5,4095,0,182.7,-0.11,0,0,NORMAL,None,17.0,94.1
2026-09-01 02:05:00,IN-DELHI-01,32.1,42.2,34.4,1001.2,211.6,1.1,-0.26,10.83,10.89,1.08,3,410,4030,2,3,4.5,4094,0,178.5,0.05,1,0,NORMAL,None,7.2,95.4
2026-09-01 02:05:05,IN-DELHI-01,27.2,74.6,31.7,998.9,231.2,1.16,-0.11,10.76,10.82,1.01,16,464,1729,84,391,762.4,3678,14,30.0,-1.79,0,5,WATER_CONTAMINATION,Severe,80.2,86.6
2026-09-01 02:05:10,IN-DELHI-01,43.8,13.9,43.8,996.1,254.6,1.04,-0.15,10.8,10.85,1.04,91,1173,4080,0,2,3.0,4095,0,195.8,0.0,1,3,WILDFIRE,Extreme,98.0,97.2
2026-09-01 02:05:15,IN-DELHI-01,25.2,57.0,26.9,1000.7,215.4,0.96,-0.18,10.71,10.76,0.95,3,410,4085,0,10,15.0,4095,0,195.7,0.16,0,0,NORMAL,None,11.8,92.8
2026-09-01 02:05:20,IN-DELHI-01,24.1,95.7,29.3,987.6,326.5,1.2,-0.13,10.94,11.0,1.19,15,452,1333,98,328,590.4,1418,92,46.2,-11.39,0,1,FLASH_FLOOD,Severe,90.8,92.1
2026-09-01 02:05:25,IN-DELHI-01,26.4,64.0,29.3,1002.8,197.7,1.01,-0.27,11.06,11.11,1.3,186,2632,4038,2,13,19.5,4017,2,187.1,0.0,1,4,HAZARDOUS_AIR_POLLUTION,Extreme,94.3,96.1
2026-09-01 02:05:30,IN-DELHI-01,27.5,56.6,30.0,1000.5,217.8,0.93,-0.2,10.73,10.77,0.96,9,431,4092,0,2,3.0,4082,0,162.2,-0.02,0,0,NORMAL,None,17.7,92.2
2026-09-01 02:05:35,IN-DELHI-01,25.4,48.6,26.2,1000.8,214.6,0.97,-0.23,10.89,10.94,1.13,2,407,4009,3,17,25.5,4066,1,185.8,0.16,0,0,NORMAL,None,9.3,94.7
2026-09-01 02:05:40,IN-DELHI-01,27.4,52.3,29.3,999.9,222.8,1.01,-0.15,10.85,10.89,1.08,4,414,4021,2,20,30.0,4089,0,178.8,-0.1,0,0,NORMAL,None,2.1,97.7
2026-09-01 02:05:45,IN-DELHI-01,19.3,80.8,20.9,993.1,279.9,5.86,2.48,10.82,12.55,2.74,23,480,1255,100,177,283.2,1691,83,146.3,-3.42,0,2,LANDSLIDE_PRECURSOR,Extreme,95.6,91.1
2026-09-01 02:05:50,IN-DELHI-01,43.1,20.6,44.6,998.0,238.2,1.13,-0.13,10.8,10.86,1.05,124,1454,4080,0,5,7.5,4095,0,193.0,0.0,0,3,WILDFIRE,Extreme,95.8,93.1
2026-09-01 02:05:55,IN-DELHI-01,24.0,93.2,28.7,987.3,328.5,1.17,0.02,11.53,11.59,1.78,10,435,1322,99,342,615.6,1250,98,41.6,-16.9,0,1,FLASH_FLOOD,Severe,91.7,95.6
2026-09-01 02:06:00,IN-DELHI-01,25.3,57.6,27.1,1000.2,220.0,0.87,-0.19,10.77,10.81,1.0,7,424,4053,1,6,9.0,4095,0,178.6,0.08,0,0,NORMAL,None,11.5,98.5
2026-09-01 02:06:05,IN-DELHI-01,27.0,53.2,28.9,999.8,223.7,1.14,-0.12,10.6,10.66,0.85,3,410,3974,4,19,28.5,4078,0,180.3,-0.01,0,0,NORMAL,None,2.3,92.5
2026-09-01 02:06:10,IN-DELHI-01,23.8,94.5,28.6,992.0,289.1,0.85,-0.2,10.87,10.91,1.1,9,431,1437,95,333,599.4,1162,100,79.5,-16.98,1,1,FLASH_FLOOD,Severe,84.1,92.5
2026-09-01 02:06:15,IN-DELHI-01,22.5,85.3,25.7,992.9,281.9,-2.31,-2.3,9.47,10.02,0.21,14,449,1265,100,169,270.4,1754,80,81.4,-3.94,0,2,LANDSLIDE_PRECURSOR,Extreme,98.6,93.1
2026-09-01 02:06:20,IN-DELHI-01,25.2,53.3,26.4,1001.5,209.0,1.08,-0.16,10.92,10.98,1.17,5,417,4044,1,5,7.5,4082,0,179.4,-0.04,1,0,NORMAL,None,15.0,95.9
2026-09-01 02:06:25,IN-DELHI-01,21.4,97.5,25.2,985.8,341.7,1.0,-0.27,10.83,10.88,1.07,7,424,1336,98,384,691.2,1238,98,15.0,-15.46,0,1,FLASH_FLOOD,Extreme,97.0,94.5
2026-09-01 02:06:30,IN-DELHI-01,22.2,95.9,26.3,986.1,338.6,1.15,-0.34,10.59,10.66,0.85,19,466,1302,99,353,635.4,1254,98,64.7,-13.05,1,1,FLASH_FLOOD,Severe,87.1,91.8
2026-09-01 02:06:35,IN-DELHI-01,29.4,50.1,31.8,1001.2,211.7,1.07,-0.09,10.89,10.95,1.14,3,410,4069,0,12,18.0,4080,0,187.6,0.02,0,0,NORMAL,None,8.4,96.3
2026-09-01 02:06:40,IN-DELHI-01,24.1,58.1,25.5,1005.8,173.2,1.13,-0.13,10.58,10.64,0.83,190,2680,4053,1,18,27.0,4037,2,178.3,0.0,1,4,HAZARDOUS_AIR_POLLUTION,Extreme,94.8,92.1
2026-09-01 02:06:45,IN-DELHI-01,26.3,51.9,27.8,1001.1,212.3,1.08,-0.18,10.72,10.78,0.97,5,417,4020,2,2,3.0,4095,0,179.3,0.04,0,0,NORMAL,None,7.0,94.0
2026-09-01 02:06:50,IN-DELHI-01,43.4,16.7,44.0,998.2,237.1,0.96,-0.21,10.79,10.83,1.02,136,1556,4092,0,5,7.5,4095,0,194.8,0.0,0,3,WILDFIRE,Extreme,97.1,88.6
2026-09-01 02:06:55,IN-DELHI-01,22.6,90.8,26.4,988.7,316.6,1.19,-0.03,10.93,10.99,1.18,16,456,1334,98,308,554.4,1265,97,78.5,-11.67,0,1,FLASH_FLOOD,Severe,84.3,91.7
2026-09-01 02:07:00,IN-DELHI-01,25.2,60.2,27.2,1007.1,161.6,1.12,-0.12,10.71,10.77,0.96,164,2368,3970,4,22,33.0,4071,0,182.8,0.0,1,4,HAZARDOUS_AIR_POLLUTION,Severe,91.7,95.8
2026-09-01 02:07:05,IN-DELHI-01,40.9,19.4,41.5,998.6,233.1,0.98,-0.23,10.76,10.81,1.0,119,1411,4085,0,7,10.5,4095,0,187.4,0.0,0,3,WILDFIRE,Severe,88.1,96.2
2026-09-01 02:07:10,IN-DELHI-01,42.0,18.5,42.6,997.5,243.1,0.87,-0.21,10.71,10.75,0.94,134,1539,4088,0,5,7.5,4095,0,186.4,0.0,0,3,WILDFIRE,Severe,91.8,89.7
2026-09-01 02:07:15,IN-DELHI-01,22.7,90.4,26.6,986.0,339.5,0.91,-0.18,11.06,11.1,1.29,14,449,1382,97,380,684.0,1231,98,51.9,-8.42,0,1,FLASH_FLOOD,Severe,89.6,94.8
2026-09-01 02:07:20,IN-DELHI-01,24.8,92.7,30.0,987.1,330.1,1.09,-0.33,10.79,10.85,1.04,13,445,1152,100,374,673.2,1265,97,35.8,-6.28,1,1,FLASH_FLOOD,Severe,92.8,95.6
2026-09-01 02:07:25,IN-DELHI-01,27.5,54.1,29.7,1001.7,207.7,1.16,-0.2,10.49,10.55,0.74,3,410,4065,1,14,21.0,4078,0,179.2,0.24,0,0,NORMAL,None,9.1,97.5
2026-09-01 02:07:30,IN-DELHI-01,24.2,44.8,24.4,999.9,222.4,1.15,-0.19,10.7,10.76,0.95,0,400,4010,3,12,18.0,4095,0,179.9,-0.07,0,0,NORMAL,None,12.4,97.3
2026-09-01 02:07:35,IN-DELHI-01,28.9,57.6,32.1,1002.5,200.7,1.07,-0.16,10.72,10.77,0.96,3,410,4020,2,8,12.0,4074,0,181.6,-0.05,0,0,NORMAL,None,3.1,92.8
2026-09-01 02:07:40,IN-DELHI-01,20.1,84.2,22.3,990.0,306.3,6.01,2.3,11.54,13.22,3.41,15,452,1335,98,246,393.6,1691,83,154.9,-0.66,0,2,LANDSLIDE_PRECURSOR,Extreme,93.9,93.6
2026-09-01 02:07:45,IN-DELHI-01,23.4,61.5,24.9,1006.6,165.7,1.03,-0.19,10.81,10.86,1.05,156,2272,3988,3,28,42.0,4065,1,175.7,0.0,0,4,HAZARDOUS_AIR_POLLUTION,Severe,90.7,94.8
2026-09-01 02:07:50,IN-DELHI-01,42.1,13.7,42.1,995.9,256.2,1.14,-0.26,10.79,10.86,1.05,127,1479,4075,0,7,10.5,4095,0,182.5,0.0,0,3,WILDFIRE,Extreme,92.3,89.3
2026-09-01 02:07:55,IN-DELHI-01,19.5,88.1,21.7,989.3,312.1,3.66,0.91,10.29,10.96,1.15,8,428,1195,100,184,294.4,1548,87,142.7,-4.57,1,2,LANDSLIDE_PRECURSOR,Extreme,88.8,95.1
2026-09-01 02:08:00,IN-DELHI-01,22.9,93.6,27.2,986.6,334.7,1.0,-0.15,10.47,10.52,0.71,18,463,1436,95,249,448.2,1157,100,68.9,-23.56,1,1,FLASH_FLOOD,Severe,86.2,91.3
2026-09-01 02:08:05,IN-DELHI-01,27.9,43.5,29.0,1001.2,211.9,1.02,-0.23,10.75,10.8,0.99,15,452,4001,3,9,13.5,4091,0,180.0,0.15,0,0,NORMAL,None,15.0,96.0
2026-09-01 02:08:10,IN-DELHI-01,24.4,69.9,27.1,1000.1,220.7,1.14,-0.23,10.96,11.02,1.21,5,420,1673,86,525,1023.8,3367,25,102.1,-2.18,1,5,WATER_CONTAMINATION,Severe,85.5,91.7
2026-09-01 02:08:15,IN-DELHI-01,22.3,82.2,25.2,994.5,268.4,-4.32,-2.41,11.71,12.71,2.9,16,456,1286,100,225,360.0,1493,89,161.7,-6.8,1,2,LANDSLIDE_PRECURSOR,Extreme,93.1,89.2
2026-09-01 02:08:20,IN-DELHI-01,25.8,62.4,28.3,1006.7,165.1,1.09,-0.14,10.68,10.74,0.93,220,3040,3973,4,22,33.0,4036,2,178.7,0.0,1,4,HAZARDOUS_AIR_POLLUTION,Extreme,98.4,94.2
2026-09-01 02:08:25,IN-DELHI-01,39.8,12.0,39.8,997.8,239.9,0.94,-0.08,10.72,10.76,0.95,162,1777,4079,0,5,7.5,4095,0,185.1,0.0,1,3,WILDFIRE,Severe,84.2,92.0
2026-09-01 02:08:30,IN-DELHI-01,23.5,69.8,25.8,1002.4,201.7,1.16,-0.21,10.8,10.86,1.05,213,2956,4030,2,6,9.0,4087,0,176.5,0.0,1,4,HAZARDOUS_AIR_POLLUTION,Extreme,97.6,90.5
2026-09-01 02:08:35,IN-DELHI-01,21.0,93.4,24.2,985.6,342.8,1.15,-0.28,10.87,10.93,1.12,20,470,1442,94,380,684.0,1238,98,47.7,-10.87,0,1,FLASH_FLOOD,Severe,90.5,96.4
2026-09-01 02:08:40,IN-DELHI-01,31.8,53.9,35.8,1003.4,193.1,1.1,-0.2,10.66,10.72,0.91,10,435,4095,0,17,25.5,4075,0,168.0,0.14,0,0,NORMAL,None,15.6,96.7
2026-09-01 02:08:45,IN-DELHI-01,26.6,98.2,33.5,988.6,317.5,1.29,0.13,10.62,10.7,0.89,12,442,1335,98,249,448.2,1226,99,28.3,-9.51,1,1,FLASH_FLOOD,Extreme,94.3,96.7
2026-09-01 02:08:50,IN-DELHI-01,19.9,91.4,22.6,989.9,306.7,-3.92,-1.96,8.85,9.88,0.07,8,428,1301,99,236,377.6,1590,86,151.1,-1.07,0,2,LANDSLIDE_PRECURSOR,Extreme,90.2,94.7
2026-09-01 02:08:55,IN-DELHI-01,24.6,60.5,26.4,1002.2,203.1,1.04,-0.15,10.61,10.66,0.85,5,417,4095,0,16,24.0,4052,1,179.9,-0.01,0,0,NORMAL,None,13.7,96.0
2026-09-01 02:09:00,IN-DELHI-01,24.9,66.7,27.5,1001.0,213.5,1.08,-0.19,10.82,10.88,1.07,26,504,1971,75,698,1361.1,3002,37,56.9,-2.9,1,5,WATER_CONTAMINATION,Severe,92.2,91.3
2026-09-01 02:09:05,IN-DELHI-01,27.1,58.4,29.6,999.7,224.4,1.06,-0.19,10.78,10.83,1.02,0,400,4039,2,7,10.5,4031,2,191.2,-0.12,0,0,NORMAL,None,15.1,95.8
2026-09-01 02:09:10,IN-DELHI-01,28.8,60.7,32.4,1002.5,200.7,1.21,-0.15,10.79,10.86,1.05,2,407,4000,3,2,3.0,4050,1,179.1,-0.08,0,0,NORMAL,None,9.0,92.7
2026-09-01 02:09:15,IN-DELHI-01,43.6,16.6,44.1,998.5,234.3,0.84,-0.11,10.83,10.86,1.05,65,952,4087,0,0,0.0,4095,0,190.0,0.0,0,3,WILDFIRE,Extreme,97.5,89.2
2026-09-01 02:09:20,IN-DELHI-01,27.9,53.4,30.1,1002.3,202.2,0.96,-0.14,10.67,10.71,0.9,15,452,4056,1,13,19.5,4054,1,188.8,-0.13,0,0,NORMAL,None,4.4,94.6
2026-09-01 02:09:25,IN-DELHI-01,22.3,99.0,26.8,985.8,341.4,0.93,-0.29,10.81,10.85,1.04,11,438,1382,97,362,651.6,1302,96,60.7,-11.83,0,1,FLASH_FLOOD,Severe,87.9,88.6
2026-09-01 02:09:30,IN-DELHI-01,21.6,90.7,25.0,987.5,326.9,0.94,-0.12,10.7,10.74,0.93,11,438,1391,96,240,432.0,1382,93,46.3,-13.61,0,1,FLASH_FLOOD,Severe,90.7,89.7
2026-09-01 02:09:35,IN-DELHI-01,25.9,63.0,28.5,1002.6,199.7,1.07,-0.21,10.7,10.75,0.94,29,516,2005,74,459,895.0,3292,27,78.0,-3.41,0,5,WATER_CONTAMINATION,Severe,82.9,94.7
2026-09-01 02:09:40,IN-DELHI-01,27.0,53.7,29.0,999.7,224.0,1.11,-0.06,10.6,10.66,0.85,2,407,4040,1,18,27.0,4044,1,174.3,-0.2,0,0,NORMAL,None,15.8,97.9
2026-09-01 02:09:45,IN-DELHI-01,22.5,84.2,25.8,996.7,249.4,-2.7,-1.61,9.84,10.33,0.52,9,431,1342,98,172,275.2,1620,85,129.2,-3.94,0,2,LANDSLIDE_PRECURSOR,Extreme,85.1,95.5
2026-09-01 02:09:50,IN-DELHI-01,30.5,55.7,34.2,1000.8,215.0,0.99,-0.15,10.92,10.96,1.15,2,407,4095,0,0,0.0,4052,1,190.3,0.13,0,0,NORMAL,None,9.5,97.3
2026-09-01 02:09:55,IN-DELHI-01,22.8,77.6,25.5,998.6,233.5,1.01,-0.24,10.66,10.71,0.9,21,484,1851,80,506,986.7,3248,29,51.9,-2.14,0,5,WATER_CONTAMINATION,Severe,84.7,92.2
2026-09-01 02:10:00,IN-DELHI-01,23.3,90.8,27.5,987.7,325.2,1.07,-0.09,11.08,11.14,1.33,14,449,1431,95,415,747.0,1346,94,15.0,-9.09,0,1,FLASH_FLOOD,Extreme,97.0,89.9
2026-09-01 02:10:05,IN-DELHI-01,21.8,81.8,24.5,988.1,321.9,-1.66,-1.53,10.58,10.82,1.01,23,480,1265,100,177,283.2,1525,88,143.7,-4.99,0,2,LANDSLIDE_PRECURSOR,Extreme,89.7,94.3
2026-09-01 02:10:10,IN-DELHI-01,39.5,22.9,40.5,999.6,225.2,0.99,-0.08,10.78,10.82,1.01,126,1471,4080,0,0,0.0,4095,0,187.1,0.0,1,3,WILDFIRE,Severe,83.1,91.4
2026-09-01 02:10:15,IN-DELHI-01,41.8,16.2,41.8,996.5,251.5,1.04,-0.1,10.7,10.75,0.94,148,1658,4070,0,2,3.0,4095,0,188.6,0.0,0,3,WILDFIRE,Severe,91.2,89.3
2026-09-01 02:10:20,IN-DELHI-01,23.5,91.7,27.8,990.2,304.6,-3.19,-1.48,11.2,11.74,1.93,8,428,1349,98,208,332.8,1960,73,100.8,-5.24,0,2,LANDSLIDE_PRECURSOR,Extreme,96.4,86.2
2026-09-01 02:10:25,IN-DELHI-01,28.5,64.3,32.3,1003.1,195.4,1.01,-0.18,10.68,10.73,0.92,0,400,4019,2,4,6.0,4068,0,176.7,-0.03,0,0,NORMAL,None,16.4,98.9
2026-09-01 02:10:30,IN-DELHI-01,21.3,85.5,24.0,992.6,284.4,-1.48,-1.61,10.97,11.19,1.38,9,431,1350,98,228,364.8,1480,90,106.1,-5.36,0,2,LANDSLIDE_PRECURSOR,Extreme,87.9,87.5
2026-09-01 02:10:35,IN-DELHI-01,25.4,55.8,27.0,1000.7,215.9,0.89,-0.19,10.67,10.71,0.9,1,403,4095,0,3,4.5,4086,0,178.3,-0.07,0,0,NORMAL,None,2.2,98.3
2026-09-01 02:10:40,IN-DELHI-01,24.2,51.0,24.9,999.4,226.6,0.94,-0.19,10.76,10.81,1.0,2,407,4094,0,8,12.0,4033,2,177.2,0.26,0,0,NORMAL,None,4.8,96.5
2026-09-01 02:10:45,IN-DELHI-01,25.2,61.5,27.4,1002.4,201.6,1.09,-0.09,10.68,10.74,0.93,3,410,4095,0,13,19.5,4084,0,183.7,0.03,0,0,NORMAL,None,5.9,94.9
2026-09-01 02:10:50,IN-DELHI-01,29.4,45.7,31.2,1000.6,216.3,0.9,-0.19,10.79,10.83,1.02,4,414,4064,1,4,6.0,4067,0,193.8,-0.03,0,0,NORMAL,None,9.3,96.9
2026-09-01 02:10:55,IN-DELHI-01,27.9,43.3,28.9,1002.8,197.8,0.92,-0.14,11.12,11.16,1.35,7,424,4095,0,18,27.0,4049,1,166.6,-0.11,1,0,NORMAL,None,11.8,95.5
2026-09-01 02:11:00,IN-DELHI-01,24.9,47.1,25.4,1000.0,221.9,1.04,-0.15,10.42,10.47,0.66,5,417,4013,2,14,21.0,4086,0,184.8,0.54,0,0,NORMAL,None,7.7,92.2
2026-09-01 02:11:05,IN-DELHI-01,27.6,73.6,32.2,998.5,234.1,1.1,-0.13,10.81,10.87,1.06,8,432,2129,70,544,1060.8,2833,43,87.8,-1.71,1,5,WATER_CONTAMINATION,Severe,86.2,90.4
2026-09-01 02:11:10,IN-DELHI-01,25.7,60.8,28.0,1005.8,173.2,0.98,-0.17,10.61,10.66,0.85,120,1840,3991,3,10,15.0,4053,1,175.1,0.0,0,4,HAZARDOUS_AIR_POLLUTION,Severe,86.4,94.4
2026-09-01 02:11:15,IN-DELHI-01,42.5,17.4,42.9,995.9,256.5,1.03,-0.2,10.62,10.67,0.86,153,1700,4089,0,9,13.5,4095,0,184.2,0.0,0,3,WILDFIRE,Extreme,93.7,97.6
2026-09-01 02:11:20,IN-DELHI-01,25.4,46.2,26.0,1001.4,210.3,1.05,-0.13,10.69,10.74,0.93,1,403,4045,1,3,4.5,4073,0,164.6,0.16,0,0,NORMAL,None,8.1,92.2
2026-09-01 02:11:25,IN-DELHI-01,29.0,49.7,31.2,1001.0,213.4,1.03,-0.16,10.76,10.81,1.0,4,414,4066,1,8,12.0,4030,2,187.4,0.03,0,0,NORMAL,None,5.0,92.5
2026-09-01 02:11:30,IN-DELHI-01,25.9,42.7,26.3,999.4,226.5,1.0,-0.13,10.8,10.84,1.03,2,407,4008,3,3,4.5,4039,1,179.3,0.15,1,0,NORMAL,None,12.4,97.4
2026-09-01 02:11:35,IN-DELHI-01,27.3,49.2,28.8,1000.8,215.2,1.17,-0.12,11.01,11.08,1.27,3,410,4074,0,6,9.0,4063,1,182.5,0.0,0,0,NORMAL,None,5.1,92.9
2026-09-01 02:11:40,IN-DELHI-01,25.3,71.3,28.6,999.9,222.9,1.15,-0.17,10.65,10.72,0.91,26,504,1789,82,622,1212.9,3202,30,66.1,-2.07,1,5,WATER_CONTAMINATION,Severe,89.3,86.8
2026-09-01 02:11:45,IN-DELHI-01,25.4,54.7,26.9,1000.0,221.6,1.06,-0.15,10.64,10.69,0.88,8,428,4037,2,24,36.0,4074,0,181.1,-0.02,0,0,NORMAL,None,6.2,93.2
2026-09-01 02:11:50,IN-DELHI-01,22.3,90.4,25.9,987.7,325.1,1.35,-0.3,10.84,10.93,1.12,21,473,1316,99,317,570.6,1266,97,52.6,-16.31,0,1,FLASH_FLOOD,Severe,89.5,88.9
2026-09-01 02:11:55,IN-DELHI-01,26.2,56.9,28.2,1010.3,134.7,0.99,-0.21,10.83,10.87,1.06,167,2404,3928,5,22,33.0,4066,1,187.2,0.0,1,4,HAZARDOUS_AIR_POLLUTION,Severe,92.0,92.6
2026-09-01 02:12:00,IN-DELHI-01,21.8,93.5,25.5,990.2,304.3,1.23,-0.15,10.59,10.67,0.86,16,456,1241,100,298,536.4,1157,100,74.1,-10.66,1,1,FLASH_FLOOD,Severe,85.2,89.9
2026-09-01 02:12:05,IN-DELHI-01,24.9,87.5,29.6,986.1,338.5,0.93,-0.47,10.56,10.61,0.8,4,414,1269,100,248,446.4,1275,97,34.1,-5.97,0,1,FLASH_FLOOD,Severe,93.2,90.3
2026-09-01 02:12:10,IN-DELHI-01,27.0,57.3,29.4,999.3,227.5,0.95,-0.17,10.89,10.94,1.13,3,410,4051,1,10,15.0,4095,0,175.0,-0.21,0,0,NORMAL,None,5.5,97.8
2026-09-01 02:12:15,IN-DELHI-01,26.4,60.7,28.9,1000.5,217.8,0.78,-0.22,10.53,10.56,0.75,0,400,4095,0,11,16.5,4057,1,193.8,-0.15,0,0,NORMAL,None,10.5,94.8
2026-09-01 02:12:20,IN-DELHI-01,29.7,51.9,32.5,1000.8,214.6,0.99,-0.17,10.93,10.97,1.16,5,417,4020,2,1,1.5,4057,1,167.3,0.11,0,0,NORMAL,None,4.3,98.8
2026-09-01 02:12:25,IN-DELHI-01,22.7,98.2,27.3,986.0,339.6,1.26,-0.24,10.68,10.75,0.94,15,452,1340,98,361,649.8,1323,95,35.0,-9.87,0,1,FLASH_FLOOD,Severe,93.0,94.5
2026-09-01 02:12:30,IN-DELHI-01,33.8,62.6,40.3,1007.1,161.5,1.06,-0.22,10.72,10.77,0.96,113,1756,4057,1,20,30.0,4077,0,179.3,0.0,0,4,HAZARDOUS_AIR_POLLUTION,Severe,85.6,92.0
2026-09-01 02:12:35,IN-DELHI-01,30.2,52.0,33.2,999.3,227.3,1.09,-0.23,10.92,10.98,1.17,9,431,4076,0,13,19.5,4079,0,181.0,0.03,0,0,NORMAL,None,4.7,94.5
2026-09-01 02:12:40,IN-DELHI-01,22.4,86.2,25.8,989.0,314.6,-3.85,-3.35,12.15,13.18,3.37,7,424,1272,100,169,270.4,1568,87,121.0,-5.66,0,2,LANDSLIDE_PRECURSOR,Extreme,86.1,92.6
2026-09-01 02:12:45,IN-DELHI-01,25.2,87.1,30.0,993.4,277.5,-3.46,-1.21,11.52,12.09,2.28,15,452,1260,100,178,284.8,1783,79,134.5,-1.84,1,2,LANDSLIDE_PRECURSOR,Extreme,95.7,87.4
2026-09-01 02:12:50,IN-DELHI-01,26.7,51.4,28.2,1000.1,220.6,1.07,-0.18,10.8,10.86,1.05,7,424,4079,0,2,3.0,4079,0,176.1,-0.21,0,0,NORMAL,None,4.7,95.0
2026-09-01 02:12:55,IN-DELHI-01,28.8,54.2,31.6,1002.1,203.8,0.95,-0.19,10.54,10.59,0.78,2,407,4045,1,14,21.0,4092,0,188.7,-0.06,0,0,NORMAL,None,11.7,95.0
2026-09-01 02:13:00,IN-DELHI-01,27.8,48.8,29.5,1000.2,220.0,1.0,-0.09,10.84,10.89,1.08,11,438,4046,1,11,16.5,4056,1,190.5,-0.07,0,0,NORMAL,None,16.6,96.9
2026-09-01 02:13:05,IN-DELHI-01,21.5,83.1,24.1,993.2,279.0,-4.3,-3.21,11.16,12.38,2.57,4,414,1223,100,210,336.0,1715,82,125.0,-6.61,0,2,LANDSLIDE_PRECURSOR,Extreme,94.1,86.6
2026-09-01 02:13:10,IN-DELHI-01,25.3,91.3,30.7,986.8,332.7,1.09,-0.16,10.7,10.76,0.95,8,428,1359,97,284,511.2,1250,98,54.6,-14.68,0,1,FLASH_FLOOD,Severe,89.1,89.8
2026-09-01 02:13:15,IN-DELHI-01,27.8,70.8,32.2,1007.1,161.7,1.05,-0.17,10.73,10.79,0.98,190,2680,4023,2,9,13.5,4052,1,173.0,0.0,1,4,HAZARDOUS_AIR_POLLUTION,Extreme,94.8,97.5
2026-09-01 02:13:20,IN-DELHI-01,23.3,98.3,28.3,990.9,298.6,0.96,-0.07,10.59,10.63,0.82,9,431,1314,99,309,556.2,1217,99,55.1,-12.3,0,1,FLASH_FLOOD,Severe,89.0,97.0
2026-09-01 02:13:25,IN-DELHI-01,20.6,85.9,23.1,992.4,285.7,-5.26,-2.94,11.39,12.88,3.07,15,452,1310,99,213,340.8,1546,88,154.6,-3.22,0,2,LANDSLIDE_PRECURSOR,Extreme,93.7,87.6
2026-09-01 02:13:30,IN-DELHI-01,39.4,17.1,39.4,999.6,225.4,0.97,-0.28,10.8,10.84,1.03,88,1148,4088,0,5,7.5,4095,0,184.3,0.0,0,3,WILDFIRE,Severe,82.9,94.5
2026-09-01 02:13:35,IN-DELHI-01,24.6,88.0,29.2,990.3,303.3,-1.98,-1.93,11.55,11.87,2.06,11,438,1285,100,224,358.4,1598,86,133.5,-5.92,0,2,LANDSLIDE_PRECURSOR,Extreme,88.4,91.2
2026-09-01 02:13:40,IN-DELHI-01,27.7,62.9,31.0,1008.4,151.0,1.01,-0.16,10.71,10.76,0.95,143,2116,4021,2,15,22.5,4053,1,179.1,0.0,1,4,HAZARDOUS_AIR_POLLUTION,Severe,89.2,96.6
2026-09-01 02:13:45,IN-DELHI-01,27.0,51.0,28.7,1002.8,198.1,0.98,-0.17,10.65,10.69,0.88,5,417,4019,2,10,15.0,4090,0,179.9,-0.0,0,0,NORMAL,None,15.3,96.7
2026-09-01 02:13:50,IN-DELHI-01,22.3,89.0,25.8,992.0,289.1,-2.75,-1.22,11.26,11.66,1.85,12,442,1282,100,225,360.0,1804,79,149.1,-0.88,1,2,LANDSLIDE_PRECURSOR,Extreme,95.8,93.8
2026-09-01 02:13:55,IN-DELHI-01,25.4,49.7,26.3,1005.0,179.8,0.97,-0.19,10.61,10.66,0.85,173,2476,4065,1,15,22.5,4085,0,179.0,0.0,0,4,HAZARDOUS_AIR_POLLUTION,Severe,92.8,94.1
2026-09-01 02:14:00,IN-DELHI-01,26.8,51.6,28.5,999.4,226.9,0.96,-0.16,10.7,10.75,0.94,2,407,4001,3,10,15.0,4075,0,180.3,0.05,0,0,NORMAL,None,3.6,92.4
2026-09-01 02:14:05,IN-DELHI-01,23.7,86.0,27.6,990.4,302.6,6.82,3.46,11.03,13.42,3.61,6,421,1267,100,242,387.2,1659,84,151.2,-3.92,0,2,LANDSLIDE_PRECURSOR,Extreme,97.4,92.1
2026-09-01 02:14:10,IN-DELHI-01,25.2,46.4,25.7,1000.7,215.9,1.11,-0.23,10.87,10.93,1.12,0,400,4024,2,13,19.5,4081,0,173.5,-0.17,0,0,NORMAL,None,9.1,96.8
2026-09-01 02:14:15,IN-DELHI-01,28.1,49.4,29.9,999.3,227.3,0.92,-0.18,10.8,10.84,1.03,1,403,4028,2,17,25.5,4090,0,182.6,-0.15,0,0,NORMAL,None,10.7,98.6
2026-09-01 02:14:20,IN-DELHI-01,22.5,94.5,26.6,990.6,301.3,1.2,-0.1,10.64,10.7,0.89,10,435,1533,91,333,599.4,1285,97,29.2,-19.91,0,1,FLASH_FLOOD,Extreme,94.2,90.7
2026-09-01 02:14:25,IN-DELHI-01,24.0,92.4,28.7,989.2,312.6,0.82,-0.13,10.97,11.0,1.19,13,445,1347,98,343,617.4,1239,98,51.4,-15.91,1,1,FLASH_FLOOD,Severe,89.7,90.8
2026-09-01 02:14:30,IN-DELHI-01,24.8,56.9,26.4,1005.6,174.2,1.1,-0.3,10.57,10.63,0.82,157,2284,3949,5,20,30.0,4052,1,183.7,0.0,1,4,HAZARDOUS_AIR_POLLUTION,Severe,90.8,94.6
2026-09-01 02:14:35,IN-DELHI-01,41.8,15.3,41.8,998.4,235.2,1.03,-0.18,10.67,10.72,0.91,146,1641,4085,0,4,6.0,4095,0,187.5,0.0,0,3,WILDFIRE,Severe,91.2,97.1
2026-09-01 02:14:40,IN-DELHI-01,28.7,49.4,30.8,1001.5,209.1,1.13,-0.27,10.68,10.75,0.94,12,442,4039,2,11,16.5,4039,1,185.3,-0.02,0,0,NORMAL,None,9.7,92.4
2026-09-01 02:14:45,IN-DELHI-01,22.2,91.6,25.9,989.9,307.0,1.13,-0.44,11.09,11.16,1.35,15,452,1371,97,290,522.0,1237,98,30.4,-12.74,1,1,FLASH_FLOOD,Severe,93.9,89.8
2026-09-01 02:14:50,IN-DELHI-01,25.6,50.9,26.7,997.9,239.5,0.93,-0.2,10.77,10.82,1.01,7,424,4030,2,15,22.5,4043,1,173.9,-0.03,0,0,NORMAL,None,9.6,94.0
2026-09-01 02:14:55,IN-DELHI-01,22.4,54.3,22.9,1006.8,164.6,0.99,-0.07,10.83,10.87,1.06,194,2728,4023,2,21,31.5,4044,1,182.4,0.0,0,4,HAZARDOUS_AIR_POLLUTION,Extreme,95.3,94.4
2026-09-01 02:15:00,IN-DELHI-01,25.4,50.2,26.4,1003.3,194.0,1.16,-0.12,10.72,10.79,0.98,2,407,4014,2,3,4.5,4095,0,179.1,-0.09,0,0,NORMAL,None,5.2,92.7
2026-09-01 02:15:05,IN-DELHI-01,42.4,10.7,42.4,998.1,237.8,1.09,-0.25,10.83,10.89,1.08,174,1879,4077,0,7,10.5,4095,0,186.6,0.0,0,3,WILDFIRE,Extreme,93.4,93.2
2026-09-01 02:15:10,IN-DELHI-01,29.2,59.3,32.8,1002.2,203.0,1.09,-0.07,10.71,10.76,0.95,8,428,4000,3,16,24.0,4078,0,192.2,-0.07,0,0,NORMAL,None,5.3,97.8
2026-09-01 02:15:15,IN-DELHI-01,26.9,93.0,33.4,989.7,308.2,-0.83,-1.33,13.86,13.94,4.13,15,452,1375,97,229,366.4,1501,89,87.1,-3.26,0,2,LANDSLIDE_PRECURSOR,Extreme,93.1,93.9
2026-09-01 02:15:20,IN-DELHI-01,26.6,57.7,28.8,1002.3,202.5,1.08,-0.15,10.85,10.9,1.09,1,403,4018,2,9,13.5,4074,0,192.7,0.23,0,0,NORMAL,None,11.6,96.1
2026-09-01 02:15:25,IN-DELHI-01,23.1,69.4,25.2,1000.1,220.9,1.21,-0.33,10.78,10.85,1.04,29,516,1996,75,696,1357.2,3510,20,66.0,-2.09,0,5,WATER_CONTAMINATION,Severe,92.1,92.0
2026-09-01 02:15:30,IN-DELHI-01,28.0,47.9,29.7,1003.2,194.5,1.17,-0.14,11.04,11.1,1.29,1,403,4040,1,3,4.5,4070,0,189.0,0.32,0,0,NORMAL,None,17.9,96.9
2026-09-01 02:15:35,IN-DELHI-01,22.3,86.3,25.7,990.5,302.2,4.67,2.03,11.18,12.29,2.48,12,442,1246,100,223,356.8,1720,82,131.5,-3.36,0,2,LANDSLIDE_PRECURSOR,Extreme,97.5,94.4
2026-09-01 02:15:40,IN-DELHI-01,38.9,20.6,39.2,994.6,267.0,1.22,-0.09,10.78,10.85,1.04,111,1343,4078,0,8,12.0,4095,0,184.4,0.0,0,3,WILDFIRE,Severe,81.1,93.9
2026-09-01 02:15:45,IN-DELHI-01,30.1,70.9,35.7,998.2,236.6,0.96,-0.2,10.65,10.7,0.89,10,440,1613,88,494,963.3,3943,5,86.7,-1.87,0,5,WATER_CONTAMINATION,Severe,84.3,85.7
2026-09-01 02:15:50,IN-DELHI-01,28.0,58.1,30.9,1001.5,209.5,1.13,-0.09,10.78,10.84,1.03,0,400,4019,2,2,3.0,4095,0,180.3,0.03,0,0,NORMAL,None,4.7,98.0
2026-09-01 02:15:55,IN-DELHI-01,28.4,57.2,31.3,1001.9,205.5,1.16,-0.26,10.78,10.84,1.03,2,407,4095,0,13,19.5,4063,1,182.6,0.13,0,0,NORMAL,None,3.5,95.8
2026-09-01 02:16:00,IN-DELHI-01,26.5,57.2,28.7,1007.5,158.5,1.15,-0.27,10.69,10.75,0.94,225,3100,4080,0,27,40.5,4065,1,180.3,0.0,1,4,HAZARDOUS_AIR_POLLUTION,Extreme,99.0,95.9
2026-09-01 02:16:05,IN-DELHI-01,25.3,90.4,30.5,988.9,315.6,1.15,-0.24,10.69,10.76,0.95,8,428,1257,100,203,365.4,1198,100,52.2,-15.98,1,1,FLASH_FLOOD,Severe,89.6,92.7
2026-09-01 02:16:10,IN-DELHI-01,26.0,47.5,26.9,999.8,223.0,1.1,-0.16,10.85,10.91,1.1,4,414,4057,1,8,12.0,4086,0,190.3,0.12,1,0,NORMAL,None,16.5,93.3
2026-09-01 02:16:15,IN-DELHI-01,25.8,44.7,26.4,1002.6,200.2,1.1,-0.2,10.85,10.9,1.09,1,403,4049,1,1,1.5,4082,0,190.9,0.08,0,0,NORMAL,None,8.9,96.6
2026-09-01 02:16:20,IN-DELHI-01,23.8,83.1,27.6,989.8,308.0,4.07,1.42,10.75,11.58,1.77,19,466,1240,100,184,294.4,1605,86,99.9,-1.23,0,2,LANDSLIDE_PRECURSOR,Extreme,96.1,87.3
2026-09-01 02:16:25,IN-DELHI-01,26.4,59.7,28.7,1005.3,177.4,1.12,-0.18,10.82,10.88,1.07,219,3028,3976,4,20,30.0,4070,0,173.0,0.0,0,4,HAZARDOUS_AIR_POLLUTION,Extreme,98.3,92.0
2026-09-01 02:16:30,IN-DELHI-01,27.4,57.1,29.9,1003.4,193.0,1.17,-0.24,10.73,10.79,0.98,3,410,4045,1,2,3.0,4073,0,175.5,-0.03,0,0,NORMAL,None,4.8,98.6
2026-09-01 02:16:35,IN-DELHI-01,28.9,48.1,30.9,1000.6,216.4,1.0,-0.17,10.76,10.81,1.0,7,424,4043,1,15,22.5,4095,0,167.9,-0.12,0,0,NORMAL,None,11.9,94.6
2026-09-01 02:16:40,IN-DELHI-01,30.4,45.0,32.5,1002.3,202.0,0.92,-0.18,10.88,10.92,1.11,9,431,4075,0,5,7.5,4061,1,187.5,0.25,0,0,NORMAL,None,2.7,95.2
2026-09-01 02:16:45,IN-DELHI-01,44.0,17.7,44.9,997.0,247.2,1.06,-0.3,10.72,10.78,0.97,133,1530,4076,0,4,6.0,4095,0,198.7,0.0,0,3,WILDFIRE,Extreme,98.0,93.7
2026-09-01 02:16:50,IN-DELHI-01,19.9,85.9,22.1,989.7,308.5,4.24,1.38,10.74,11.63,1.82,12,442,1264,100,177,283.2,1721,82,104.9,-1.21,0,2,LANDSLIDE_PRECURSOR,Extreme,85.7,94.9
2026-09-01 02:16:55,IN-DELHI-01,22.4,59.7,23.4,1006.3,168.8,1.17,-0.17,10.77,10.84,1.03,130,1960,4048,1,11,16.5,4068,0,179.2,0.0,1,4,HAZARDOUS_AIR_POLLUTION,Severe,87.6,97.0
2026-09-01 02:17:00,IN-DELHI-01,20.5,89.3,23.3,991.5,293.4,6.62,2.49,9.75,12.05,2.24,10,435,1250,100,265,424.0,1461,90,139.6,-1.05,0,2,LANDSLIDE_PRECURSOR,Extreme,90.2,95.3
2026-09-01 02:17:05,IN-DELHI-01,20.6,86.6,23.1,997.1,246.3,3.22,2.37,9.9,10.67,0.86,12,442,1234,100,201,321.6,1361,94,132.6,-2.18,1,2,LANDSLIDE_PRECURSOR,Extreme,96.5,93.9
2026-09-01 02:17:10,IN-DELHI-01,30.1,47.3,32.4,999.8,223.7,1.09,-0.2,10.6,10.65,0.84,9,431,4055,1,7,10.5,4095,0,178.6,-0.2,0,0,NORMAL,None,5.9,94.3
2026-09-01 02:17:15,IN-DELHI-01,29.4,73.3,35.0,1001.0,213.4,1.08,-0.14,10.8,10.86,1.05,12,448,1962,76,469,914.5,3217,30,56.4,-2.13,0,5,WATER_CONTAMINATION,Severe,83.3,89.1
2026-09-01 02:17:20,IN-DELHI-01,39.2,21.0,39.7,995.0,263.7,1.08,-0.1,10.78,10.83,1.02,167,1819,4095,0,8,12.0,4095,0,189.3,0.0,0,3,WILDFIRE,Severe,82.2,91.2
2026-09-01 02:17:25,IN-DELHI-01,22.5,97.7,26.9,990.3,303.6,1.1,-0.21,10.69,10.75,0.94,24,484,1371,97,298,536.4,1329,95,24.2,-16.63,0,1,FLASH_FLOOD,Extreme,95.2,88.5
2026-09-01 02:17:30,IN-DELHI-01,28.1,48.5,29.7,1001.8,206.5,1.1,-0.17,10.67,10.73,0.92,4,414,4062,1,11,16.5,4095,0,172.0,0.15,0,0,NORMAL,None,13.8,93.7
2026-09-01 02:17:35,IN-DELHI-01,24.9,50.4,25.7,1001.5,209.1,1.1,-0.24,10.8,10.85,1.04,2,407,4091,0,0,0.0,4056,1,183.6,0.12,0,0,NORMAL,None,7.7,95.2
2026-09-01 02:17:40,IN-DELHI-01,23.4,89.7,27.5,994.0,272.2,-2.1,-2.34,10.63,11.08,1.27,13,445,1205,100,162,259.2,1764,80,114.7,-3.39,0,2,LANDSLIDE_PRECURSOR,Extreme,95.8,89.9
2026-09-01 02:17:45,IN-DELHI-01,26.2,49.4,27.4,999.4,226.7,1.19,-0.22,10.73,10.8,0.99,1,403,4031,2,13,19.5,4095,0,185.3,-0.3,0,0,NORMAL,None,17.4,97.5
2026-09-01 02:17:50,IN-DELHI-01,20.6,90.3,23.4,991.5,293.3,-1.5,-1.05,9.89,10.06,0.25,9,431,1310,99,194,310.4,1631,85,146.3,-3.08,0,2,LANDSLIDE_PRECURSOR,Extreme,87.9,94.2
2026-09-01 02:17:55,IN-DELHI-01,27.1,50.9,28.7,1002.9,197.5,1.08,-0.22,10.71,10.76,0.95,0,400,4020,2,13,19.5,4068,0,178.1,-0.01,0,0,NORMAL,None,10.4,98.7
2026-09-01 02:18:00,IN-DELHI-01,21.1,91.2,24.2,985.8,341.1,1.11,0.15,11.11,11.16,1.35,8,428,1392,96,357,642.6,1355,94,42.4,-8.0,1,1,FLASH_FLOOD,Severe,91.5,97.1
2026-09-01 02:18:05,IN-DELHI-01,26.1,43.3,26.6,1001.5,209.1,1.02,-0.19,10.83,10.88,1.07,1,403,4059,1,18,27.0,4068,0,183.3,-0.05,0,0,NORMAL,None,14.2,95.5
2026-09-01 02:18:10,IN-DELHI-01,41.1,12.3,41.1,997.8,240.5,1.05,-0.06,10.86,10.91,1.1,70,995,4084,0,0,0.0,4095,0,191.0,0.0,0,3,WILDFIRE,Severe,88.9,87.8
2026-09-01 02:18:15,IN-DELHI-01,24.3,73.1,27.3,1002.9,197.2,1.01,-0.18,10.66,10.71,0.9,19,476,1900,78,587,1144.6,2640,50,47.2,-0.87,0,5,WATER_CONTAMINATION,Severe,87.9,93.3
2026-09-01 02:18:20,IN-DELHI-01,44.1,14.9,44.2,998.7,232.4,1.06,-0.13,10.82,10.87,1.06,159,1751,4083,0,10,15.0,4095,0,188.6,0.0,1,3,WILDFIRE,Extreme,98.0,94.9
2026-09-01 02:18:25,IN-DELHI-01,25.1,71.6,28.3,1000.7,215.8,0.96,-0.16,10.84,10.88,1.07,19,476,1932,77,597,1164.1,3594,17,71.1,-0.51,1,5,WATER_CONTAMINATION,Severe,88.3,86.6
2026-09-01 02:18:30,IN-DELHI-01,28.1,52.6,30.4,1002.0,204.4,0.98,-0.22,10.82,10.87,1.06,1,403,4066,1,6,9.0,4062,1,180.4,-0.24,0,0,NORMAL,None,6.2,94.1
2026-09-01 02:18:35,IN-DELHI-01,23.6,93.1,28.1,987.8,324.2,1.05,-0.1,11.13,11.18,1.37,20,470,1347,98,245,441.0,1296,96,38.5,-17.54,0,1,FLASH_FLOOD,Severe,92.3,97.4
2026-09-01 02:18:40,IN-DELHI-01,41.4,21.9,42.8,995.6,258.6,1.05,-0.25,10.68,10.74,0.93,176,1896,4078,0,5,7.5,4095,0,191.0,0.0,0,3,WILDFIRE,Severe,89.9,87.8
2026-09-01 02:18:45,IN-DELHI-01,32.3,63.3,38.0,1006.9,163.4,1.0,-0.18,10.97,11.01,1.2,97,1564,3987,3,5,7.5,4072,0,181.6,0.0,0,4,HAZARDOUS_AIR_POLLUTION,Severe,83.6,94.5
2026-09-01 02:18:50,IN-DELHI-01,40.6,19.4,41.1,998.7,232.9,1.12,-0.25,10.91,10.97,1.16,123,1445,4082,0,1,1.5,4095,0,186.4,0.0,0,3,WILDFIRE,Severe,87.2,95.7
2026-09-01 02:18:55,IN-DELHI-01,31.7,46.0,34.4,999.9,222.5,1.02,-0.23,10.86,10.91,1.1,8,428,4072,0,5,7.5,4054,1,190.1,0.02,0,0,NORMAL,None,11.4,94.2
2026-09-01 02:19:00,IN-DELHI-01,26.2,70.1,29.7,1000.8,215.1,1.14,-0.23,10.72,10.78,0.97,5,420,1963,76,610,1189.5,3182,31,87.7,-1.57,0,5,WATER_CONTAMINATION,Severe,88.8,86.7
2026-09-01 02:19:05,IN-DELHI-01,30.3,56.9,34.0,1002.0,204.9,0.99,-0.13,10.93,10.98,1.17,7,424,3968,4,15,22.5,4042,1,184.0,0.03,0,0,NORMAL,None,9.6,93.4
2026-09-01 02:19:10,IN-DELHI-01,29.0,51.8,31.5,1000.4,218.7,1.08,-0.07,10.87,10.93,1.12,1,403,4053,1,11,16.5,4083,0,183.9,0.1,0,0,NORMAL,None,9.2,95.7
2026-09-01 02:19:15,IN-DELHI-01,30.2,59.0,34.2,1002.3,202.3,0.94,-0.25,10.63,10.68,0.87,190,2680,3954,5,27,40.5,4051,1,184.6,0.0,0,4,HAZARDOUS_AIR_POLLUTION,Extreme,94.8,93.7
2026-09-01 02:19:20,IN-DELHI-01,25.5,63.8,28.0,1001.7,207.5,1.03,-0.31,10.66,10.72,0.91,17,468,1852,80,493,961.4,3467,21,81.7,-1.85,1,5,WATER_CONTAMINATION,Severe,84.2,89.2
2026-09-01 02:19:25,IN-DELHI-01,29.0,66.1,33.4,1005.9,171.8,1.02,-0.2,10.77,10.82,1.01,146,2152,3938,5,7,10.5,4036,2,181.5,0.0,0,4,HAZARDOUS_AIR_POLLUTION,Severe,89.5,97.1
2026-09-01 02:19:30,IN-DELHI-01,25.3,67.0,28.1,998.5,234.6,1.08,-0.15,10.76,10.82,1.01,16,464,1717,85,594,1158.3,3018,37,69.8,-1.94,0,5,WATER_CONTAMINATION,Severe,88.2,94.3
2026-09-01 02:19:35,IN-DELHI-01,19.6,90.9,22.1,995.4,260.7,7.34,2.82,10.56,13.17,3.36,17,459,1297,100,212,339.2,1728,81,130.5,-3.64,0,2,LANDSLIDE_PRECURSOR,Extreme,97.9,95.9
2026-09-01 02:19:40,IN-DELHI-01,24.8,87.9,29.4,988.2,321.1,0.95,-0.25,10.77,10.81,1.0,11,438,1499,92,344,619.2,1162,100,15.0,-12.85,0,1,FLASH_FLOOD,Extreme,97.0,89.2
2026-09-01 02:19:45,IN-DELHI-01,29.1,42.0,30.4,1000.0,221.6,1.1,-0.14,10.73,10.79,0.98,5,417,4071,0,18,27.0,4078,0,166.1,-0.03,0,0,NORMAL,None,13.3,93.0
2026-09-01 02:19:50,IN-DELHI-01,28.4,60.0,31.7,1006.2,169.5,1.03,-0.21,10.73,10.78,0.97,183,2596,3968,4,28,42.0,4062,1,186.0,0.0,1,4,HAZARDOUS_AIR_POLLUTION,Extreme,94.0,98.1
2026-09-01 02:19:55,IN-DELHI-01,18.9,86.3,20.8,989.2,312.9,3.22,0.92,11.88,12.34,2.53,14,449,1272,100,172,275.2,1269,97,152.2,-4.03,0,2,LANDSLIDE_PRECURSOR,Extreme,89.6,94.8
2026-09-01 02:20:00,IN-DELHI-01,22.5,88.8,26.1,990.5,301.4,6.09,1.71,11.49,13.12,3.31,9,431,1247,100,136,217.6,1400,93,103.0,-2.22,0,2,LANDSLIDE_PRECURSOR,Extreme,90.8,87.3
2026-09-01 02:20:05,IN-DELHI-01,28.3,52.5,30.6,1000.8,215.1,1.08,-0.17,10.74,10.79,0.98,1,403,4027,2,16,24.0,4059,1,173.2,-0.12,0,0,NORMAL,None,16.1,97.3
2026-09-01 02:20:10,IN-DELHI-01,29.0,62.7,32.9,1006.2,169.1,1.08,-0.19,10.67,10.73,0.92,213,2956,3978,4,22,33.0,4058,1,180.1,0.0,0,4,HAZARDOUS_AIR_POLLUTION,Extreme,97.6,92.5
2026-09-01 02:20:15,IN-DELHI-01,28.6,45.6,30.1,999.9,222.3,1.04,-0.07,10.71,10.76,0.95,1,403,3962,4,2,3.0,4079,0,169.7,-0.16,0,0,NORMAL,None,8.5,93.5
2026-09-01 02:20:20,IN-DELHI-01,28.2,48.3,29.9,1001.3,210.6,1.17,-0.19,10.76,10.82,1.01,3,410,4088,0,2,3.0,4046,1,187.6,-0.0,0,0,NORMAL,None,8.1,96.6
2026-09-01 02:20:25,IN-DELHI-01,39.2,20.2,39.6,995.9,256.2,0.99,-0.27,10.66,10.7,0.89,67,969,4094,0,12,18.0,4095,0,186.2,0.0,0,3,WILDFIRE,Severe,82.3,88.2
2026-09-01 02:20:30,IN-DELHI-01,23.7,54.5,24.6,1002.0,205.2,1.22,-0.15,10.62,10.69,0.88,5,417,4046,1,5,7.5,4035,2,174.8,0.01,0,0,NORMAL,None,2.3,98.6
2026-09-01 02:20:35,IN-DELHI-01,22.3,96.4,26.5,986.0,339.4,1.11,-0.22,10.96,11.02,1.21,9,431,1325,99,361,649.8,1283,97,57.9,-4.65,1,1,FLASH_FLOOD,Severe,88.4,91.3
2026-09-01 02:20:40,IN-DELHI-01,23.8,74.2,26.6,1003.5,192.4,1.0,-0.24,10.76,10.81,1.0,14,456,1938,77,659,1285.0,3173,31,38.6,-3.1,0,5,WATER_CONTAMINATION,Severe,90.7,93.9
2026-09-01 02:20:45,IN-DELHI-01,26.1,53.7,27.7,1002.5,201.0,1.14,-0.12,10.86,10.92,1.11,2,407,4048,1,14,21.0,4055,1,177.7,-0.11,0,0,NORMAL,None,9.0,98.2
2026-09-01 02:20:50,IN-DELHI-01,29.9,56.0,33.3,1007.3,160.5,0.9,-0.13,10.93,10.97,1.16,163,2356,3951,5,12,18.0,4056,1,170.8,0.0,1,4,HAZARDOUS_AIR_POLLUTION,Severe,91.6,90.9
2026-09-01 02:20:55,IN-DELHI-01,27.9,50.4,29.8,1000.9,214.4,0.95,-0.2,10.69,10.74,0.93,10,435,4076,0,15,22.5,4072,0,169.6,0.06,0,0,NORMAL,None,9.7,94.9
2026-09-01 02:21:00,IN-DELHI-01,30.5,47.0,32.9,1000.4,218.3,1.05,-0.09,10.8,10.85,1.04,4,414,4054,1,8,12.0,4069,0,186.7,0.01,0,0,NORMAL,None,10.9,92.5
2026-09-01 02:21:05,IN-DELHI-01,23.9,90.7,28.4,988.2,321.0,1.35,-0.34,10.77,10.86,1.05,13,445,1321,99,297,534.6,1298,96,42.2,-12.19,1,1,FLASH_FLOOD,Severe,91.6,89.5
2026-09-01 02:21:10,IN-DELHI-01,25.4,94.6,31.2,986.0,339.4,1.11,-0.21,10.25,10.31,0.5,12,442,1325,99,366,658.8,1329,95,44.9,-16.01,0,1,FLASH_FLOOD,Severe,91.0,95.5
2026-09-01 02:21:15,IN-DELHI-01,24.9,60.7,26.9,1005.0,179.8,0.95,-0.16,10.67,10.71,0.9,107,1684,4001,3,9,13.5,4027,2,179.0,0.0,0,4,HAZARDOUS_AIR_POLLUTION,Severe,84.8,97.5
2026-09-01 02:21:20,IN-DELHI-01,23.3,97.7,28.1,987.2,329.2,1.22,-0.36,10.67,10.75,0.94,8,428,1407,96,262,471.6,1103,100,55.5,-13.94,1,1,FLASH_FLOOD,Severe,88.9,89.7
2026-09-01 02:21:25,IN-DELHI-01,27.3,53.2,29.3,1002.6,199.7,0.96,-0.13,10.73,10.77,0.96,0,400,4095,0,0,0.0,4057,1,189.9,0.02,0,0,NORMAL,None,12.7,98.3
2026-09-01 02:21:30,IN-DELHI-01,24.3,67.0,26.6,999.0,230.0,1.05,-0.19,10.77,10.83,1.02,10,440,1779,82,560,1092.0,3792,10,61.4,-1.79,1,5,WATER_CONTAMINATION,Severe,86.8,86.0
2026-09-01 02:21:35,IN-DELHI-01,22.5,91.7,26.3,988.2,320.8,0.86,-0.4,10.77,10.81,1.0,11,438,1291,100,270,486.0,1279,97,33.5,-10.39,0,1,FLASH_FLOOD,Severe,93.3,92.6
2026-09-01 02:21:40,IN-DELHI-01,22.1,97.3,26.3,987.6,326.0,1.35,-0.13,11.13,11.21,1.4,15,452,1450,94,248,446.4,1224,99,73.6,-8.36,0,1,FLASH_FLOOD,Severe,85.3,89.7
2026-09-01 02:21:45,IN-DELHI-01,27.0,43.6,27.8,1000.8,214.6,1.16,-0.12,10.67,10.73,0.92,11,438,4039,2,5,7.5,4080,0,185.1,-0.14,0,0,NORMAL,None,12.6,92.8
2026-09-01 02:21:50,IN-DELHI-01,22.3,90.9,25.9,985.8,341.3,1.25,-0.39,10.69,10.77,0.96,11,438,1292,100,241,433.8,1187,100,21.7,-14.65,0,1,FLASH_FLOOD,Extreme,95.7,92.4
2026-09-01 02:21:55,IN-DELHI-01,22.1,86.6,25.4,993.4,277.0,-3.33,-2.81,10.26,11.15,1.34,12,442,1190,100,202,323.2,1531,88,140.9,-4.58,0,2,LANDSLIDE_PRECURSOR,Extreme,92.5,96.2
2026-09-01 02:22:00,IN-DELHI-01,22.4,87.6,25.9,986.5,335.8,1.02,-0.36,10.96,11.01,1.2,13,445,1348,98,277,498.6,1078,100,48.2,-9.57,1,1,FLASH_FLOOD,Severe,90.4,95.5
2026-09-01 02:22:05,IN-DELHI-01,42.8,18.3,43.6,995.6,258.7,0.96,-0.27,10.69,10.74,0.93,131,1513,4084,0,0,0.0,4095,0,191.3,0.0,1,3,WILDFIRE,Extreme,94.8,87.2
2026-09-01 02:22:10,IN-DELHI-01,27.1,51.9,28.9,1003.2,194.9,1.14,-0.18,10.73,10.79,0.98,15,452,4023,2,6,9.0,4049,1,186.7,-0.26,0,0,NORMAL,None,6.7,95.9
2026-09-01 02:22:15,IN-DELHI-01,24.3,72.1,27.2,1003.7,190.1,1.08,-0.22,10.75,10.81,1.0,18,472,1722,84,637,1242.1,3255,29,56.1,-2.0,1,5,WATER_CONTAMINATION,Severe,89.8,89.6
2026-09-01 02:22:20,IN-DELHI-01,24.4,54.1,25.5,1006.8,164.2,1.06,-0.18,10.51,10.57,0.76,91,1492,3999,3,14,21.0,4065,1,172.5,0.0,1,4,HAZARDOUS_AIR_POLLUTION,Severe,82.9,94.5
2026-09-01 02:22:25,IN-DELHI-01,22.5,91.7,26.4,985.7,342.1,1.08,-0.26,10.87,10.93,1.12,7,424,1366,97,247,444.6,1271,97,15.0,-15.65,1,1,FLASH_FLOOD,Extreme,97.0,97.5
2026-09-01 02:22:30,IN-DELHI-01,22.8,85.4,26.3,992.1,288.0,5.83,2.2,11.29,12.9,3.09,12,442,1249,100,214,342.4,1666,83,80.0,-3.77,1,2,LANDSLIDE_PRECURSOR,Extreme,87.7,86.1
2026-09-01 02:22:35,IN-DELHI-01,29.1,54.3,32.0,1002.5,200.5,1.11,-0.21,10.65,10.71,0.9,3,410,4051,1,0,0.0,4086,0,187.4,-0.06,0,0,NORMAL,None,13.6,94.9
2026-09-01 02:22:40,IN-DELHI-01,25.3,66.4,28.0,1000.3,219.6,0.97,-0.1,10.77,10.81,1.0,28,512,1599,89,655,1277.2,3207,30,42.3,-1.15,0,5,WATER_CONTAMINATION,Severe,90.5,92.7
2026-09-01 02:22:45,IN-DELHI-01,23.3,84.3,26.9,994.3,269.4,-3.79,-3.94,12.99,14.09,4.28,10,435,1251,100,210,336.0,1347,94,162.5,-5.04,0,2,LANDSLIDE_PRECURSOR,Extreme,87.0,91.3
2026-09-01 02:22:50,IN-DELHI-01,23.1,67.2,25.0,1000.3,218.9,1.03,-0.16,10.78,10.83,1.02,24,496,2205,67,757,1476.1,3424,23,88.1,-0.11,0,5,WATER_CONTAMINATION,Severe,94.5,85.8
2026-09-01 02:22:55,IN-DELHI-01,24.8,47.9,25.3,998.9,230.8,1.01,-0.15,10.84,10.88,1.07,3,410,4016,2,25,37.5,4071,0,174.3,-0.02,0,0,NORMAL,None,8.0,93.5
2026-09-01 02:23:00,IN-DELHI-01,24.7,92.0,29.7,986.0,339.8,1.09,-0.15,10.48,10.54,0.73,12,442,1316,99,251,451.8,1260,97,17.3,-9.55,0,1,FLASH_FLOOD,Extreme,96.5,92.9
2026-09-01 02:23:05,IN-DELHI-01,28.4,51.0,30.5,1000.4,218.5,1.09,-0.07,10.72,10.77,0.96,3,410,4037,2,0,0.0,4086,0,176.7,0.05,0,0,NORMAL,None,14.5,94.0
2026-09-01 02:23:10,IN-DELHI-01,23.3,87.0,27.1,991.4,294.5,-2.73,-2.28,10.65,11.23,1.42,7,424,1389,96,235,376.0,1559,87,104.3,-3.12,0,2,LANDSLIDE_PRECURSOR,Extreme,85.2,86.0
2026-09-01 02:23:15,IN-DELHI-01,23.3,85.6,27.0,990.8,299.5,-2.53,-2.08,10.83,11.31,1.5,9,431,1238,100,248,396.8,1581,86,118.0,-3.76,0,2,LANDSLIDE_PRECURSOR,Extreme,85.0,90.4
2026-09-01 02:23:20,IN-DELHI-01,21.8,86.8,24.8,987.2,329.6,4.95,1.18,12.06,13.09,3.28,6,421,1274,100,209,334.4,1545,88,107.9,-2.33,1,2,LANDSLIDE_PRECURSOR,Extreme,97.4,93.0
2026-09-01 02:23:25,IN-DELHI-01,24.0,89.4,28.4,988.5,318.2,1.0,-0.31,10.87,10.91,1.1,12,442,1336,98,397,714.6,1277,97,39.8,-14.82,0,1,FLASH_FLOOD,Severe,92.0,91.7
2026-09-01 02:23:30,IN-DELHI-01,28.2,46.4,29.6,1002.9,197.5,1.02,-0.18,10.58,10.63,0.82,1,403,4093,0,18,27.0,4095,0,181.9,-0.19,0,0,NORMAL,None,3.1,98.0
2026-09-01 02:23:35,IN-DELHI-01,39.6,16.3,39.6,996.5,251.4,1.09,-0.18,10.58,10.63,0.82,167,1819,4080,0,5,7.5,4095,0,196.8,0.0,1,3,WILDFIRE,Severe,83.6,89.7
2026-09-01 02:23:40,IN-DELHI-01,22.3,92.3,26.2,983.7,359.3,1.05,-0.13,10.83,10.88,1.07,11,438,1409,96,362,651.6,1265,97,43.3,-13.51,0,1,FLASH_FLOOD,Severe,91.3,92.9
2026-09-01 02:23:45,IN-DELHI-01,25.6,58.8,27.6,998.9,230.7,1.07,-0.08,10.69,10.74,0.93,2,407,4068,0,7,10.5,4095,0,179.9,-0.04,0,0,NORMAL,None,9.2,98.2
2026-09-01 02:23:50,IN-DELHI-01,23.8,90.2,28.2,987.0,331.3,1.19,-0.42,10.66,10.74,0.93,13,445,1320,99,377,678.6,1164,100,31.9,-5.31,0,1,FLASH_FLOOD,Severe,93.6,89.4
2026-09-01 02:23:55,IN-DELHI-01,41.5,19.3,42.2,996.0,255.8,1.13,-0.25,10.64,10.71,0.9,115,1377,4084,0,6,9.0,4095,0,195.1,0.0,0,3,WILDFIRE,Severe,90.4,92.0
2026-09-01 02:24:00,IN-DELHI-01,22.7,87.4,26.2,991.5,293.4,-2.64,-3.34,10.75,11.56,1.75,14,449,1256,100,280,448.0,1823,78,129.3,-4.19,1,2,LANDSLIDE_PRECURSOR,Extreme,90.5,91.7
2026-09-01 02:24:05,IN-DELHI-01,27.7,45.7,28.9,1000.3,219.1,1.02,-0.25,10.8,10.85,1.04,0,400,3994,3,6,9.0,4051,1,186.5,-0.15,1,0,NORMAL,None,6.5,94.2
2026-09-01 02:24:10,IN-DELHI-01,21.7,69.6,23.3,1002.5,200.4,1.07,-0.23,10.62,10.68,0.87,102,1624,4015,2,5,7.5,4045,1,180.6,0.0,1,4,HAZARDOUS_AIR_POLLUTION,Severe,84.2,91.5
2026-09-01 02:24:15,IN-DELHI-01,42.4,13.2,42.4,996.7,249.8,0.96,-0.01,10.62,10.66,0.85,138,1573,4081,0,6,9.0,4095,0,186.5,0.0,1,3,WILDFIRE,Extreme,93.5,93.0
2026-09-01 02:24:20,IN-DELHI-01,43.3,14.9,43.3,995.4,260.2,0.83,-0.19,10.69,10.72,0.91,129,1496,4087,0,4,6.0,4095,0,188.7,0.0,0,3,WILDFIRE,Extreme,96.7,90.2
2026-09-01 02:24:25,IN-DELHI-01,24.3,89.5,28.9,994.7,266.4,5.21,2.4,9.84,11.39,1.58,4,414,1292,100,230,368.0,1627,85,157.6,-4.76,0,2,LANDSLIDE_PRECURSOR,Extreme,97.3,89.8
2026-09-01 02:24:30,IN-DELHI-01,25.9,55.8,27.7,1003.9,188.8,1.07,-0.17,10.69,10.75,0.94,120,1840,4018,2,12,18.0,4077,0,187.1,0.0,0,4,HAZARDOUS_AIR_POLLUTION,Severe,86.4,94.9
2026-09-01 02:24:35,IN-DELHI-01,40.3,10.5,40.3,996.8,248.8,0.93,-0.09,10.75,10.79,0.98,115,1377,4073,0,7,10.5,4095,0,187.7,0.0,0,3,WILDFIRE,Severe,86.2,94.1
2026-09-01 02:24:40,IN-DELHI-01,20.9,91.9,24.0,993.1,279.9,5.32,2.56,12.23,13.58,3.77,5,417,1317,99,192,307.2,1571,87,134.5,-5.47,0,2,LANDSLIDE_PRECURSOR,Extreme,90.7,90.0
2026-09-01 02:24:45,IN-DELHI-01,20.1,85.8,22.4,992.3,286.8,3.85,0.99,10.0,10.76,0.95,13,445,1265,100,236,377.6,1529,88,122.2,-4.27,0,2,LANDSLIDE_PRECURSOR,Extreme,97.6,95.6
2026-09-01 02:24:50,IN-DELHI-01,22.7,93.7,26.9,989.7,308.3,1.0,-0.42,10.89,10.95,1.14,14,449,1247,100,242,435.6,1248,98,62.6,-11.0,0,1,FLASH_FLOOD,Severe,87.5,95.9
2026-09-01 02:24:55,IN-DELHI-01,20.9,85.6,23.5,985.3,345.8,1.04,-0.4,11.05,11.1,1.29,14,449,1327,99,293,527.4,1107,100,59.2,-13.35,1,1,FLASH_FLOOD,Severe,88.2,89.3
2026-09-01 02:25:00,IN-DELHI-01,23.6,93.2,28.2,992.0,289.5,1.33,-0.13,10.89,10.97,1.16,11,438,1239,100,301,541.8,1202,99,64.0,-11.9,1,1,FLASH_FLOOD,Severe,87.2,97.1
2026-09-01 02:25:05,IN-DELHI-01,23.8,62.2,25.4,1002.8,198.3,1.06,-0.22,10.58,10.64,0.83,238,3256,4025,2,9,13.5,4075,0,180.2,0.0,0,4,HAZARDOUS_AIR_POLLUTION,Extreme,99.0,96.5
2026-09-01 02:25:10,IN-DELHI-01,24.1,92.5,28.9,988.9,315.3,0.95,0.02,10.46,10.5,0.69,7,424,1323,99,272,489.6,1274,97,42.7,-13.42,0,1,FLASH_FLOOD,Severe,91.5,97.0
2026-09-01 02:25:15,IN-DELHI-01,30.2,58.5,34.1,1001.3,211.0,1.04,-0.11,10.65,10.7,0.89,5,417,4033,2,15,22.5,4058,1,184.4,-0.16,0,0,NORMAL,None,15.0,96.0
2026-09-01 02:25:20,IN-DELHI-01,23.7,56.8,24.8,1001.4,209.9,1.0,-0.18,10.76,10.81,1.0,17,468,2003,74,431,840.4,2629,50,56.8,-0.82,0,5,WATER_CONTAMINATION,Severe,81.8,91.7
2026-09-01 02:25:25,IN-DELHI-01,25.0,92.5,30.2,989.1,313.2,1.19,-0.2,10.89,10.96,1.15,19,466,1355,98,320,576.0,1197,100,70.0,-10.75,1,1,FLASH_FLOOD,Severe,86.0,88.8
2026-09-01 02:25:30,IN-DELHI-01,29.4,53.6,32.2,1001.6,208.5,1.01,-0.28,10.97,11.02,1.21,1,403,4086,0,6,9.0,4081,0,175.1,0.11,0,0,NORMAL,None,12.5,96.9
2026-09-01 02:25:35,IN-DELHI-01,28.5,49.4,30.4,998.9,231.0,1.13,-0.22,10.93,10.99,1.18,6,421,4028,2,14,21.0,4060,1,175.1,-0.05,0,0,NORMAL,None,13.5,92.4
2026-09-01 02:25:40,IN-DELHI-01,45.6,20.3,47.8,996.1,254.5,1.03,-0.34,10.77,10.83,1.02,101,1258,4078,0,3,4.5,4095,0,190.1,0.0,0,3,WILDFIRE,Extreme,98.0,93.1
2026-09-01 02:25:45,IN-DELHI-01,22.8,88.8,26.6,987.2,329.5,0.88,-0.09,10.91,10.94,1.13,10,435,1384,96,315,567.0,1307,96,60.5,-13.08,1,1,FLASH_FLOOD,Severe,87.9,94.7
2026-09-01 02:25:50,IN-DELHI-01,29.7,61.5,33.7,1005.8,172.5,0.98,-0.12,10.64,10.69,0.88,141,2092,4080,0,12,18.0,4057,1,179.0,0.0,1,4,HAZARDOUS_AIR_POLLUTION,Severe,88.9,90.6
2026-09-01 02:25:55,IN-DELHI-01,30.8,54.5,34.5,1002.1,204.1,1.16,-0.21,10.82,10.88,1.07,4,414,4087,0,8,12.0,4085,0,182.1,-0.06,0,0,NORMAL,None,7.4,93.1
2026-09-01 02:26:00,IN-DELHI-01,26.5,45.5,27.4,1003.6,191.5,1.0,-0.22,10.72,10.77,0.96,2,407,4066,1,11,16.5,4095,0,176.7,0.04,0,0,NORMAL,None,2.3,97.5
2026-09-01 02:26:05,IN-DELHI-01,23.6,90.1,28.0,987.6,326.3,1.04,-0.17,10.65,10.7,0.89,16,456,1420,95,283,509.4,1261,97,29.9,-10.69,1,1,FLASH_FLOOD,Extreme,94.0,88.8
2026-09-01 02:26:10,IN-DELHI-01,41.6,19.1,42.3,996.3,253.2,1.15,-0.06,10.73,10.79,0.98,87,1139,4086,0,5,7.5,4095,0,182.2,0.0,0,3,WILDFIRE,Severe,90.5,92.1
2026-09-01 02:26:15,IN-DELHI-01,28.5,49.7,30.5,1001.4,210.2,1.11,-0.22,10.67,10.73,0.92,1,403,4083,0,5,7.5,4095,0,198.3,-0.12,0,0,NORMAL,None,8.5,97.0
2026-09-01 02:26:20,IN-DELHI-01,24.0,93.6,28.8,991.0,297.7,1.08,-0.24,11.02,11.08,1.27,23,480,1453,94,346,622.8,1238,98,67.1,-9.58,1,1,FLASH_FLOOD,Severe,86.6,93.5
2026-09-01 02:26:25,IN-DELHI-01,22.2,92.8,26.0,991.3,295.5,-3.18,-2.41,10.35,11.09,1.28,7,424,1256,100,222,355.2,1703,82,114.5,-5.8,0,2,LANDSLIDE_PRECURSOR,Extreme,86.8,88.7
2026-09-01 02:26:30,IN-DELHI-01,23.0,54.8,23.8,1000.6,216.6,1.06,-0.22,10.71,10.76,0.95,12,442,4041,1,17,25.5,4056,1,185.0,0.02,0,0,NORMAL,None,9.5,92.8
2026-09-01 02:26:35,IN-DELHI-01,26.5,71.6,30.3,1001.8,206.8,0.99,-0.15,10.71,10.76,0.95,26,504,1860,79,445,867.8,2932,40,88.5,-2.28,0,5,WATER_CONTAMINATION,Severe,82.4,86.3
2026-09-01 02:26:40,IN-DELHI-01,26.5,58.0,28.8,1004.9,180.1,1.13,-0.18,10.64,10.7,0.89,151,2212,4004,3,9,13.5,4056,1,182.3,0.0,0,4,HAZARDOUS_AIR_POLLUTION,Severe,90.1,95.2
2026-09-01 02:26:45,IN-DELHI-01,21.9,54.0,22.3,1007.4,159.3,1.08,-0.27,10.83,10.89,1.08,178,2536,3985,3,13,19.5,4070,0,184.6,0.0,0,4,HAZARDOUS_AIR_POLLUTION,Severe,93.4,96.3
2026-09-01 02:26:50,IN-DELHI-01,21.8,85.5,24.8,991.7,291.6,-1.77,-2.4,10.2,10.63,0.82,10,435,1218,100,149,238.4,1711,82,93.4,-1.78,0,2,LANDSLIDE_PRECURSOR,Extreme,89.2,90.7
2026-09-01 02:26:55,IN-DELHI-01,22.0,93.7,25.8,991.2,295.7,-3.47,-2.86,12.29,13.09,3.28,15,452,1324,99,167,267.2,1469,90,130.0,-7.26,0,2,LANDSLIDE_PRECURSOR,Extreme,90.1,95.1
2026-09-01 02:27:00,IN-DELHI-01,41.7,20.0,42.7,999.6,224.8,1.02,-0.19,10.76,10.81,1.0,111,1343,4090,0,5,7.5,4095,0,182.7,0.0,0,3,WILDFIRE,Severe,91.1,97.9
2026-09-01 02:27:05,IN-DELHI-01,23.6,96.0,28.5,987.2,329.4,0.98,-0.12,11.12,11.16,1.35,15,452,1325,99,321,577.8,1264,97,30.6,-12.17,1,1,FLASH_FLOOD,Severe,93.9,96.5
2026-09-01 02:27:10,IN-DELHI-01,26.4,65.7,29.5,1006.2,169.5,1.11,-0.16,10.7,10.76,0.95,164,2368,3875,7,25,37.5,4063,1,174.4,0.0,0,4,HAZARDOUS_AIR_POLLUTION,Severe,91.7,90.5
2026-09-01 02:27:15,IN-DELHI-01,29.5,49.7,31.9,1001.9,205.9,1.07,-0.17,10.75,10.81,1.0,0,400,4068,0,19,28.5,4075,0,177.6,0.11,0,0,NORMAL,None,10.0,97.6
2026-09-01 02:27:20,IN-DELHI-01,25.6,46.8,26.4,1000.9,214.1,1.1,-0.23,10.6,10.66,0.85,1,403,4033,2,14,21.0,4094,0,186.6,-0.1,0,0,NORMAL,None,7.1,95.6
2026-09-01 02:27:25,IN-DELHI-01,28.8,59.2,32.1,1000.3,219.5,1.08,-0.17,10.75,10.81,1.0,14,449,4095,0,9,13.5,4073,0,180.9,-0.1,0,0,NORMAL,None,11.8,93.8
2026-09-01 02:27:30,IN-DELHI-01,27.5,66.9,31.2,1001.6,208.1,1.03,-0.22,10.58,10.64,0.83,16,464,2093,71,804,1567.8,3759,11,58.1,-1.26,0,5,WATER_CONTAMINATION,Severe,96.0,91.3
2026-09-01 02:27:35,IN-DELHI-01,29.3,51.4,31.9,1003.1,195.7,1.07,-0.14,10.83,10.89,1.08,7,424,4095,0,14,21.0,4051,1,180.5,0.15,0,0,NORMAL,None,2.1,97.5
2026-09-01 02:27:40,IN-DELHI-01,21.4,86.7,24.3,992.3,286.3,-1.56,-1.66,10.05,10.31,0.5,8,428,1238,100,265,424.0,1471,90,116.2,-2.85,0,2,LANDSLIDE_PRECURSOR,Extreme,98.5,86.3
2026-09-01 02:27:45,IN-DELHI-01,22.5,93.8,26.6,993.0,280.9,-1.33,-1.39,10.8,10.97,1.16,5,417,1322,99,167,267.2,1469,90,115.1,-6.35,1,2,LANDSLIDE_PRECURSOR,Extreme,93.3,86.4
2026-09-01 02:27:50,IN-DELHI-01,22.9,91.4,26.9,985.9,340.2,1.11,-0.03,10.62,10.68,0.87,17,459,1324,99,241,433.8,1367,94,62.5,-14.71,0,1,FLASH_FLOOD,Severe,87.5,97.4
2026-09-01 02:27:55,IN-DELHI-01,28.1,69.8,32.5,1006.5,166.7,1.01,-0.14,10.59,10.64,0.83,136,2032,3959,4,18,27.0,4082,0,181.2,0.0,1,4,HAZARDOUS_AIR_POLLUTION,Severe,88.3,94.2
2026-09-01 02:28:00,IN-DELHI-01,26.7,39.3,26.8,1002.4,201.8,1.13,-0.14,10.65,10.71,0.9,4,414,4018,2,11,16.5,4065,1,189.7,0.04,0,0,NORMAL,None,17.4,93.6
2026-09-01 02:28:05,IN-DELHI-01,27.8,63.6,31.3,1002.1,203.6,1.14,-0.24,10.52,10.58,0.77,9,436,1722,84,734,1431.3,3036,36,82.1,-2.29,0,5,WATER_CONTAMINATION,Severe,93.6,87.6
2026-09-01 02:28:10,IN-DELHI-01,21.4,87.9,24.5,992.6,284.2,4.15,1.67,9.21,10.24,0.43,17,459,1252,100,259,414.4,1718,82,143.7,-4.37,0,2,LANDSLIDE_PRECURSOR,Extreme,96.1,94.6
2026-09-01 02:28:15,IN-DELHI-01,27.9,55.4,30.4,1001.0,213.4,1.05,-0.25,10.9,10.95,1.14,0,400,4024,2,10,15.0,4068,0,188.4,0.03,0,0,NORMAL,None,7.5,94.3
2026-09-01 02:28:20,IN-DELHI-01,27.6,57.1,30.2,998.9,231.1,1.07,-0.14,10.76,10.81,1.0,1,403,4034,2,3,4.5,4060,1,179.7,-0.12,0,0,NORMAL,None,12.8,92.1
2026-09-01 02:28:25,IN-DELHI-01,28.4,56.1,31.2,1002.4,201.5,1.1,-0.14,10.8,10.85,1.04,0,400,4021,2,15,22.5,4076,0,180.5,-0.02,0,0,NORMAL,None,13.5,96.7
2026-09-01 02:28:30,IN-DELHI-01,45.2,15.2,45.7,995.1,263.2,1.01,-0.21,10.7,10.75,0.94,103,1275,4084,0,2,3.0,4095,0,190.8,0.0,1,3,WILDFIRE,Extreme,98.0,95.8
2026-09-01 02:28:35,IN-DELHI-01,24.6,74.0,27.7,1001.1,212.5,1.03,-0.16,10.76,10.81,1.0,20,480,2003,74,529,1031.5,3970,4,90.9,-1.58,0,5,WATER_CONTAMINATION,Severe,85.6,87.8
2026-09-01 02:28:40,IN-DELHI-01,24.3,87.8,28.8,990.8,299.1,4.52,1.25,11.61,12.52,2.71,9,431,1280,100,264,422.4,1712,82,121.1,-3.22,1,2,LANDSLIDE_PRECURSOR,Extreme,95.9,92.6
2026-09-01 02:28:45,IN-DELHI-01,28.4,52.1,30.7,1001.8,206.3,1.06,-0.16,10.74,10.79,0.98,1,403,3982,4,12,18.0,4079,0,181.5,-0.14,0,0,NORMAL,None,13.8,97.8
2026-09-01 02:28:50,IN-DELHI-01,29.5,59.8,33.3,999.9,222.4,1.13,-0.08,10.76,10.82,1.01,0,400,4046,1,8,12.0,4073,0,178.7,-0.02,0,0,NORMAL,None,11.3,95.4
2026-09-01 02:28:55,IN-DELHI-01,41.0,20.3,41.9,996.7,249.6,1.03,-0.3,10.69,10.75,0.94,96,1216,4088,0,0,0.0,4095,0,188.9,0.0,0,3,WILDFIRE,Severe,88.6,95.9
2026-09-01 02:29:00,IN-DELHI-01,22.8,94.6,27.1,990.8,299.7,1.3,-0.21,11.03,11.11,1.3,13,445,1425,95,257,462.6,1325,95,45.7,-8.61,0,1,FLASH_FLOOD,Severe,90.9,90.9
2026-09-01 02:29:05,IN-DELHI-01,27.6,53.7,29.8,1001.3,210.8,1.02,-0.27,10.71,10.76,0.95,1,403,4015,2,15,22.5,4081,0,185.8,0.18,0,0,NORMAL,None,8.5,94.7
2026-09-01 02:29:10,IN-DELHI-01,29.6,51.1,32.2,1003.8,190.0,1.09,-0.3,10.57,10.63,0.82,7,424,4026,2,14,21.0,4036,2,173.5,-0.16,0,0,NORMAL,None,8.1,96.6
2026-09-01 02:29:15,IN-DELHI-01,42.7,20.0,43.9,994.7,266.4,1.06,-0.2,10.7,10.75,0.94,128,1488,4085,0,4,6.0,4095,0,191.2,0.0,0,3,WILDFIRE,Extreme,94.3,87.8
2026-09-01 02:29:20,IN-DELHI-01,30.2,57.7,34.0,1002.0,204.5,0.96,-0.24,11.02,11.06,1.25,1,403,4095,0,14,21.0,4085,0,190.3,-0.19,1,0,NORMAL,None,7.0,92.3
2026-09-01 02:29:25,IN-DELHI-01,23.5,89.6,27.8,989.7,308.7,1.09,-0.16,10.98,11.03,1.22,13,445,1421,95,363,653.4,1158,100,44.5,-10.39,1,1,FLASH_FLOOD,Severe,91.1,95.7
2026-09-01 02:29:30,IN-DELHI-01,25.5,71.4,28.8,1000.2,219.7,0.88,-0.16,10.8,10.83,1.02,25,500,2140,69,598,1166.1,3297,27,50.8,-1.56,0,5,WATER_CONTAMINATION,Severe,88.3,94.4
2026-09-01 02:29:35,IN-DELHI-01,28.8,51.7,31.1,1002.7,199.1,0.89,-0.28,10.59,10.64,0.83,1,403,4064,1,2,3.0,4050,1,167.5,0.25,0,0,NORMAL,None,3.4,97.7
2026-09-01 02:29:40,IN-DELHI-01,22.7,87.7,26.3,992.2,287.4,-3.06,-1.97,9.8,10.45,0.64,17,459,1254,100,185,296.0,1555,87,149.7,-4.91,1,2,LANDSLIDE_PRECURSOR,Extreme,96.7,86.9
2026-09-01 02:29:45,IN-DELHI-01,39.0,15.4,39.0,996.1,254.5,1.18,-0.15,10.81,10.87,1.06,187,1989,4089,0,8,12.0,4095,0,188.4,0.0,0,3,WILDFIRE,Severe,81.4,92.7
2026-09-01 02:29:50,IN-DELHI-01,19.0,83.8,20.7,989.7,308.2,6.02,1.29,10.62,12.27,2.46,14,449,1259,100,223,356.8,1570,87,173.8,-2.61,0,2,LANDSLIDE_PRECURSOR,Extreme,85.1,86.8
2026-09-01 02:29:55,IN-DELHI-01,24.9,86.1,29.5,992.4,285.4,6.42,2.51,8.86,11.23,1.42,15,452,1260,100,293,468.8,1795,79,139.3,-3.57,0,2,LANDSLIDE_PRECURSOR,Extreme,90.9,86.5
2026-09-01 02:30:00,IN-DELHI-01,27.4,53.0,29.5,1001.8,206.2,1.02,-0.22,11.03,11.08,1.27,6,421,4026,2,16,24.0,4056,1,183.6,0.02,0,0,NORMAL,None,11.0,94.9
2026-09-01 02:30:05,IN-DELHI-01,27.6,72.3,32.1,1000.2,219.9,1.1,-0.12,10.87,10.93,1.12,27,508,2022,74,632,1232.4,3226,30,83.4,0.38,1,5,WATER_CONTAMINATION,Severe,89.6,91.2
2026-09-01 02:30:10,IN-DELHI-01,41.5,15.4,41.5,996.1,254.5,0.99,-0.14,10.72,10.77,0.96,73,1020,4095,0,3,4.5,4095,0,185.4,0.0,1,3,WILDFIRE,Severe,90.4,92.0
2026-09-01 02:30:15,IN-DELHI-01,39.6,21.5,40.3,994.8,265.9,1.03,-0.22,10.61,10.66,0.85,118,1403,4095,0,12,18.0,4095,0,189.9,0.0,0,3,WILDFIRE,Severe,83.4,96.3
2026-09-01 02:30:20,IN-DELHI-01,20.9,98.0,24.5,982.8,366.3,1.11,-0.0,10.98,11.03,1.22,8,428,1299,100,355,639.0,1347,94,60.4,-3.67,1,1,FLASH_FLOOD,Severe,87.9,89.9
2026-09-01 02:30:25,IN-DELHI-01,27.2,56.1,29.6,1000.2,220.4,0.98,-0.22,10.76,10.81,1.0,1,403,4050,1,5,7.5,4052,1,182.8,0.13,0,0,NORMAL,None,3.9,97.0
2026-09-01 02:30:30,IN-DELHI-01,23.2,93.5,27.6,986.9,331.9,0.92,-0.45,10.53,10.58,0.77,11,438,1383,97,308,554.4,1298,96,21.9,-15.46,0,1,FLASH_FLOOD,Extreme,95.6,89.0
2026-09-01 02:30:35,IN-DELHI-01,22.1,89.4,25.6,986.6,334.3,1.24,-0.14,10.69,10.77,0.96,13,445,1305,99,371,667.8,1335,95,73.7,-13.13,0,1,FLASH_FLOOD,Severe,85.3,91.8
2026-09-01 02:30:40,IN-DELHI-01,24.1,66.6,26.3,999.9,222.3,1.14,-0.17,10.73,10.79,0.98,35,540,1961,76,591,1152.5,3274,28,77.0,-1.4,0,5,WATER_CONTAMINATION,Severe,88.0,93.2
2026-09-01 02:30:45,IN-DELHI-01,26.1,60.0,28.4,1006.8,164.5,0.98,-0.26,10.85,10.9,1.09,110,1720,3994,3,19,28.5,4009,2,179.9,0.0,1,4,HAZARDOUS_AIR_POLLUTION,Severe,85.2,98.1
2026-09-01 02:30:50,IN-DELHI-01,25.0,58.7,26.7,1001.0,213.2,1.01,-0.19,10.76,10.81,1.0,1,403,4007,3,21,31.5,4063,1,173.6,-0.18,0,0,NORMAL,None,16.2,97.0
2026-09-01 02:30:55,IN-DELHI-01,43.0,15.3,43.0,998.4,235.4,1.23,-0.13,10.78,10.85,1.04,118,1403,4089,0,0,0.0,4095,0,179.4,0.0,0,3,WILDFIRE,Extreme,95.5,93.9
2026-09-01 02:31:00,IN-DELHI-01,30.9,61.4,35.6,1010.4,134.0,0.98,-0.18,10.71,10.76,0.95,236,3232,4080,0,16,24.0,4035,2,181.8,0.0,0,4,HAZARDOUS_AIR_POLLUTION,Extreme,99.0,96.4
2026-09-01 02:31:05,IN-DELHI-01,42.4,17.6,42.9,995.2,262.1,1.03,-0.1,10.87,10.92,1.11,136,1556,4090,0,4,6.0,4095,0,190.6,0.0,0,3,WILDFIRE,Extreme,93.4,88.3
2026-09-01 02:31:10,IN-DELHI-01,26.3,57.9,28.5,1006.5,166.8,0.99,-0.18,10.66,10.7,0.89,122,1864,3937,5,19,28.5,4054,1,189.4,0.0,1,4,HAZARDOUS_AIR_POLLUTION,Severe,86.6,96.6
2026-09-01 02:31:15,IN-DELHI-01,29.0,65.2,33.2,1006.2,169.8,1.09,-0.23,10.9,10.95,1.14,85,1420,3960,4,9,13.5,4044,1,177.8,0.0,1,4,HAZARDOUS_AIR_POLLUTION,Severe,82.2,95.1
2026-09-01 02:31:20,IN-DELHI-01,22.2,83.9,25.3,990.5,301.8,6.74,2.88,11.35,13.51,3.7,17,459,1282,100,189,302.4,1554,87,113.7,-0.51,0,2,LANDSLIDE_PRECURSOR,Extreme,91.0,93.4
2026-09-01 02:31:25,IN-DELHI-01,40.6,16.7,40.6,997.3,244.0,1.09,-0.19,10.66,10.72,0.91,194,2049,4086,0,9,13.5,4095,0,194.2,0.0,1,3,WILDFIRE,Severe,86.9,93.2
2026-09-01 02:31:30,IN-DELHI-01,22.4,90.7,26.2,993.0,280.6,5.05,1.33,11.07,12.24,2.43,3,410,1271,100,197,315.2,1441,91,132.9,-4.95,0,2,LANDSLIDE_PRECURSOR,Extreme,86.4,87.6
2026-09-01 02:31:35,IN-DELHI-01,24.3,66.4,26.6,996.6,250.7,1.13,-0.2,10.79,10.85,1.04,22,488,1871,79,510,994.5,3161,32,57.6,-1.15,1,5,WATER_CONTAMINATION,Severe,84.9,93.0
2026-09-01 02:31:40,IN-DELHI-01,29.5,49.0,31.8,1000.2,219.7,0.97,-0.23,10.54,10.59,0.78,5,417,4053,1,20,30.0,4063,1,186.4,0.27,0,0,NORMAL,None,15.6,94.2
2026-09-01 02:31:45,IN-DELHI-01,25.8,96.2,31.9,988.8,316.3,1.0,-0.4,10.88,10.94,1.13,19,466,1380,97,330,594.0,1323,95,47.5,-12.75,0,1,FLASH_FLOOD,Severe,90.5,92.0
2026-09-01 02:31:50,IN-DELHI-01,21.6,95.7,25.4,988.8,316.4,1.05,-0.02,11.17,11.22,1.41,11,438,1462,94,323,581.4,1267,97,50.3,-12.41,0,1,FLASH_FLOOD,Severe,89.9,90.4
2026-09-01 02:31:55,IN-DELHI-01,27.6,65.5,31.3,1000.0,221.3,1.03,-0.18,10.88,10.93,1.12,25,500,2054,73,823,1604.8,3040,36,74.1,-1.16,0,5,WATER_CONTAMINATION,Severe,96.0,91.8
2026-09-01 02:32:00,IN-DELHI-01,40.6,17.8,40.7,996.2,254.1,1.01,-0.24,10.79,10.84,1.03,152,1692,4080,0,5,7.5,4095,0,188.2,0.0,1,3,WILDFIRE,Severe,87.1,87.7
2026-09-01 02:32:05,IN-DELHI-01,23.3,84.3,26.9,993.6,275.6,-2.38,-2.34,9.5,10.07,0.26,9,431,1207,100,230,368.0,1735,81,158.2,-2.87,0,2,LANDSLIDE_PRECURSOR,Extreme,89.9,87.0
2026-09-01 02:32:10,IN-DELHI-01,29.5,69.5,34.6,1001.3,210.3,1.04,-0.15,10.8,10.85,1.04,14,456,1867,79,700,1365.0,3468,21,82.8,-0.42,1,5,WATER_CONTAMINATION,Severe,92.3,89.2
2026-09-01 02:32:15,IN-DELHI-01,22.9,89.9,26.8,995.5,259.3,-1.18,-0.7,9.82,9.92,0.11,8,428,1195,100,203,324.8,1528,88,91.6,-3.03,0,2,LANDSLIDE_PRECURSOR,Extreme,98.7,94.1
2026-09-01 02:32:20,IN-DELHI-01,28.8,47.3,30.7,1001.4,210.0,1.02,-0.23,10.81,10.86,1.05,0,400,4082,0,1,1.5,4041,1,173.4,-0.22,1,0,NORMAL,None,5.3,92.0
2026-09-01 02:32:25,IN-DELHI-01,23.3,92.6,27.7,989.9,307.0,1.23,-0.25,10.67,10.74,0.93,15,452,1335,98,322,579.6,1190,100,40.7,-12.93,1,1,FLASH_FLOOD,Severe,91.9,94.9
2026-09-01 02:32:30,IN-DELHI-01,25.2,48.2,26.0,1001.1,212.7,0.98,-0.21,10.7,10.75,0.94,3,410,4010,3,9,13.5,4079,0,194.9,0.01,0,0,NORMAL,None,17.4,94.9
2026-09-01 02:32:35,IN-DELHI-01,43.8,17.6,44.6,996.6,250.1,0.91,-0.08,10.87,10.91,1.1,112,1352,4077,0,3,4.5,4095,0,182.1,0.0,1,3,WILDFIRE,Extreme,98.0,95.7
2026-09-01 02:32:40,IN-DELHI-01,43.3,17.0,43.8,997.6,241.8,1.01,-0.25,10.78,10.83,1.02,110,1335,4091,0,4,6.0,4095,0,189.4,0.0,0,3,WILDFIRE,Extreme,96.5,94.8
2026-09-01 02:32:45,IN-DELHI-01,23.1,87.9,26.9,989.6,309.2,-2.34,-2.2,10.9,11.36,1.55,14,449,1306,99,239,382.4,1704,82,106.5,-4.09,1,2,LANDSLIDE_PRECURSOR,Extreme,91.2,91.7
2026-09-01 02:32:50,IN-DELHI-01,41.8,18.8,42.4,998.7,232.7,1.09,-0.19,10.75,10.8,0.99,121,1428,4091,0,12,18.0,4095,0,186.4,0.0,0,3,WILDFIRE,Severe,91.2,95.8
2026-09-01 02:32:55,IN-DELHI-01,26.9,46.2,27.9,1002.1,203.9,1.12,-0.07,10.85,10.91,1.1,7,424,4058,1,7,10.5,4037,2,172.6,-0.16,0,0,NORMAL,None,14.3,96.6
2026-09-01 02:33:00,IN-DELHI-01,24.4,91.4,29.2,987.1,330.4,0.99,0.02,10.62,10.67,0.86,11,438,1273,100,342,615.6,1282,97,44.2,-15.09,0,1,FLASH_FLOOD,Severe,91.2,95.6
2026-09-01 02:33:05,IN-DELHI-01,24.6,55.8,26.0,1001.1,212.3,1.01,-0.13,10.9,10.95,1.14,1,403,4095,0,11,16.5,4063,1,182.2,-0.0,0,0,NORMAL,None,16.3,94.5
2026-09-01 02:33:10,IN-DELHI-01,37.1,15.2,37.1,999.9,222.2,1.08,-0.11,10.66,10.71,0.9,138,1573,4083,0,5,7.5,4095,0,185.4,0.0,0,3,WILDFIRE,Severe,75.0,93.5
2026-09-01 02:33:15,IN-DELHI-01,25.5,95.5,31.4,988.9,315.1,1.25,-0.22,10.74,10.81,1.0,10,435,1274,100,370,666.0,1185,100,44.6,-12.91,0,1,FLASH_FLOOD,Severe,91.1,92.7
2026-09-01 02:33:20,IN-DELHI-01,24.6,90.2,29.4,987.9,323.4,0.87,-0.41,10.67,10.71,0.9,3,410,1366,97,334,601.2,1217,99,75.9,-7.83,1,1,FLASH_FLOOD,Severe,84.8,91.7
2026-09-01 02:33:25,IN-DELHI-01,30.5,47.4,33.0,1001.3,211.0,1.15,-0.25,10.76,10.83,1.02,2,407,4010,3,19,28.5,4037,2,181.0,0.19,0,0,NORMAL,None,8.3,96.6
2026-09-01 02:33:30,IN-DELHI-01,40.9,18.3,41.2,995.6,258.6,1.06,-0.09,10.7,10.75,0.94,133,1530,4080,0,0,0.0,4095,0,188.4,0.0,0,3,WILDFIRE,Severe,88.0,93.5
2026-09-01 02:33:35,IN-DELHI-01,26.0,54.8,27.7,1004.8,181.4,1.07,-0.26,10.83,10.88,1.07,97,1564,3953,5,26,39.0,4050,1,177.0,0.0,0,4,HAZARDOUS_AIR_POLLUTION,Severe,83.6,92.4
2026-09-01 02:33:40,IN-DELHI-01,25.2,53.8,26.6,1001.9,205.4,0.93,-0.12,10.88,10.92,1.11,10,435,4044,1,14,21.0,4074,0,168.9,0.07,0,0,NORMAL,None,17.0,97.1
2026-09-01 02:33:45,IN-DELHI-01,27.5,48.5,29.0,1002.5,200.9,0.87,-0.19,10.45,10.49,0.68,4,414,4041,1,16,24.0,4044,1,172.7,0.05,0,0,NORMAL,None,17.5,94.5
2026-09-01 02:33:50,IN-DELHI-01,21.1,94.5,24.5,990.6,301.1,1.02,-0.55,11.06,11.12,1.31,9,431,1331,98,180,324.0,1209,99,48.1,-9.57,1,1,FLASH_FLOOD,Severe,90.4,96.0
2026-09-01 02:33:55,IN-DELHI-01,28.0,81.4,33.8,1005.5,175.1,1.02,-0.2,10.65,10.7,0.89,177,2524,3974,4,25,37.5,4046,1,182.6,0.0,0,4,HAZARDOUS_AIR_POLLUTION,Severe,93.2,90.0
2026-09-01 02:34:00,IN-DELHI-01,24.5,84.6,28.7,991.5,293.1,-1.61,-0.8,10.67,10.82,1.01,12,442,1318,99,196,313.6,1491,89,119.5,-2.27,0,2,LANDSLIDE_PRECURSOR,Extreme,95.2,88.4
2026-09-01 02:34:05,IN-DELHI-01,24.5,70.7,27.4,1001.0,213.3,1.1,-0.26,10.73,10.79,0.98,23,492,1921,77,788,1536.6,3045,36,38.2,-1.69,0,5,WATER_CONTAMINATION,Severe,95.7,91.9
2026-09-01 02:34:10,IN-DELHI-01,29.4,53.5,32.3,1001.5,209.2,1.04,-0.11,10.69,10.75,0.94,1,403,4095,0,14,21.0,4073,0,177.8,0.11,0,0,NORMAL,None,17.8,92.3
2026-09-01 02:34:15,IN-DELHI-01,29.3,53.1,32.1,1000.5,217.2,1.06,-0.22,10.8,10.85,1.04,11,438,4062,1,2,3.0,4080,0,170.1,0.07,0,0,NORMAL,None,6.0,96.6
2026-09-01 02:34:20,IN-DELHI-01,28.2,54.4,30.7,1000.8,214.8,0.99,-0.27,10.87,10.92,1.11,0,400,4053,1,9,13.5,4060,1,190.0,0.25,0,0,NORMAL,None,10.7,93.7
2026-09-01 02:34:25,IN-DELHI-01,23.8,64.5,25.8,1000.5,217.8,1.12,-0.19,10.69,10.75,0.94,25,500,1903,78,482,939.9,3666,14,61.3,-0.89,1,5,WATER_CONTAMINATION,Severe,83.8,89.1
2026-09-01 02:34:30,IN-DELHI-01,24.9,68.5,27.6,997.9,239.2,1.05,-0.24,10.67,10.72,0.91,24,496,1841,80,542,1056.9,2878,42,77.4,-1.91,0,5,WATER_CONTAMINATION,Severe,86.1,85.6
2026-09-01 02:34:35,IN-DELHI-01,26.3,60.6,28.8,1003.2,194.3,1.04,-0.16,10.66,10.71,0.9,117,1804,4026,2,16,24.0,4049,1,190.2,0.0,0,4,HAZARDOUS_AIR_POLLUTION,Severe,86.0,91.6
2026-09-01 02:34:40,IN-DELHI-01,24.7,62.9,26.8,1006.6,166.1,0.89,-0.14,10.7,10.74,0.93,123,1876,3920,6,17,25.5,4017,2,184.9,0.0,0,4,HAZARDOUS_AIR_POLLUTION,Severe,86.8,97.8
2026-09-01 02:34:45,IN-DELHI-01,30.1,50.2,32.8,1001.2,211.7,1.07,-0.22,10.71,10.76,0.95,1,403,4086,0,11,16.5,4058,1,182.6,0.07,1,0,NORMAL,None,12.4,96.8
2026-09-01 02:34:50,IN-DELHI-01,25.8,66.6,28.7,999.8,223.4,1.04,-0.28,10.86,10.91,1.1,24,496,1745,84,569,1109.5,3082,34,61.8,-0.77,1,5,WATER_CONTAMINATION,Severe,87.2,85.9
2026-09-01 02:34:55,IN-DELHI-01,27.5,53.2,29.6,1000.8,214.7,1.15,-0.15,10.86,10.92,1.11,4,414,4022,2,5,7.5,4075,0,179.8,0.01,0,0,NORMAL,None,11.0,95.4
2026-09-01 02:35:00,IN-DELHI-01,39.2,17.3,39.2,998.1,237.4,1.14,-0.14,10.82,10.88,1.07,146,1641,4094,0,0,0.0,4095,0,187.3,0.0,0,3,WILDFIRE,Severe,82.1,97.6
2026-09-01 02:35:05,IN-DELHI-01,25.4,54.8,26.9,1001.9,205.3,1.07,-0.23,10.81,10.87,1.06,2,407,4024,2,18,27.0,4067,0,189.1,0.09,0,0,NORMAL,None,2.3,95.0
2026-09-01 02:35:10,IN-DELHI-01,26.0,45.6,26.6,1001.7,207.5,1.04,-0.07,10.69,10.74,0.93,0,400,4077,0,1,1.5,4060,1,173.3,0.04,0,0,NORMAL,None,2.2,92.0
2026-09-01 02:35:15,IN-DELHI-01,24.5,64.2,26.7,1000.2,220.3,1.12,-0.18,10.72,10.78,0.97,16,464,1940,77,522,1017.9,2927,40,31.1,-0.98,0,5,WATER_CONTAMINATION,Severe,85.4,86.6
2026-09-01 02:35:20,IN-DELHI-01,44.3,19.5,45.8,991.6,292.4,1.03,-0.1,10.66,10.72,0.91,158,1743,4089,0,3,4.5,4095,0,189.4,0.0,1,3,WILDFIRE,Extreme,98.0,90.8
2026-09-01 02:35:25,IN-DELHI-01,23.9,89.9,28.4,990.2,304.0,5.74,2.42,10.8,12.47,2.66,8,428,1172,100,192,307.2,1669,83,86.3,-3.29,0,2,LANDSLIDE_PRECURSOR,Extreme,93.9,87.5
2026-09-01 02:35:30,IN-DELHI-01,36.9,17.0,36.9,999.2,228.3,0.96,-0.14,10.75,10.79,0.98,111,1343,4079,0,0,0.0,4095,0,192.4,0.0,1,3,WILDFIRE,Severe,75.0,91.4
2026-09-01 02:35:35,IN-DELHI-01,29.6,55.1,32.8,1002.5,200.5,1.04,-0.18,10.77,10.83,1.02,2,407,4065,1,8,12.0,4094,0,182.1,-0.02,0,0,NORMAL,None,3.6,93.2
2026-09-01 02:35:40,IN-DELHI-01,20.2,86.4,22.6,992.2,287.4,-3.23,-1.78,11.22,11.81,2.0,22,477,1215,100,189,302.4,1473,90,116.2,-1.45,0,2,LANDSLIDE_PRECURSOR,Extreme,94.4,89.4
2026-09-01 02:35:45,IN-DELHI-01,30.7,60.6,35.2,1002.5,200.7,1.05,-0.18,10.73,10.79,0.98,0,400,4039,2,4,6.0,4063,1,181.8,-0.02,1,0,NORMAL,None,7.6,94.0
2026-09-01 02:35:50,IN-DELHI-01,23.6,93.1,28.1,989.6,309.4,-2.34,-0.59,10.87,11.14,1.33,5,417,1215,100,183,292.8,1747,81,116.1,-4.96,0,2,LANDSLIDE_PRECURSOR,Extreme,94.7,93.0
2026-09-01 02:35:55,IN-DELHI-01,21.5,88.3,24.5,985.0,347.9,1.19,-0.2,10.6,10.67,0.86,10,435,1455,94,334,601.2,1287,96,30.9,-17.02,0,1,FLASH_FLOOD,Severe,93.8,90.5
2026-09-01 02:36:00,IN-DELHI-01,27.0,66.2,30.5,1005.3,177.2,1.07,-0.17,10.68,10.74,0.93,135,2020,4080,0,18,27.0,4022,2,188.9,0.0,1,4,HAZARDOUS_AIR_POLLUTION,Severe,88.2,93.9
2026-09-01 02:36:05,IN-DELHI-01,27.1,76.5,31.8,1000.7,216.0,1.13,-0.24,10.78,10.84,1.03,13,452,1618,88,534,1041.3,2933,40,59.0,-0.6,0,5,WATER_CONTAMINATION,Severe,85.8,94.2
2026-09-01 02:36:10,IN-DELHI-01,43.7,16.5,44.2,998.9,230.9,1.17,-0.11,10.71,10.77,0.96,161,1768,4087,0,0,0.0,4095,0,185.0,0.0,0,3,WILDFIRE,Extreme,97.9,90.0
2026-09-01 02:36:15,IN-DELHI-01,40.0,15.3,40.0,995.6,258.8,1.09,-0.05,10.7,10.76,0.95,145,1632,4084,0,6,9.0,4095,0,186.1,0.0,0,3,WILDFIRE,Severe,85.2,93.2
2026-09-01 02:36:20,IN-DELHI-01,42.8,16.1,43.0,996.6,250.7,1.04,-0.06,10.65,10.7,0.89,193,2040,4084,0,3,4.5,4095,0,189.4,0.0,0,3,WILDFIRE,Extreme,94.9,97.0
2026-09-01 02:36:25,IN-DELHI-01,40.9,14.8,40.9,999.0,230.2,1.14,-0.14,10.67,10.73,0.92,136,1556,4074,0,4,6.0,4095,0,191.5,0.0,0,3,WILDFIRE,Severe,88.3,88.8
2026-09-01 02:36:30,IN-DELHI-01,27.5,48.3,28.9,1002.2,202.9,1.14,-0.12,10.92,10.98,1.17,5,417,4066,1,11,16.5,4085,0,190.0,-0.07,0,0,NORMAL,None,2.6,93.1
2026-09-01 02:36:35,IN-DELHI-01,27.2,58.3,29.8,1003.3,193.7,1.2,-0.3,10.76,10.83,1.02,238,3256,3984,3,10,15.0,4095,0,182.7,0.0,0,4,HAZARDOUS_AIR_POLLUTION,Extreme,99.0,94.1
2026-09-01 02:36:40,IN-DELHI-01,39.1,21.1,39.7,994.8,265.2,1.07,-0.16,10.75,10.81,1.0,95,1207,4091,0,4,6.0,4095,0,187.6,0.0,0,3,WILDFIRE,Severe,81.9,87.1
2026-09-01 02:36:45,IN-DELHI-01,26.1,42.9,26.5,999.6,225.2,1.14,-0.2,10.66,10.73,0.92,2,407,4042,1,11,16.5,4057,1,181.8,0.06,0,0,NORMAL,None,7.4,92.3
2026-09-01 02:36:50,IN-DELHI-01,26.9,54.1,28.9,1001.4,210.1,1.01,-0.32,10.85,10.9,1.09,2,407,4087,0,6,9.0,4050,1,175.7,-0.16,0,0,NORMAL,None,6.7,94.3
2026-09-01 02:36:55,IN-DELHI-01,27.0,57.6,29.4,999.6,224.7,1.11,-0.19,11.02,11.08,1.27,10,435,4052,1,19,28.5,4095,0,202.1,-0.02,0,0,NORMAL,None,16.2,92.0
2026-09-01 02:37:00,IN-DELHI-01,24.2,92.3,29.1,987.2,329.2,0.98,0.22,10.77,10.82,1.01,10,435,1327,99,367,660.6,1194,100,55.2,-12.16,1,1,FLASH_FLOOD,Severe,89.0,97.3
2026-09-01 02:37:05,IN-DELHI-01,23.3,89.7,27.4,988.2,321.3,1.32,-0.27,10.64,10.72,0.91,15,452,1339,98,279,502.2,1323,95,22.0,-9.34,0,1,FLASH_FLOOD,Extreme,95.6,90.3
2026-09-01 02:37:10,IN-DELHI-01,30.7,50.3,33.7,1002.2,202.9,1.06,-0.23,10.66,10.71,0.9,8,428,4065,1,9,13.5,4095,0,184.4,-0.32,0,0,NORMAL,None,2.8,97.9
2026-09-01 02:37:15,IN-DELHI-01,27.8,67.6,31.7,1009.3,142.9,0.98,-0.25,10.63,10.67,0.86,162,2344,3962,4,11,16.5,4047,1,189.7,0.0,1,4,HAZARDOUS_AIR_POLLUTION,Severe,91.4,91.6
2026-09-01 02:37:20,IN-DELHI-01,27.8,50.0,29.5,1000.4,218.2,1.01,-0.2,10.62,10.67,0.86,7,424,4012,2,7,10.5,4070,0,179.8,-0.05,0,0,NORMAL,None,6.8,96.4
2026-09-01 02:37:25,IN-DELHI-01,22.4,86.3,25.8,993.9,272.8,-3.3,-1.04,12.97,13.43,3.62,16,456,1324,99,287,459.2,1563,87,117.6,-0.98,0,2,LANDSLIDE_PRECURSOR,Extreme,92.3,91.7
2026-09-01 02:37:30,IN-DELHI-01,25.3,81.3,29.5,989.6,309.7,5.94,2.14,12.08,13.63,3.82,9,431,1281,100,195,312.0,1518,89,129.9,-4.87,0,2,LANDSLIDE_PRECURSOR,Extreme,97.4,89.4
2026-09-01 02:37:35,IN-DELHI-01,25.4,52.3,26.7,1002.8,198.2,1.08,-0.21,10.64,10.69,0.88,9,431,4020,2,18,27.0,4087,0,185.2,-0.08,0,0,NORMAL,None,2.3,98.1
2026-09-01 02:37:40,IN-DELHI-01,19.7,91.8,22.2,989.9,306.9,1.21,-0.09,10.65,10.72,0.91,9,431,1390,96,248,446.4,1221,99,34.3,-9.14,0,1,FLASH_FLOOD,Severe,93.1,95.0
2026-09-01 02:37:45,IN-DELHI-01,27.3,49.5,28.9,998.4,235.6,1.04,-0.22,10.78,10.83,1.02,1,403,4095,0,7,10.5,4082,0,182.2,-0.27,0,0,NORMAL,None,12.1,97.7
2026-09-01 02:37:50,IN-DELHI-01,24.2,68.5,26.7,996.5,251.2,1.03,-0.23,10.7,10.75,0.94,26,504,1991,75,769,1499.5,3631,16,42.7,-2.6,0,5,WATER_CONTAMINATION,Severe,95.0,85.6
2026-09-01 02:37:55,IN-DELHI-01,23.5,93.9,28.1,991.0,297.6,1.06,-0.35,10.89,10.94,1.13,14,449,1253,100,339,610.2,1231,98,36.8,-18.61,0,1,FLASH_FLOOD,Severe,92.6,96.8
2026-09-01 02:38:00,IN-DELHI-01,26.5,51.0,27.9,1001.7,207.7,1.05,-0.08,10.86,10.91,1.1,1,403,4044,1,16,24.0,4056,1,180.4,-0.23,0,0,NORMAL,None,11.3,95.1
2026-09-01 02:38:05,IN-DELHI-01,21.1,85.6,23.8,994.0,272.4,-2.22,-2.8,9.96,10.58,0.77,14,449,1245,100,202,323.2,1519,88,100.0,-1.78,0,2,LANDSLIDE_PRECURSOR,Extreme,90.3,86.1
2026-09-01 02:38:10,IN-DELHI-01,20.3,92.4,23.1,987.7,325.7,1.31,-0.3,10.8,10.88,1.07,15,452,1384,96,394,709.2,1091,100,56.7,-8.75,1,1,FLASH_FLOOD,Severe,88.7,93.1
2026-09-01 02:38:15,IN-DELHI-01,25.7,62.3,28.1,1008.2,152.5,0.93,-0.18,10.89,10.93,1.12,209,2908,3958,4,2,3.0,4038,1,185.1,0.0,1,4,HAZARDOUS_AIR_POLLUTION,Extreme,97.1,93.5
2026-09-01 02:38:20,IN-DELHI-01,25.3,57.0,27.0,1005.5,175.7,1.08,-0.17,10.74,10.79,0.98,131,1972,4036,2,12,18.0,4069,0,180.5,0.0,0,4,HAZARDOUS_AIR_POLLUTION,Severe,87.7,94.3
2026-09-01 02:38:25,IN-DELHI-01,28.7,48.8,30.6,1000.1,220.6,1.03,-0.25,10.83,10.88,1.07,1,403,4095,0,3,4.5,4092,0,186.0,0.07,0,0,NORMAL,None,5.3,94.0
2026-09-01 02:38:30,IN-DELHI-01,27.6,49.7,29.3,1002.2,203.3,1.13,-0.12,10.61,10.67,0.86,2,407,4052,1,23,34.5,4069,0,177.1,0.12,0,0,NORMAL,None,9.4,98.4
2026-09-01 02:38:35,IN-DELHI-01,27.9,58.6,30.8,1003.7,190.8,1.05,-0.22,10.69,10.74,0.93,103,1636,4049,1,9,13.5,4085,0,178.1,0.0,0,4,HAZARDOUS_AIR_POLLUTION,Severe,84.4,95.4
2026-09-01 02:38:40,IN-DELHI-01,20.4,91.2,23.2,993.7,274.4,5.78,2.34,12.32,13.81,4.0,9,431,1339,98,277,443.2,1662,84,122.6,0.36,0,2,LANDSLIDE_PRECURSOR,Extreme,95.8,92.8
2026-09-01 02:38:45,IN-DELHI-01,20.2,91.0,23.0,995.2,262.3,6.04,2.33,10.27,12.14,2.33,10,435,1250,100,303,484.8,1379,93,131.9,-4.3,0,2,LANDSLIDE_PRECURSOR,Extreme,96.1,93.0
2026-09-01 02:38:50,IN-DELHI-01,22.6,83.9,25.8,989.3,312.2,6.29,2.04,9.86,11.87,2.06,11,438,1358,97,245,392.0,1420,92,163.1,-1.79,0,2,LANDSLIDE_PRECURSOR,Extreme,95.3,89.0
2026-09-01 02:38:55,IN-DELHI-01,25.5,97.7,31.6,988.2,320.9,0.66,-0.45,10.66,10.69,0.88,15,452,1403,96,244,439.2,1221,99,41.4,-12.06,0,1,FLASH_FLOOD,Severe,91.7,88.4
2026-09-01 02:39:00,IN-DELHI-01,24.3,69.5,26.8,1000.1,221.2,0.99,-0.17,10.62,10.67,0.86,15,460,1833,80,818,1595.1,2991,38,61.4,-0.35,1,5,WATER_CONTAMINATION,Severe,96.0,86.5
2026-09-01 02:39:05,IN-DELHI-01,25.0,91.9,30.2,988.6,317.9,1.15,-0.24,10.89,10.95,1.14,13,445,1380,97,241,433.8,1243,98,32.0,-10.76,0,1,FLASH_FLOOD,Severe,93.6,89.9
2026-09-01 02:39:10,IN-DELHI-01,38.2,18.5,38.2,994.5,268.1,0.99,-0.32,10.67,10.72,0.91,133,1530,4087,0,7,10.5,4095,0,188.8,0.0,1,3,WILDFIRE,Severe,78.8,87.3
2026-09-01 02:39:15,IN-DELHI-01,26.7,45.2,27.5,999.3,227.5,1.03,-0.25,10.78,10.84,1.03,1,403,4049,1,14,21.0,4050,1,186.5,0.16,0,0,NORMAL,None,10.9,96.5
2026-09-01 02:39:20,IN-DELHI-01,26.6,70.1,30.3,998.2,236.8,1.12,-0.17,10.79,10.85,1.04,10,440,1781,82,640,1248.0,3130,33,85.2,-0.52,1,5,WATER_CONTAMINATION,Severe,90.0,88.9
2026-09-01 02:39:25,IN-DELHI-01,41.0,13.4,41.0,1000.8,215.1,1.16,-0.17,10.85,10.91,1.1,139,1581,4078,0,8,12.0,4095,0,189.1,0.0,0,3,WILDFIRE,Severe,88.5,96.7
2026-09-01 02:39:30,IN-DELHI-01,28.1,51.0,30.2,1001.5,208.8,1.01,-0.25,10.7,10.75,0.94,3,410,4095,0,3,4.5,4064,1,182.2,0.01,0,0,NORMAL,None,5.3,93.1
2026-09-01 02:39:35,IN-DELHI-01,24.6,70.9,27.4,1000.1,220.7,1.1,-0.19,10.74,10.79,0.98,21,484,1761,83,623,1214.8,2604,51,66.3,-2.34,0,5,WATER_CONTAMINATION,Severe,89.3,88.5
2026-09-01 02:39:40,IN-DELHI-01,27.8,72.5,32.3,1003.3,193.7,1.03,-0.2,10.83,10.88,1.07,23,492,1897,78,564,1099.8,3427,23,71.9,-2.65,0,5,WATER_CONTAMINATION,Severe,87.0,85.9
2026-09-01 02:39:45,IN-DELHI-01,26.1,61.6,28.5,1002.9,197.1,0.99,-0.08,10.76,10.8,0.99,85,1420,4080,0,11,16.5,4061,1,173.5,0.0,1,4,HAZARDOUS_AIR_POLLUTION,Severe,82.2,96.6
2026-09-01 02:39:50,IN-DELHI-01,24.3,56.1,25.5,1002.1,204.1,1.06,-0.23,10.67,10.73,0.92,3,410,4068,0,4,6.0,4064,1,177.2,-0.09,0,0,NORMAL,None,13.0,92.4
2026-09-01 02:39:55,IN-DELHI-01,16.8,92.1,18.3,994.1,271.5,-5.42,-3.38,12.22,13.79,3.98,14,449,1252,100,210,336.0,1648,84,146.9,-2.0,0,2,LANDSLIDE_PRECURSOR,Extreme,97.5,94.2
2026-09-01 02:40:00,IN-DELHI-01,21.2,92.0,24.5,991.8,291.1,1.04,-0.37,10.61,10.67,0.86,8,428,1352,98,365,657.0,1233,98,15.0,-14.44,0,1,FLASH_FLOOD,Extreme,97.0,91.1
2026-09-01 02:40:05,IN-DELHI-01,41.6,18.9,42.2,996.2,254.1,0.91,-0.06,10.75,10.79,0.98,91,1173,4088,0,4,6.0,4095,0,186.6,0.0,0,3,WILDFIRE,Severe,90.4,91.6
2026-09-01 02:40:10,IN-DELHI-01,26.9,61.8,29.7,1000.4,218.4,1.0,-0.18,10.75,10.8,0.99,3,410,4012,2,16,24.0,4056,1,175.0,0.01,0,0,NORMAL,None,12.2,93.0
2026-09-01 02:40:15,IN-DELHI-01,27.0,51.8,28.8,1000.6,216.8,0.97,-0.25,10.8,10.85,1.04,2,407,4072,0,7,10.5,4049,1,185.4,-0.02,0,0,NORMAL,None,14.3,92.9
2026-09-01 02:40:20,IN-DELHI-01,21.2,88.5,24.2,994.4,268.8,5.95,2.32,11.58,13.22,3.41,12,442,1275,100,219,350.4,1785,79,152.1,-4.43,0,2,LANDSLIDE_PRECURSOR,Extreme,87.5,87.2
2026-09-01 02:40:25,IN-DELHI-01,25.1,91.9,30.4,984.2,354.7,1.14,-0.23,10.71,10.78,0.97,13,445,1303,99,424,763.2,1347,94,16.5,-8.75,1,1,FLASH_FLOOD,Extreme,96.7,95.1
2026-09-01 02:40:30,IN-DELHI-01,28.5,52.8,30.9,999.9,222.3,1.03,-0.23,11.01,11.06,1.25,0,400,4036,2,0,0.0,4095,0,173.5,0.17,0,0,NORMAL,None,17.1,98.8
2026-09-01 02:40:35,IN-DELHI-01,26.7,52.0,28.4,1001.0,213.5,1.07,-0.21,10.96,11.01,1.2,1,403,4038,2,5,7.5,4056,1,189.7,-0.12,1,0,NORMAL,None,5.7,92.0
2026-09-01 02:40:40,IN-DELHI-01,24.7,61.4,26.6,1002.6,199.4,1.02,-0.21,10.68,10.73,0.92,0,400,4050,1,0,0.0,4064,1,176.6,0.02,0,0,NORMAL,None,3.6,98.0
2026-09-01 02:40:45,IN-DELHI-01,21.6,71.4,23.3,1001.8,206.1,1.17,-0.17,10.84,10.9,1.09,20,480,1840,80,436,850.2,2875,42,67.4,-1.62,0,5,WATER_CONTAMINATION,Severe,82.0,86.9
2026-09-01 02:40:50,IN-DELHI-01,28.0,46.0,29.3,1002.6,200.1,1.11,-0.17,10.73,10.79,0.98,0,400,4073,0,20,30.0,4079,0,168.7,0.01,0,0,NORMAL,None,15.1,96.4
2026-09-01 02:40:55,IN-DELHI-01,36.2,17.2,36.2,1000.6,216.5,1.19,-0.21,10.88,10.95,1.14,129,1496,4089,0,9,13.5,4095,0,182.3,0.0,0,3,WILDFIRE,Severe,75.0,96.6
2026-09-01 02:41:00,IN-DELHI-01,26.3,51.0,27.7,1001.7,207.2,1.11,-0.19,10.66,10.72,0.91,3,410,4027,2,6,9.0,4095,0,193.6,-0.03,0,0,NORMAL,None,13.1,98.8
2026-09-01 02:41:05,IN-DELHI-01,23.1,90.3,27.2,986.2,337.6,-2.91,-1.02,9.77,10.24,0.43,16,456,1233,100,334,534.4,1779,80,135.3,-2.36,0,2,LANDSLIDE_PRECURSOR,Extreme,96.0,93.3
2026-09-01 02:41:10,IN-DELHI-01,22.2,91.9,26.0,985.9,340.6,0.87,-0.24,10.58,10.62,0.81,16,456,1293,100,370,666.0,1201,99,37.2,-12.37,0,1,FLASH_FLOOD,Severe,92.6,96.1
2026-09-01 02:41:15,IN-DELHI-01,27.7,52.4,29.8,998.3,236.2,0.98,-0.11,10.88,10.93,1.12,1,403,4028,2,4,6.0,4095,0,178.6,0.02,0,0,NORMAL,None,14.5,98.6
2026-09-01 02:41:20,IN-DELHI-01,25.4,91.8,30.8,987.6,326.2,1.2,-0.26,10.53,10.6,0.79,6,421,1412,95,246,442.8,1222,99,60.4,-5.57,0,1,FLASH_FLOOD,Severe,87.9,93.1
2026-09-01 02:41:25,IN-DELHI-01,32.8,62.8,38.7,1007.1,162.1,0.97,-0.19,10.69,10.73,0.92,191,2692,3850,8,16,24.0,4069,0,182.4,0.0,0,4,HAZARDOUS_AIR_POLLUTION,Extreme,94.9,93.5
2026-09-01 02:41:30,IN-DELHI-01,21.8,96.0,25.6,990.7,300.2,1.05,-0.14,10.65,10.71,0.9,4,414,1303,99,317,570.6,1222,99,15.0,-14.11,0,1,FLASH_FLOOD,Extreme,97.0,88.4
2026-09-01 02:41:35,IN-DELHI-01,41.9,15.7,41.9,1000.8,214.6,0.97,-0.27,10.76,10.81,1.0,143,1615,4090,0,13,19.5,4095,0,192.3,0.0,0,3,WILDFIRE,Severe,91.8,91.2
2026-09-01 02:41:40,IN-DELHI-01,27.0,63.4,30.1,1004.1,186.7,1.01,-0.12,10.8,10.85,1.04,137,2044,4008,3,14,21.0,4043,1,183.0,0.0,0,4,HAZARDOUS_AIR_POLLUTION,Severe,88.4,96.5
2026-09-01 02:41:45,IN-DELHI-01,40.8,23.1,42.2,995.2,261.9,1.07,-0.36,10.79,10.85,1.04,152,1692,4083,0,0,0.0,4095,0,186.4,0.0,0,3,WILDFIRE,Severe,87.6,92.5
2026-09-01 02:41:50,IN-DELHI-01,30.1,57.4,33.8,1001.5,208.8,1.14,-0.24,10.71,10.77,0.96,10,435,4068,0,15,22.5,4095,0,180.7,-0.19,1,0,NORMAL,None,17.5,97.3
2026-09-01 02:41:55,IN-DELHI-01,17.2,89.0,18.6,994.1,271.5,5.26,2.53,10.92,12.38,2.57,7,424,1335,98,256,409.6,2020,71,145.1,-6.54,0,2,LANDSLIDE_PRECURSOR,Extreme,85.9,89.2
2026-09-01 02:42:00,IN-DELHI-01,26.0,62.5,28.6,1004.0,187.6,1.03,-0.17,10.75,10.8,0.99,15,460,1628,88,804,1567.8,3235,29,30.0,-2.78,0,5,WATER_CONTAMINATION,Severe,96.0,93.1
2026-09-01 02:42:05,IN-DELHI-01,21.4,87.8,24.4,989.5,310.1,5.91,2.5,9.62,11.56,1.75,13,445,1224,100,244,390.4,1741,81,149.8,-6.81,1,2,LANDSLIDE_PRECURSOR,Extreme,98.5,95.3
2026-09-01 02:42:10,IN-DELHI-01,27.3,55.5,29.6,1002.0,204.5,1.15,-0.27,10.83,10.89,1.08,3,410,4095,0,0,0.0,4079,0,188.4,0.16,0,0,NORMAL,None,15.8,97.7
2026-09-01 02:42:15,IN-DELHI-01,23.5,92.3,27.9,989.2,312.6,0.97,-0.18,10.75,10.79,0.98,22,477,1279,100,316,568.8,1155,100,52.8,-17.09,1,1,FLASH_FLOOD,Severe,89.4,96.7
2026-09-01 02:42:20,IN-DELHI-01,27.5,53.4,29.6,1002.0,204.7,1.08,-0.15,10.88,10.93,1.12,2,407,4095,0,14,21.0,4069,0,184.8,0.28,0,0,NORMAL,None,17.2,93.8
2026-09-01 02:42:25,IN-DELHI-01,29.2,50.7,31.6,1000.2,220.3,1.07,-0.25,10.63,10.68,0.87,0,400,4095,0,9,13.5,4084,0,171.1,0.14,0,0,NORMAL,None,8.9,94.4
2026-09-01 02:42:30,IN-DELHI-01,26.6,66.0,29.8,1007.6,157.5,1.05,-0.23,10.86,10.91,1.1,204,2848,4003,3,27,40.5,4008,3,173.5,0.0,1,4,HAZARDOUS_AIR_POLLUTION,Extreme,96.5,96.8
2026-09-01 02:42:35,IN-DELHI-01,24.2,58.0,25.6,998.7,232.9,1.15,-0.16,10.88,10.94,1.13,1,403,4068,0,9,13.5,4051,1,180.7,-0.21,0,0,NORMAL,None,5.7,93.0
2026-09-01 02:42:40,IN-DELHI-01,29.3,49.2,31.6,1001.0,213.2,1.0,-0.11,10.82,10.87,1.06,1,403,4065,1,0,0.0,4076,0,177.4,-0.3,1,0,NORMAL,None,13.1,94.2
2026-09-01 02:42:45,IN-DELHI-01,27.5,75.6,32.3,1008.9,146.7,1.07,-0.15,10.75,10.81,1.0,167,2404,4055,1,10,15.0,4034,2,171.1,0.0,1,4,HAZARDOUS_AIR_POLLUTION,Severe,92.0,92.4
2026-09-01 02:42:50,IN-DELHI-01,21.2,81.9,23.7,987.7,325.6,-3.59,-2.0,11.52,12.23,2.42,10,435,1284,100,238,380.8,1381,93,124.8,-6.34,0,2,LANDSLIDE_PRECURSOR,Extreme,86.6,96.0
2026-09-01 02:42:55,IN-DELHI-01,38.9,16.0,38.9,995.1,262.9,1.14,-0.24,10.68,10.75,0.94,138,1573,4083,0,1,1.5,4095,0,187.2,0.0,1,3,WILDFIRE,Severe,81.1,92.4
2026-09-01 02:43:00,IN-DELHI-01,22.3,64.6,23.6,1000.7,215.9,1.02,-0.2,10.73,10.78,0.97,25,500,1842,80,469,914.5,2718,47,78.0,-0.42,0,5,WATER_CONTAMINATION,Severe,83.3,88.6
2026-09-01 02:43:05,IN-DELHI-01,27.4,51.1,29.1,1004.1,187.5,0.95,-0.19,10.65,10.69,0.88,0,400,4015,2,0,0.0,4081,0,166.7,0.07,0,0,NORMAL,None,15.8,96.7
2026-09-01 02:43:10,IN-DELHI-01,27.4,51.1,29.1,1001.8,206.4,1.14,-0.24,10.86,10.93,1.12,4,414,4095,0,7,10.5,4075,0,171.6,-0.01,1,0,NORMAL,None,9.0,98.1
2026-09-01 02:43:15,IN-DELHI-01,24.1,65.0,26.1,999.5,225.7,1.04,-0.19,10.71,10.76,0.95,16,464,1844,80,729,1421.5,3444,22,78.4,-2.6,0,5,WATER_CONTAMINATION,Severe,93.4,86.4
2026-09-01 02:43:20,IN-DELHI-01,40.1,15.4,40.1,998.9,230.7,1.05,-0.18,10.69,10.75,0.94,116,1386,4090,0,8,12.0,4095,0,188.9,0.0,0,3,WILDFIRE,Severe,85.4,95.4
2026-09-01 02:43:25,IN-DELHI-01,28.2,56.1,30.9,1000.3,219.3,1.08,-0.09,10.61,10.67,0.86,1,403,4074,0,5,7.5,4093,0,190.9,0.01,0,0,NORMAL,None,14.6,94.0
2026-09-01 02:43:30,IN-DELHI-01,21.4,94.7,25.0,987.3,328.5,1.14,-0.05,10.87,10.93,1.12,16,456,1356,97,325,585.0,1239,98,64.8,-7.45,0,1,FLASH_FLOOD,Severe,87.0,89.9
2026-09-01 02:43:35,IN-DELHI-01,23.3,68.4,25.4,1007.6,157.2,1.04,-0.25,10.86,10.92,1.11,177,2524,4047,1,22,33.0,4095,0,183.2,0.0,0,4,HAZARDOUS_AIR_POLLUTION,Severe,93.2,94.8
2026-09-01 02:43:40,IN-DELHI-01,46.2,21.1,49.0,996.8,249.0,0.94,-0.1,10.73,10.77,0.96,116,1386,4095,0,5,7.5,4095,0,182.2,0.0,0,3,WILDFIRE,Extreme,98.0,95.2
2026-09-01 02:43:45,IN-DELHI-01,28.7,59.4,32.1,1000.7,215.8,0.99,-0.15,10.76,10.8,0.99,3,410,3989,3,1,1.5,4056,1,177.7,-0.15,0,0,NORMAL,None,12.1,94.0
2026-09-01 02:43:50,IN-DELHI-01,25.2,87.7,30.1,992.7,283.2,-4.49,-3.82,10.82,12.32,2.51,9,431,1382,97,204,326.4,1401,93,111.8,-5.96,1,2,LANDSLIDE_PRECURSOR,Extreme,89.9,91.2
2026-09-01 02:43:55,IN-DELHI-01,27.1,47.4,28.3,1003.2,194.6,1.01,-0.18,10.89,10.94,1.13,0,400,4074,0,8,12.0,4046,1,185.2,0.24,0,0,NORMAL,None,13.4,92.9
2026-09-01 02:44:00,IN-DELHI-01,42.8,20.6,44.3,997.3,244.4,0.88,-0.12,10.8,10.84,1.03,130,1505,4068,0,2,3.0,4095,0,187.7,0.0,0,3,WILDFIRE,Extreme,94.9,97.1
2026-09-01 02:44:05,IN-DELHI-01,39.1,10.0,39.1,996.9,247.6,1.03,-0.05,10.67,10.72,0.91,152,1692,4079,0,7,10.5,4095,0,188.3,0.0,0,3,WILDFIRE,Severe,81.9,90.6
2026-09-01 02:44:10,IN-DELHI-01,28.0,52.3,30.2,1002.4,201.2,0.95,-0.21,10.7,10.75,0.94,6,421,4024,2,13,19.5,4066,1,187.3,-0.05,0,0,NORMAL,None,7.7,95.7
2026-09-01 02:44:15,IN-DELHI-01,37.9,26.9,39.4,997.3,244.3,1.08,-0.19,10.77,10.82,1.01,123,1445,4093,0,10,15.0,4095,0,188.2,0.0,0,3,WILDFIRE,Severe,77.7,96.5
2026-09-01 02:44:20,IN-DELHI-01,20.7,85.6,23.3,993.9,273.5,-2.19,-2.33,11.43,11.87,2.06,5,417,1298,100,169,270.4,1498,89,147.0,-5.43,1,2,LANDSLIDE_PRECURSOR,Extreme,86.6,89.5
2026-09-01 02:44:25,IN-DELHI-01,25.2,74.5,28.7,999.8,223.2,0.95,-0.12,10.74,10.78,0.97,13,452,2015,74,657,1281.1,3140,32,46.3,-1.94,1,5,WATER_CONTAMINATION,Severe,90.6,93.3
2026-09-01 02:44:30,IN-DELHI-01,26.5,57.6,28.8,1001.3,211.1,1.13,-0.14,10.65,10.71,0.9,5,417,4036,2,11,16.5,4072,0,188.0,-0.0,1,0,NORMAL,None,11.4,97.5
2026-09-01 02:44:35,IN-DELHI-01,18.9,89.5,21.0,994.5,268.1,-4.72,-3.32,11.99,13.3,3.49,6,421,1292,100,205,328.0,1302,96,117.4,-5.84,0,2,LANDSLIDE_PRECURSOR,Extreme,96.3,92.3
2026-09-01 02:44:40,IN-DELHI-01,40.7,14.4,40.7,996.0,255.3,1.08,-0.11,10.77,10.82,1.01,91,1173,4090,0,2,3.0,4095,0,182.7,0.0,0,3,WILDFIRE,Severe,87.5,93.5
2026-09-01 02:44:45,IN-DELHI-01,40.0,15.3,40.0,998.0,238.4,0.91,-0.18,10.65,10.69,0.88,121,1428,4073,0,3,4.5,4095,0,186.3,0.0,0,3,WILDFIRE,Severe,85.0,94.8
2026-09-01 02:44:50,IN-DELHI-01,24.3,74.5,27.5,997.1,246.1,0.95,-0.21,10.79,10.83,1.02,5,420,1761,83,715,1394.2,3337,26,65.6,-1.91,0,5,WATER_CONTAMINATION,Severe,92.9,87.1
2026-09-01 02:44:55,IN-DELHI-01,28.0,54.6,30.4,1001.4,210.3,1.01,-0.2,10.85,10.9,1.09,11,438,4083,0,10,15.0,4054,1,173.5,-0.31,0,0,NORMAL,None,9.6,96.7
2026-09-01 02:45:00,IN-DELHI-01,19.8,88.1,22.2,991.3,295.4,4.77,2.12,10.8,11.99,2.18,20,470,1321,99,243,388.8,1571,87,80.0,-1.2,1,2,LANDSLIDE_PRECURSOR,Extreme,85.5,88.4
2026-09-01 02:45:05,IN-DELHI-01,29.9,51.8,32.7,1002.4,201.6,0.88,-0.24,10.81,10.85,1.04,0,400,4084,0,14,21.0,4095,0,185.0,-0.31,0,0,NORMAL,None,4.1,96.7
2026-09-01 02:45:10,IN-DELHI-01,24.6,64.3,26.8,1002.4,201.5,0.98,-0.23,10.76,10.8,0.99,173,2476,3953,5,24,36.0,4059,1,171.4,0.0,0,4,HAZARDOUS_AIR_POLLUTION,Severe,92.8,97.8
2026-09-01 02:45:15,IN-DELHI-01,26.6,53.1,28.3,1001.7,207.1,1.09,-0.22,10.61,10.67,0.86,3,410,4029,2,1,1.5,4095,0,181.7,0.18,0,0,NORMAL,None,12.1,96.0
2026-09-01 02:45:20,IN-DELHI-01,18.9,88.7,21.0,991.5,293.6,4.64,1.91,10.97,12.06,2.25,12,442,1289,100,261,417.6,1458,91,127.3,-4.14,0,2,LANDSLIDE_PRECURSOR,Extreme,92.8,86.1
2026-09-01 02:45:25,IN-DELHI-01,28.3,51.9,30.6,998.8,231.6,1.14,-0.28,10.69,10.76,0.95,2,407,3998,3,11,16.5,4073,0,184.1,-0.28,0,0,NORMAL,None,11.0,93.8
2026-09-01 02:45:30,IN-DELHI-01,41.9,17.5,42.2,995.0,263.7,1.11,-0.14,10.61,10.67,0.86,151,1683,4069,0,12,18.0,4095,0,189.6,0.0,0,3,WILDFIRE,Severe,91.6,92.0
2026-09-01 02:45:35,IN-DELHI-01,21.7,95.4,25.5,988.6,317.5,1.29,-0.45,10.7,10.79,0.98,12,442,1342,98,316,568.8,1352,94,42.7,-9.55,0,1,FLASH_FLOOD,Severe,91.5,94.3
2026-09-01 02:45:40,IN-DELHI-01,22.0,90.7,25.6,990.3,303.5,0.94,-0.13,10.74,10.78,0.97,18,463,1276,100,291,523.8,1205,99,30.1,-10.56,1,1,FLASH_FLOOD,Severe,94.0,93.7
2026-09-01 02:45:45,IN-DELHI-01,23.2,94.3,27.6,994.0,271.9,0.96,-0.37,10.81,10.86,1.05,12,442,1327,99,394,709.2,1242,98,29.6,-9.51,0,1,FLASH_FLOOD,Extreme,94.1,88.1
2026-09-01 02:45:50,IN-DELHI-01,23.4,67.3,25.4,1004.3,185.3,1.07,-0.14,10.82,10.87,1.06,201,2812,4034,2,14,21.0,4061,1,182.5,0.0,1,4,HAZARDOUS_AIR_POLLUTION,Extreme,96.1,96.9
2026-09-01 02:45:55,IN-DELHI-01,24.3,91.3,29.0,989.9,306.6,5.91,2.09,9.23,11.16,1.35,17,459,1277,100,145,232.0,1576,87,142.4,-1.04,0,2,LANDSLIDE_PRECURSOR,Extreme,86.8,86.9
2026-09-01 02:46:00,IN-DELHI-01,25.5,50.4,26.5,1001.9,206.0,1.12,-0.19,10.64,10.7,0.89,7,424,4095,0,15,22.5,4070,0,188.9,-0.24,0,0,NORMAL,None,8.2,92.4
2026-09-01 02:46:05,IN-DELHI-01,31.0,59.1,35.4,1002.9,196.9,1.1,-0.12,10.76,10.81,1.0,5,417,4053,1,13,19.5,4095,0,187.8,-0.14,0,0,NORMAL,None,7.3,98.7
2026-09-01 02:46:10,IN-DELHI-01,25.8,63.1,28.3,1008.6,148.9,1.05,-0.15,10.74,10.79,0.98,139,2068,3906,6,4,6.0,4083,0,176.9,0.0,0,4,HAZARDOUS_AIR_POLLUTION,Severe,88.7,97.6
2026-09-01 02:46:15,IN-DELHI-01,27.0,44.1,27.8,1000.7,215.9,1.17,-0.17,10.66,10.72,0.91,0,400,4095,0,2,3.0,4055,1,182.5,-0.09,0,0,NORMAL,None,15.5,95.3
2026-09-01 02:46:20,IN-DELHI-01,19.0,84.3,20.7,990.5,301.8,4.66,2.26,9.54,10.85,1.04,14,449,1284,100,247,395.2,1470,90,110.2,-5.38,1,2,LANDSLIDE_PRECURSOR,Extreme,86.5,86.2
2026-09-01 02:46:25,IN-DELHI-01,24.8,53.9,26.0,999.5,225.6,1.09,-0.14,10.86,10.91,1.1,2,407,4044,1,11,16.5,4036,2,177.5,0.04,0,0,NORMAL,None,10.1,95.2
2026-09-01 02:46:30,IN-DELHI-01,23.4,87.0,27.3,989.7,308.2,0.99,-0.19,10.65,10.7,0.89,7,424,1339,98,348,626.4,1368,94,19.8,-12.31,1,1,FLASH_FLOOD,Extreme,96.0,90.8
2026-09-01 02:46:35,IN-DELHI-01,28.6,54.9,31.3,1000.8,215.0,1.08,-0.25,10.78,10.84,1.03,3,410,4053,1,11,16.5,4084,0,183.5,-0.06,0,0,NORMAL,None,5.0,98.7
2026-09-01 02:46:40,IN-DELHI-01,28.6,55.5,31.4,1001.0,212.9,0.98,-0.14,10.91,10.96,1.15,3,410,4022,2,0,0.0,4056,1,178.7,0.22,0,0,NORMAL,None,9.1,97.1
2026-09-01 02:46:45,IN-DELHI-01,29.4,53.7,32.3,1001.5,209.2,1.17,-0.14,10.58,10.64,0.83,1,403,4035,2,12,18.0,4046,1,190.4,0.05,0,0,NORMAL,None,2.6,97.9
2026-09-01 02:46:50,IN-DELHI-01,25.7,69.7,28.9,1000.6,217.0,1.06,-0.22,10.92,10.97,1.16,20,480,2077,72,630,1228.5,3150,32,84.6,-0.62,0,5,WATER_CONTAMINATION,Severe,89.6,94.3
2026-09-01 02:46:55,IN-DELHI-01,24.6,92.3,29.7,985.9,340.4,1.19,-0.24,10.6,10.66,0.85,10,435,1241,100,332,597.6,1221,99,29.4,-12.13,1,1,FLASH_FLOOD,Extreme,94.1,93.5
2026-09-01 02:47:00,IN-DELHI-01,23.3,89.9,27.5,994.0,272.2,3.86,1.15,11.18,11.88,2.07,17,459,1285,100,253,404.8,1492,89,117.7,-4.75,0,2,LANDSLIDE_PRECURSOR,Extreme,95.0,92.6
2026-09-01 02:47:05,IN-DELHI-01,22.3,62.2,23.4,1000.6,216.7,1.09,-0.23,10.57,10.63,0.82,29,516,2227,66,614,1197.3,3427,23,82.6,-2.29,0,5,WATER_CONTAMINATION,Severe,88.9,89.6
2026-09-01 02:47:10,IN-DELHI-01,26.4,46.8,27.3,1000.9,214.4,1.01,-0.06,10.83,10.88,1.07,0,400,4042,1,12,18.0,4082,0,177.6,-0.07,1,0,NORMAL,None,16.1,92.1
2026-09-01 02:47:15,IN-DELHI-01,22.2,89.7,25.8,990.0,306.0,-2.7,-3.31,10.43,11.27,1.46,4,414,1295,100,218,348.8,1755,80,133.9,-2.06,0,2,LANDSLIDE_PRECURSOR,Extreme,98.7,89.7
2026-09-01 02:47:20,IN-DELHI-01,32.2,52.3,36.1,999.6,224.8,1.14,-0.08,11.07,11.13,1.32,7,424,4095,0,20,30.0,4076,0,172.2,0.14,0,0,NORMAL,None,15.7,95.5
2026-09-01 02:47:25,IN-DELHI-01,43.6,19.9,45.1,999.0,230.4,1.04,-0.1,10.62,10.68,0.87,140,1590,4086,0,7,10.5,4095,0,193.1,0.0,0,3,WILDFIRE,Extreme,97.5,91.0
2026-09-01 02:47:30,IN-DELHI-01,37.6,21.2,37.8,997.0,247.2,1.12,-0.08,10.82,10.88,1.07,102,1267,4087,0,4,6.0,4095,0,187.5,0.0,0,3,WILDFIRE,Severe,76.7,89.0
2026-09-01 02:47:35,IN-DELHI-01,29.2,50.0,31.5,1000.2,219.8,1.15,-0.18,10.73,10.79,0.98,25,487,4004,3,23,34.5,4095,0,171.2,-0.35,0,0,NORMAL,None,7.6,93.1
2026-09-01 02:47:40,IN-DELHI-01,27.7,53.0,29.8,1000.3,218.9,1.09,-0.2,10.73,10.79,0.98,5,417,4094,0,10,15.0,4067,0,177.1,-0.15,0,0,NORMAL,None,3.3,94.9
2026-09-01 02:47:45,IN-DELHI-01,24.2,87.0,28.5,985.3,345.8,1.08,-0.46,10.9,10.96,1.15,6,421,1308,99,302,543.6,1300,96,51.0,-14.58,1,1,FLASH_FLOOD,Severe,89.8,95.2
2026-09-01 02:47:50,IN-DELHI-01,21.5,89.9,24.7,995.2,262.6,5.88,2.62,9.6,11.56,1.75,14,449,1221,100,223,356.8,1485,90,151.6,-0.59,0,2,LANDSLIDE_PRECURSOR,Extreme,91.8,96.5
2026-09-01 02:47:55,IN-DELHI-01,29.0,49.3,31.1,1000.6,216.9,1.09,-0.25,10.92,10.98,1.17,6,421,4037,2,14,21.0,4095,0,184.8,-0.08,0,0,NORMAL,None,2.2,97.7
2026-09-01 02:48:00,IN-DELHI-01,24.7,92.6,29.8,992.8,282.0,-3.53,-2.87,11.91,12.75,2.94,15,452,1280,100,219,350.4,1455,91,129.8,-1.22,0,2,LANDSLIDE_PRECURSOR,Extreme,88.7,92.1
2026-09-01 02:48:05,IN-DELHI-01,30.6,56.7,34.4,999.8,223.3,1.04,-0.16,10.64,10.69,0.88,6,421,4079,0,0,0.0,4068,0,180.7,0.22,0,0,NORMAL,None,11.1,92.6
2026-09-01 02:48:10,IN-DELHI-01,17.7,88.8,19.3,995.2,262.2,-3.48,-2.61,9.98,10.88,1.07,12,442,1161,100,252,403.2,1478,90,118.9,-2.79,1,2,LANDSLIDE_PRECURSOR,Extreme,87.5,89.2
2026-09-01 02:48:15,IN-DELHI-01,26.4,64.6,29.4,1007.5,158.3,1.08,-0.24,10.7,10.75,0.94,168,2416,3975,4,22,33.0,4069,0,179.8,0.0,0,4,HAZARDOUS_AIR_POLLUTION,Severe,92.2,95.5
2026-09-01 02:48:20,IN-DELHI-01,24.1,91.3,28.8,989.4,310.8,1.33,-0.22,10.8,10.88,1.07,17,459,1386,96,310,558.0,1219,99,71.4,-13.64,1,1,FLASH_FLOOD,Severe,85.7,95.7
2026-09-01 02:48:25,IN-DELHI-01,26.0,63.6,28.6,1002.0,205.0,0.97,-0.23,10.75,10.79,0.98,11,444,1828,81,531,1035.5,2857,42,70.1,-1.71,0,5,WATER_CONTAMINATION,Severe,85.7,88.4
2026-09-01 02:48:30,IN-DELHI-01,36.3,19.2,36.3,991.7,291.4,1.05,-0.31,10.77,10.83,1.02,155,1717,4079,0,9,13.5,4095,0,179.4,0.0,0,3,WILDFIRE,Severe,75.0,97.9
2026-09-01 02:48:35,IN-DELHI-01,21.4,95.2,25.1,994.1,271.9,-2.95,-1.82,9.39,10.01,0.2,17,459,1229,100,196,313.6,1712,82,141.9,-5.13,0,2,LANDSLIDE_PRECURSOR,Extreme,91.2,93.8
2026-09-01 02:48:40,IN-DELHI-01,21.4,89.2,24.5,983.5,360.7,0.82,-0.2,10.63,10.67,0.86,18,463,1258,100,327,588.6,1396,93,75.0,-16.35,0,1,FLASH_FLOOD,Severe,85.0,94.8
2026-09-01 02:48:45,IN-DELHI-01,27.4,59.8,30.3,1001.1,212.6,1.14,-0.19,10.74,10.8,0.99,5,417,4025,2,1,1.5,4056,1,178.1,0.03,0,0,NORMAL,None,2.4,95.1
2026-09-01 02:48:50,IN-DELHI-01,24.7,91.9,29.7,992.9,281.3,1.46,-0.13,10.63,10.73,0.92,13,445,1310,99,313,563.4,1083,100,36.4,-14.47,0,1,FLASH_FLOOD,Severe,92.7,90.4
2026-09-01 02:48:55,IN-DELHI-01,40.8,12.0,40.8,1000.4,218.6,0.93,-0.2,10.72,10.77,0.96,171,1853,4076,0,5,7.5,4095,0,194.8,0.0,0,3,WILDFIRE,Severe,87.9,90.9
2026-09-01 02:49:00,IN-DELHI-01,26.1,70.6,29.6,1000.1,220.6,1.09,-0.25,10.79,10.85,1.04,14,456,2182,68,671,1308.5,3409,23,83.2,-1.38,0,5,WATER_CONTAMINATION,Severe,91.2,89.3
2026-09-01 02:49:05,IN-DELHI-01,29.7,59.9,33.6,999.3,227.8,0.94,-0.16,10.71,10.76,0.95,6,421,4095,0,19,28.5,4046,1,181.9,-0.11,0,0,NORMAL,None,17.2,98.3
2026-09-01 02:49:10,IN-DELHI-01,28.5,46.7,30.2,1000.4,218.1,1.06,-0.27,10.63,10.69,0.88,4,414,4051,1,5,7.5,4072,0,179.9,0.08,0,0,NORMAL,None,2.7,97.6
2026-09-01 02:49:15,IN-DELHI-01,28.1,49.5,29.9,999.5,225.7,1.1,-0.15,10.59,10.65,0.84,2,407,4044,1,3,4.5,4060,1,160.0,-0.06,0,0,NORMAL,None,2.3,92.6
2026-09-01 02:49:20,IN-DELHI-01,27.8,55.9,30.4,1001.7,207.0,0.99,-0.2,10.62,10.67,0.86,3,410,4054,1,8,12.0,4076,0,176.0,0.01,0,0,NORMAL,None,2.5,97.3
2026-09-01 02:49:25,IN-DELHI-01,24.9,50.7,25.8,998.6,233.1,0.97,-0.17,10.61,10.66,0.85,4,414,4057,1,16,24.0,4057,1,197.6,-0.13,0,0,NORMAL,None,5.8,97.0
2026-09-01 02:49:30,IN-DELHI-01,29.0,47.6,30.9,1002.0,205.1,1.12,-0.18,10.91,10.97,1.16,3,410,4095,0,6,9.0,4095,0,188.9,0.09,0,0,NORMAL,None,17.0,95.1
2026-09-01 02:49:35,IN-DELHI-01,25.6,96.1,31.6,986.5,335.4,1.26,-0.22,10.85,10.93,1.12,14,449,1369,97,271,487.8,1226,99,38.0,-8.87,1,1,FLASH_FLOOD,Severe,92.4,88.3
2026-09-01 02:49:40,IN-DELHI-01,22.4,82.2,25.3,991.4,294.6,4.99,1.13,10.8,11.95,2.14,12,442,1277,100,296,473.6,1542,88,142.2,-2.39,0,2,LANDSLIDE_PRECURSOR,Extreme,94.5,95.1
2026-09-01 02:49:45,IN-DELHI-01,26.8,48.3,28.1,1000.1,221.2,0.94,-0.19,10.84,10.88,1.07,3,410,4095,0,11,16.5,4056,1,178.4,-0.13,0,0,NORMAL,None,5.9,98.6
2026-09-01 02:49:50,IN-DELHI-01,19.8,88.2,22.2,991.9,289.7,6.04,3.99,10.66,12.89,3.08,6,421,1259,100,329,526.4,1325,95,125.9,-4.23,0,2,LANDSLIDE_PRECURSOR,Extreme,98.6,86.4
2026-09-01 02:49:55,IN-DELHI-01,28.0,57.8,30.9,1007.9,155.2,0.94,-0.14,10.86,10.91,1.1,164,2368,3957,4,11,16.5,4070,0,181.2,0.0,1,4,HAZARDOUS_AIR_POLLUTION,Severe,91.7,98.1
2026-09-01 02:50:00,IN-DELHI-01,25.6,57.8,27.5,1004.8,181.5,1.08,-0.06,10.78,10.83,1.02,138,2056,3982,4,30,45.0,4047,1,182.3,0.0,1,4,HAZARDOUS_AIR_POLLUTION,Severe,88.6,92.1
2026-09-01 02:50:05,IN-DELHI-01,20.0,85.3,22.2,992.6,284.3,-4.8,-3.01,10.06,11.55,1.74,13,445,1299,100,257,411.2,1453,91,123.9,-3.31,0,2,LANDSLIDE_PRECURSOR,Extreme,89.6,86.2
2026-09-01 02:50:10,IN-DELHI-01,28.3,58.3,31.4,999.2,228.7,1.03,-0.18,10.57,10.62,0.81,1,403,3986,3,8,12.0,4093,0,184.9,0.16,0,0,NORMAL,None,16.6,92.4
2026-09-01 02:50:15,IN-DELHI-01,24.3,92.3,29.2,990.0,306.3,0.81,-0.1,10.61,10.64,0.83,20,470,1284,100,324,583.2,1288,96,76.5,-10.64,0,1,FLASH_FLOOD,Severe,84.7,91.1
2026-09-01 02:50:20,IN-DELHI-01,25.5,58.6,27.4,1007.9,154.7,1.16,-0.12,10.64,10.7,0.89,149,2188,3998,3,11,16.5,4049,1,179.7,0.0,0,4,HAZARDOUS_AIR_POLLUTION,Severe,89.9,97.2
2026-09-01 02:50:25,IN-DELHI-01,38.1,23.9,39.0,995.9,256.7,1.05,-0.25,10.85,10.9,1.09,99,1241,4072,0,6,9.0,4095,0,182.2,0.0,1,3,WILDFIRE,Severe,78.4,97.0
2026-09-01 02:50:30,IN-DELHI-01,42.2,18.3,42.8,994.7,266.8,1.04,-0.2,10.58,10.63,0.82,77,1054,4074,0,4,6.0,4095,0,192.7,0.0,0,3,WILDFIRE,Extreme,92.7,94.4
2026-09-01 02:50:35,IN-DELHI-01,24.9,93.4,30.2,987.1,330.2,1.27,-0.26,10.75,10.83,1.02,12,442,1298,100,383,689.4,1268,97,36.6,-14.88,0,1,FLASH_FLOOD,Severe,92.7,88.4
2026-09-01 02:50:40,IN-DELHI-01,25.7,94.2,31.7,983.1,364.4,1.27,-0.27,10.94,11.01,1.2,11,438,1252,100,344,619.2,1394,93,37.8,-12.57,1,1,FLASH_FLOOD,Severe,92.4,95.2
2026-09-01 02:50:45,IN-DELHI-01,26.5,47.8,27.6,1001.2,211.9,0.98,-0.17,10.62,10.67,0.86,2,407,4016,2,10,15.0,4083,0,177.2,0.05,0,0,NORMAL,None,9.2,98.0
2026-09-01 02:50:50,IN-DELHI-01,24.4,60.2,26.1,999.3,227.6,0.97,-0.17,10.85,10.9,1.09,21,484,1810,81,402,783.9,3570,18,54.8,-1.82,0,5,WATER_CONTAMINATION,Severe,80.7,92.4
2026-09-01 02:50:55,IN-DELHI-01,25.3,94.3,31.0,989.0,314.5,-2.27,-1.53,10.13,10.49,0.68,15,452,1292,100,203,324.8,1510,89,155.6,-4.27,1,2,LANDSLIDE_PRECURSOR,Extreme,91.3,90.7
2026-09-01 02:51:00,IN-DELHI-01,26.5,61.9,29.2,1005.6,174.2,1.01,-0.1,11.0,11.04,1.23,98,1576,3912,6,15,22.5,4049,1,182.0,0.0,1,4,HAZARDOUS_AIR_POLLUTION,Severe,83.8,92.4
2026-09-01 02:51:05,IN-DELHI-01,24.7,91.5,29.8,988.3,319.9,1.16,-0.03,10.66,10.72,0.91,18,463,1366,97,363,653.4,1233,98,45.9,-9.61,0,1,FLASH_FLOOD,Severe,90.8,97.2
2026-09-01 02:51:10,IN-DELHI-01,24.9,90.5,29.9,990.5,301.5,1.06,-0.55,10.63,10.7,0.89,15,452,1406,96,391,703.8,1229,98,33.8,-19.1,0,1,FLASH_FLOOD,Severe,93.2,92.8
2026-09-01 02:51:15,IN-DELHI-01,42.8,14.3,42.8,997.1,246.3,0.98,-0.15,10.64,10.68,0.87,150,1675,4086,0,4,6.0,4095,0,184.7,0.0,1,3,WILDFIRE,Extreme,94.8,88.0
2026-09-01 02:51:20,IN-DELHI-01,22.4,89.5,26.0,988.1,321.9,1.04,-0.23,10.61,10.66,0.85,14,449,1409,96,308,554.4,1265,97,70.2,-14.51,1,1,FLASH_FLOOD,Severe,86.0,88.7
2026-09-01 02:51:25,IN-DELHI-01,23.3,65.5,25.2,1009.6,140.9,1.01,-0.12,10.74,10.78,0.97,154,2248,3972,4,21,31.5,4070,0,181.6,0.0,0,4,HAZARDOUS_AIR_POLLUTION,Severe,90.5,90.8
2026-09-01 02:51:30,IN-DELHI-01,21.5,94.0,25.1,986.7,333.8,1.16,-0.1,11.08,11.14,1.33,15,452,1311,99,245,441.0,1203,99,15.0,-16.26,1,1,FLASH_FLOOD,Extreme,97.0,96.6
2026-09-01 02:51:35,IN-DELHI-01,27.2,59.9,29.9,1004.8,180.8,0.98,-0.2,10.82,10.87,1.06,211,2932,4035,2,11,16.5,4041,1,175.9,0.0,1,4,HAZARDOUS_AIR_POLLUTION,Extreme,97.3,98.0
2026-09-01 02:51:40,IN-DELHI-01,44.5,20.9,46.6,997.3,244.7,0.97,-0.18,10.94,10.98,1.17,159,1751,4075,0,4,6.0,4095,0,183.0,0.0,0,3,WILDFIRE,Extreme,98.0,94.7
2026-09-01 02:51:45,IN-DELHI-01,26.7,59.1,29.2,1000.2,220.2,1.09,-0.2,10.94,11.0,1.19,2,407,4048,1,11,16.5,4045,1,184.1,0.03,0,0,NORMAL,None,11.6,95.0
2026-09-01 02:51:50,IN-DELHI-01,24.5,44.6,24.6,1001.7,207.0,1.03,-0.16,10.7,10.75,0.94,6,421,4012,2,7,10.5,4095,0,185.4,0.13,0,0,NORMAL,None,3.4,98.5
2026-09-01 02:51:55,IN-DELHI-01,25.7,56.1,27.4,1002.5,200.2,1.04,-0.19,10.66,10.72,0.91,6,421,4031,2,15,22.5,4065,1,185.6,-0.02,0,0,NORMAL,None,8.1,97.6
2026-09-01 02:52:00,IN-DELHI-01,24.8,74.4,28.2,1001.2,211.9,0.99,-0.2,10.76,10.81,1.0,10,440,1693,85,723,1409.8,3245,29,63.9,-0.56,0,5,WATER_CONTAMINATION,Severe,93.2,93.4
2026-09-01 02:52:05,IN-DELHI-01,39.6,18.3,39.6,996.0,255.3,0.99,-0.27,10.88,10.93,1.12,113,1360,4083,0,10,15.0,4095,0,193.6,0.0,0,3,WILDFIRE,Severe,83.4,89.3
2026-09-01 02:52:10,IN-DELHI-01,25.0,86.4,29.6,988.3,319.9,-5.0,-3.34,9.48,11.22,1.41,11,438,1250,100,298,476.8,1476,90,127.4,-4.65,0,2,LANDSLIDE_PRECURSOR,Extreme,89.6,92.1
2026-09-01 02:52:15,IN-DELHI-01,26.0,65.9,28.9,1002.4,201.4,1.02,-0.23,10.6,10.65,0.84,203,2836,4080,0,3,4.5,4070,0,175.1,0.0,1,4,HAZARDOUS_AIR_POLLUTION,Extreme,96.4,95.8
2026-09-01 02:52:20,IN-DELHI-01,28.7,49.3,30.8,1001.4,210.1,1.02,-0.26,10.87,10.92,1.11,4,414,4048,1,14,21.0,4058,1,179.1,-0.09,0,0,NORMAL,None,7.9,92.8
2026-09-01 02:52:25,IN-DELHI-01,22.7,83.6,25.9,995.6,258.8,4.54,1.51,12.05,12.97,3.16,11,438,1233,100,235,376.0,1708,82,142.4,-2.31,0,2,LANDSLIDE_PRECURSOR,Extreme,86.3,96.2
2026-09-01 02:52:30,IN-DELHI-01,23.3,90.9,27.6,984.8,350.0,1.15,-0.34,10.71,10.77,0.96,11,438,1302,99,409,736.2,1210,99,65.4,-19.88,0,1,FLASH_FLOOD,Severe,86.9,95.9
2026-09-01 02:52:35,IN-DELHI-01,21.2,58.7,21.7,999.6,225.0,0.98,-0.17,10.73,10.78,0.97,15,460,2063,72,489,953.5,3160,32,64.7,-1.6,0,5,WATER_CONTAMINATION,Severe,84.1,85.0
2026-09-01 02:52:40,IN-DELHI-01,28.7,58.5,31.9,1000.0,221.3,0.84,-0.19,10.74,10.77,0.96,0,400,4009,3,14,21.0,4092,0,175.6,-0.02,0,0,NORMAL,None,12.5,97.8
2026-09-01 02:52:45,IN-DELHI-01,21.2,90.5,24.4,985.8,341.3,1.24,-0.24,10.88,10.96,1.15,17,459,1354,98,280,504.0,1196,100,76.2,-14.16,1,1,FLASH_FLOOD,Severe,84.8,96.6
2026-09-01 02:52:50,IN-DELHI-01,22.2,87.0,25.6,992.2,287.2,5.2,2.67,9.69,11.32,1.51,12,442,1289,100,267,427.2,1687,83,156.4,-0.56,1,2,LANDSLIDE_PRECURSOR,Extreme,90.6,92.2
2026-09-01 02:52:55,IN-DELHI-01,21.5,99.0,25.5,988.5,318.3,1.04,-0.1,10.8,10.85,1.04,14,449,1334,98,321,577.8,1352,94,32.2,-11.58,1,1,FLASH_FLOOD,Severe,93.6,91.9
2026-09-01 02:53:00,IN-DELHI-01,19.9,93.5,22.7,992.7,283.5,-4.2,-2.48,10.55,11.62,1.81,18,463,1290,100,219,350.4,1724,81,117.9,-2.22,0,2,LANDSLIDE_PRECURSOR,Extreme,97.5,93.1
2026-09-01 02:53:05,IN-DELHI-01,20.6,85.1,23.0,994.3,270.0,4.22,2.79,10.89,12.0,2.19,18,463,1230,100,298,476.8,1442,91,123.9,-4.18,0,2,LANDSLIDE_PRECURSOR,Extreme,89.5,96.0
2026-09-01 02:53:10,IN-DELHI-01,26.0,69.3,29.3,1000.7,215.4,1.02,-0.25,10.87,10.92,1.11,9,436,1709,85,723,1409.8,3141,32,76.7,-2.5,1,5,WATER_CONTAMINATION,Severe,93.2,92.0
2026-09-01 02:53:15,IN-DELHI-01,31.1,52.9,34.6,1000.9,214.4,1.11,-0.23,10.7,10.76,0.95,0,400,4071,0,6,9.0,4087,0,168.4,-0.08,0,0,NORMAL,None,13.3,93.6
2026-09-01 02:53:20,IN-DELHI-01,26.9,51.4,28.6,1002.2,203.2,1.04,-0.08,10.79,10.84,1.03,4,414,4001,3,9,13.5,4043,1,183.2,0.03,1,0,NORMAL,None,14.4,98.3
2026-09-01 02:53:25,IN-DELHI-01,22.6,89.4,26.4,990.1,304.9,1.12,-0.11,10.84,10.9,1.09,12,442,1451,94,314,565.2,1197,100,18.5,-9.53,1,1,FLASH_FLOOD,Extreme,96.3,92.6
2026-09-01 02:53:30,IN-DELHI-01,24.0,71.1,26.6,997.4,243.2,1.08,-0.09,10.75,10.81,1.0,22,488,1846,80,631,1230.5,2928,40,51.3,-1.23,0,5,WATER_CONTAMINATION,Severe,89.6,86.5
2026-09-01 02:53:35,IN-DELHI-01,26.7,88.6,32.5,991.9,289.9,-2.4,-2.29,9.29,9.86,0.05,6,421,1258,100,246,393.6,1337,95,157.1,-5.35,0,2,LANDSLIDE_PRECURSOR,Extreme,91.6,90.7
2026-09-01 02:53:40,IN-DELHI-01,39.6,20.6,40.1,994.6,266.8,1.08,-0.23,10.81,10.87,1.06,181,1938,4095,0,5,7.5,4095,0,194.1,0.0,0,3,WILDFIRE,Severe,83.6,87.3
2026-09-01 02:53:45,IN-DELHI-01,25.6,68.7,28.6,1000.0,221.5,1.1,-0.17,10.72,10.77,0.96,11,444,2113,70,685,1335.8,3716,13,91.5,-1.02,0,5,WATER_CONTAMINATION,Severe,91.7,88.8
2026-09-01 02:53:50,IN-DELHI-01,23.0,62.0,24.3,1005.7,173.8,1.0,-0.2,10.84,10.89,1.08,139,2068,3902,6,7,10.5,4095,0,178.3,0.0,0,4,HAZARDOUS_AIR_POLLUTION,Severe,88.7,94.9
2026-09-01 02:53:55,IN-DELHI-01,23.5,88.7,27.7,988.8,316.5,1.36,-0.54,10.81,10.91,1.1,13,445,1347,98,351,631.8,1342,95,46.7,-14.7,0,1,FLASH_FLOOD,Severe,90.7,94.9
2026-09-01 02:54:00,IN-DELHI-01,20.5,92.0,23.4,994.1,271.6,-2.76,-3.8,11.53,12.45,2.64,6,421,1299,100,148,236.8,1764,80,141.2,-7.99,0,2,LANDSLIDE_PRECURSOR,Extreme,85.4,92.4
2026-09-01 02:54:05,IN-DELHI-01,27.2,51.7,29.0,1001.0,212.9,0.99,-0.24,10.76,10.8,0.99,3,410,4047,1,8,12.0,4064,1,197.7,-0.35,0,0,NORMAL,None,8.5,93.2
2026-09-01 02:54:10,IN-DELHI-01,25.6,59.2,27.6,1000.1,220.9,0.94,-0.29,10.8,10.85,1.04,7,424,4053,1,7,10.5,4059,1,175.1,-0.06,0,0,NORMAL,None,3.6,95.9
2026-09-01 02:54:15,IN-DELHI-01,20.0,84.4,22.1,989.0,314.7,5.42,1.73,11.03,12.41,2.6,15,452,1242,100,197,315.2,1663,84,98.0,-0.32,1,2,LANDSLIDE_PRECURSOR,Extreme,90.0,94.6
2026-09-01 02:54:20,IN-DELHI-01,27.3,56.2,29.7,1000.8,215.0,1.06,-0.04,10.89,10.94,1.13,4,414,3979,4,12,18.0,4039,1,183.9,-0.2,0,0,NORMAL,None,2.8,94.5
2026-09-01 02:54:25,IN-DELHI-01,20.6,88.6,23.3,993.0,280.7,3.42,0.67,10.39,10.96,1.15,11,438,1228,100,172,275.2,1603,86,146.8,-4.56,0,2,LANDSLIDE_PRECURSOR,Extreme,88.3,95.1
2026-09-01 02:54:30,IN-DELHI-01,29.3,58.1,32.8,1008.5,150.3,1.02,-0.2,10.87,10.92,1.11,122,1864,4023,2,3,4.5,4042,1,181.2,0.0,1,4,HAZARDOUS_AIR_POLLUTION,Severe,86.6,90.7
2026-09-01 02:54:35,IN-DELHI-01,28.4,56.1,31.2,1001.4,209.5,1.05,-0.09,10.83,10.89,1.08,2,407,4073,0,3,4.5,4057,1,190.9,-0.05,0,0,NORMAL,None,5.8,92.3
2026-09-01 02:54:40,IN-DELHI-01,29.8,66.7,34.6,1004.8,181.6,1.06,-0.2,10.84,10.89,1.08,208,2896,4039,2,13,19.5,4037,2,180.5,0.0,1,4,HAZARDOUS_AIR_POLLUTION,Extreme,97.0,93.6
2026-09-01 02:54:45,IN-DELHI-01,29.1,57.7,32.4,1001.5,208.8,1.03,-0.11,10.61,10.66,0.85,0,400,4052,1,11,16.5,4080,0,173.3,-0.12,0,0,NORMAL,None,13.9,92.9
2026-09-01 02:54:50,IN-DELHI-01,26.5,50.8,28.0,1002.1,204.0,1.13,-0.11,10.84,10.89,1.08,2,407,4008,3,21,31.5,4076,0,173.3,-0.04,0,0,NORMAL,None,8.0,97.3
2026-09-01 02:54:55,IN-DELHI-01,29.9,67.0,34.9,1006.5,166.5,0.95,-0.17,10.72,10.77,0.96,91,1492,3933,5,11,16.5,4072,0,190.6,0.0,0,4,HAZARDOUS_AIR_POLLUTION,Severe,82.9,91.8
2026-09-01 02:55:00,IN-DELHI-01,25.0,67.0,27.7,1003.2,194.5,1.05,-0.14,10.79,10.84,1.03,112,1744,4051,1,28,42.0,4095,0,183.8,0.0,0,4,HAZARDOUS_AIR_POLLUTION,Severe,85.4,96.2
2026-09-01 02:55:05,IN-DELHI-01,29.6,46.9,31.6,1002.3,202.5,0.97,-0.12,10.83,10.87,1.06,3,410,4048,1,12,18.0,4094,0,176.3,0.08,0,0,NORMAL,None,9.4,92.0
2026-09-01 02:55:10,IN-DELHI-01,39.6,17.4,39.6,994.5,267.7,1.13,-0.16,10.95,11.01,1.2,105,1292,4080,0,5,7.5,4095,0,186.7,0.0,0,3,WILDFIRE,Severe,83.6,87.2
2026-09-01 02:55:15,IN-DELHI-01,29.5,45.9,31.3,1000.2,219.8,1.02,-0.16,10.84,10.89,1.08,3,410,4095,0,19,28.5,4089,0,187.3,0.17,0,0,NORMAL,None,8.7,98.3
2026-09-01 02:55:20,IN-DELHI-01,27.4,59.4,30.1,1005.0,179.3,1.13,-0.1,10.7,10.76,0.95,138,2056,3874,7,21,31.5,4064,1,184.1,0.0,0,4,HAZARDOUS_AIR_POLLUTION,Severe,88.6,95.4
2026-09-01 02:55:25,IN-DELHI-01,29.9,55.8,33.3,1001.8,206.9,1.06,-0.24,10.78,10.84,1.03,4,414,4095,0,1,1.5,4059,1,197.9,-0.06,0,0,NORMAL,None,17.1,98.4
2026-09-01 02:55:30,IN-DELHI-01,21.9,91.5,25.5,988.7,316.5,1.4,-0.39,10.88,10.98,1.17,10,435,1349,98,369,664.2,1238,98,34.4,-14.85,1,1,FLASH_FLOOD,Severe,93.1,95.9
2026-09-01 02:55:35,IN-DELHI-01,25.5,52.0,26.7,1000.1,220.9,1.03,-0.13,10.72,10.77,0.96,12,442,4058,1,6,9.0,4057,1,189.1,-0.08,1,0,NORMAL,None,12.6,94.9
2026-09-01 02:55:40,IN-DELHI-01,29.5,49.5,31.8,1001.4,210.0,1.05,-0.27,10.65,10.71,0.9,0,400,4056,1,12,18.0,4067,0,193.8,0.08,0,0,NORMAL,None,4.6,96.4
2026-09-01 02:55:45,IN-DELHI-01,22.6,87.3,26.1,992.7,283.2,-4.9,-2.62,11.4,12.68,2.87,7,424,1319,99,209,334.4,1670,83,140.7,-3.35,0,2,LANDSLIDE_PRECURSOR,Extreme,85.2,91.4
2026-09-01 02:55:50,IN-DELHI-01,43.6,18.3,44.6,996.4,252.4,1.15,-0.24,10.83,10.9,1.09,93,1190,4074,0,7,10.5,4095,0,184.8,0.0,0,3,WILDFIRE,Extreme,97.5,93.2
2026-09-01 02:55:55,IN-DELHI-01,22.5,64.1,23.9,1003.6,191.5,1.04,-0.15,10.85,10.9,1.09,24,496,2104,71,731,1425.5,3078,35,61.4,-2.45,0,5,WATER_CONTAMINATION,Severe,93.5,87.9
2026-09-01 02:56:00,IN-DELHI-01,22.2,94.3,26.1,988.0,322.5,1.24,-0.53,10.74,10.82,1.01,9,431,1315,99,304,547.2,1356,94,69.4,-14.22,0,1,FLASH_FLOOD,Severe,86.1,95.9
2026-09-01 02:56:05,IN-DELHI-01,25.5,73.4,29.1,1001.4,210.1,1.08,-0.2,10.67,10.73,0.92,14,456,1849,80,709,1382.5,2895,41,55.6,-0.73,0,5,WATER_CONTAMINATION,Severe,92.7,88.0
2026-09-01 02:56:10,IN-DELHI-01,27.1,51.1,28.7,1000.4,218.6,1.11,-0.08,10.88,10.93,1.12,2,407,4086,0,2,3.0,4027,2,196.8,-0.1,0,0,NORMAL,None,6.4,96.5
2026-09-01 02:56:15,IN-DELHI-01,32.2,51.7,36.0,1001.2,211.2,1.09,-0.11,10.86,10.92,1.11,8,428,4060,1,11,16.5,4065,1,185.5,0.12,0,0,NORMAL,None,14.3,98.2
2026-09-01 02:56:20,IN-DELHI-01,28.6,50.6,30.8,1002.5,201.0,1.25,-0.24,10.74,10.82,1.01,5,417,4030,2,9,13.5,4054,1,185.2,0.13,0,0,NORMAL,None,12.1,99.0
2026-09-01 02:56:25,IN-DELHI-01,28.5,52.2,30.8,1001.0,212.9,1.2,-0.18,10.66,10.73,0.92,1,403,3994,3,14,21.0,4078,0,174.7,0.25,0,0,NORMAL,None,13.7,96.6
2026-09-01 02:56:30,IN-DELHI-01,26.8,70.1,30.6,1004.9,180.2,1.05,-0.24,10.69,10.75,0.94,85,1420,3954,5,0,0.0,4042,1,192.6,0.0,0,4,HAZARDOUS_AIR_POLLUTION,Severe,82.2,97.6
2026-09-01 02:56:35,IN-DELHI-01,21.0,88.2,23.9,995.1,263.1,-3.98,-2.71,10.45,11.51,1.7,12,442,1311,99,289,462.4,1655,84,132.6,-4.31,0,2,LANDSLIDE_PRECURSOR,Extreme,96.3,92.3
2026-09-01 02:56:40,IN-DELHI-01,23.0,87.6,26.7,993.2,279.1,-3.86,-1.81,11.68,12.43,2.62,15,452,1248,100,264,422.4,1210,99,117.5,-4.75,1,2,LANDSLIDE_PRECURSOR,Extreme,99.0,90.6
2026-09-01 02:56:45,IN-DELHI-01,27.7,65.7,31.4,1001.2,211.3,1.14,-0.19,10.69,10.75,0.94,13,452,1627,88,742,1446.9,3901,6,35.2,-2.31,0,5,WATER_CONTAMINATION,Severe,93.9,94.7
2026-09-01 02:56:50,IN-DELHI-01,28.4,71.8,33.2,1004.2,186.4,1.03,-0.08,10.78,10.83,1.02,159,2308,3967,4,21,31.5,4095,0,173.4,0.0,0,4,HAZARDOUS_AIR_POLLUTION,Severe,91.1,92.0
2026-09-01 02:56:55,IN-DELHI-01,45.4,15.8,46.1,995.9,256.5,1.06,-0.05,10.73,10.78,0.97,75,1037,4075,0,1,1.5,4095,0,186.0,0.0,0,3,WILDFIRE,Extreme,98.0,92.1
2026-09-01 02:57:00,IN-DELHI-01,26.2,47.3,27.2,1002.8,198.0,1.32,-0.2,10.89,10.97,1.16,0,400,4050,1,0,0.0,4053,1,189.4,-0.11,0,0,NORMAL,None,11.8,97.5
2026-09-01 02:57:05,IN-DELHI-01,22.5,91.1,26.4,990.4,303.0,4.49,1.97,11.34,12.36,2.55,15,452,1282,100,206,329.6,1574,87,133.3,-5.51,0,2,LANDSLIDE_PRECURSOR,Extreme,90.0,93.9
2026-09-01 02:57:10,IN-DELHI-01,29.4,48.5,31.6,1000.6,216.7,1.1,-0.16,10.69,10.74,0.93,0,400,4043,1,11,16.5,4062,1,190.9,0.06,0,0,NORMAL,None,14.0,98.5
2026-09-01 02:57:15,IN-DELHI-01,30.2,56.6,33.8,1001.2,211.6,1.04,-0.15,10.78,10.83,1.02,10,435,4095,0,11,16.5,4095,0,181.9,-0.02,0,0,NORMAL,None,13.7,93.8
2026-09-01 02:57:20,IN-DELHI-01,22.3,95.2,26.4,993.0,280.7,3.8,1.77,9.8,10.66,0.85,4,414,1278,100,288,460.8,1340,95,144.6,-4.06,0,2,LANDSLIDE_PRECURSOR,Extreme,94.5,88.3
2026-09-01 02:57:25,IN-DELHI-01,43.5,20.3,45.1,993.5,276.5,1.11,-0.09,10.63,10.69,0.88,97,1224,4076,0,6,9.0,4095,0,197.5,0.0,0,3,WILDFIRE,Extreme,97.3,91.9
2026-09-01 02:57:30,IN-DELHI-01,27.3,57.8,29.9,1008.1,153.0,1.15,-0.15,10.78,10.84,1.03,159,2308,3870,8,3,4.5,4075,0,170.8,0.0,1,4,HAZARDOUS_AIR_POLLUTION,Severe,91.1,92.6
2026-09-01 02:57:35,IN-DELHI-01,27.5,53.0,29.6,1004.6,183.3,1.26,-0.3,10.68,10.76,0.95,1,403,4049,1,13,19.5,4040,1,172.6,0.34,0,0,NORMAL,None,12.8,92.2
2026-09-01 02:57:40,IN-DELHI-01,28.4,46.9,30.0,1000.8,215.2,1.05,-0.19,10.65,10.71,0.9,12,442,4038,2,1,1.5,4079,0,180.2,-0.13,0,0,NORMAL,None,2.4,92.6
2026-09-01 02:57:45,IN-DELHI-01,27.5,54.3,29.7,1001.7,207.4,0.98,-0.15,10.61,10.66,0.85,4,414,4036,2,7,10.5,4060,1,190.3,0.08,0,0,NORMAL,None,15.8,98.0
2026-09-01 02:57:50,IN-DELHI-01,25.1,42.1,25.2,1000.7,216.0,1.16,-0.2,10.67,10.74,0.93,5,417,4043,1,12,18.0,4088,0,183.8,0.19,0,0,NORMAL,None,8.3,92.5
2026-09-01 02:57:55,IN-DELHI-01,22.7,60.9,23.9,1007.2,161.4,1.06,-0.13,10.86,10.91,1.1,149,2188,3975,4,17,25.5,4006,3,182.4,0.0,1,4,HAZARDOUS_AIR_POLLUTION,Severe,89.9,95.8
2026-09-01 02:58:00,IN-DELHI-01,26.7,77.1,31.3,1002.8,197.8,1.11,-0.19,10.7,10.76,0.95,193,2716,4002,3,17,25.5,4029,2,182.1,0.0,0,4,HAZARDOUS_AIR_POLLUTION,Extreme,95.2,98.0
2026-09-01 02:58:05,IN-DELHI-01,38.7,14.2,38.7,997.0,246.6,1.1,-0.24,10.62,10.68,0.87,142,1607,4095,0,1,1.5,4095,0,188.9,0.0,0,3,WILDFIRE,Severe,80.4,88.4
2026-09-01 02:58:10,IN-DELHI-01,29.5,50.5,32.0,1000.7,215.9,1.11,-0.19,10.59,10.65,0.84,0,400,4063,1,8,12.0,4092,0,188.4,0.03,0,0,NORMAL,None,7.1,97.2
2026-09-01 02:58:15,IN-DELHI-01,25.0,85.3,29.5,995.1,263.0,7.03,2.57,11.28,13.54,3.73,6,421,1256,100,111,177.6,1603,86,109.0,-6.9,0,2,LANDSLIDE_PRECURSOR,Extreme,85.6,92.6
2026-09-01 02:58:20,IN-DELHI-01,26.3,56.2,28.3,1000.5,217.1,1.12,-0.15,10.9,10.95,1.14,5,417,4019,2,8,12.0,4053,1,172.5,0.32,0,0,NORMAL,None,11.6,97.4
2026-09-01 02:58:25,IN-DELHI-01,42.5,18.5,43.2,997.7,241.3,0.99,-0.2,10.81,10.86,1.05,112,1352,4081,0,8,12.0,4095,0,185.9,0.0,1,3,WILDFIRE,Extreme,93.7,92.2
2026-09-01 02:58:30,IN-DELHI-01,26.4,67.0,29.6,1006.8,164.7,0.95,-0.16,10.81,10.85,1.04,216,2992,3941,5,24,36.0,4049,1,183.7,0.0,1,4,HAZARDOUS_AIR_POLLUTION,Extreme,97.9,92.7
2026-09-01 02:58:35,IN-DELHI-01,25.2,90.7,30.3,982.4,370.3,1.2,-0.39,10.78,10.85,1.04,9,431,1384,96,419,754.2,1219,99,15.0,-13.99,0,1,FLASH_FLOOD,Extreme,97.0,89.6
2026-09-01 02:58:40,IN-DELHI-01,25.8,66.4,28.7,1001.8,206.2,1.04,-0.11,10.68,10.73,0.92,16,464,1927,77,493,961.4,2510,54,100.0,-1.32,0,5,WATER_CONTAMINATION,Severe,84.2,92.6
2026-09-01 02:58:45,IN-DELHI-01,30.6,51.4,33.7,1000.8,214.6,1.09,-0.26,10.81,10.87,1.06,3,410,4095,0,11,16.5,4095,0,190.2,0.42,0,0,NORMAL,None,8.5,92.6
2026-09-01 02:58:50,IN-DELHI-01,20.5,87.9,23.1,993.8,274.3,3.65,2.37,11.12,11.94,2.13,11,438,1276,100,270,432.0,1532,88,132.0,-3.0,0,2,LANDSLIDE_PRECURSOR,Extreme,95.9,88.4
2026-09-01 02:58:55,IN-DELHI-01,27.6,48.4,29.1,1002.8,197.7,1.01,-0.26,10.78,10.83,1.02,2,407,4095,0,17,25.5,4095,0,175.5,-0.22,0,0,NORMAL,None,11.8,95.4
2026-09-01 02:59:00,IN-DELHI-01,24.9,47.1,25.4,1001.8,206.7,1.07,-0.17,10.66,10.71,0.9,12,442,4033,2,9,13.5,4042,1,184.2,0.13,0,0,NORMAL,None,4.3,94.8
2026-09-01 02:59:05,IN-DELHI-01,39.7,19.8,40.1,998.7,232.6,1.03,-0.1,10.92,10.96,1.15,163,1785,4086,0,6,9.0,4095,0,178.1,0.0,0,3,WILDFIRE,Severe,84.0,89.7
2026-09-01 02:59:10,IN-DELHI-01,29.7,58.1,33.4,1000.1,220.5,1.06,-0.2,10.77,10.82,1.01,1,403,4029,2,19,28.5,4087,0,186.9,0.04,0,0,NORMAL,None,14.1,93.9
2026-09-01 02:59:15,IN-DELHI-01,25.9,64.1,28.6,999.0,230.2,1.12,-0.22,10.98,11.04,1.23,23,492,1597,89,567,1105.6,3499,20,55.4,-0.0,0,5,WATER_CONTAMINATION,Severe,87.1,87.1
2026-09-01 02:59:20,IN-DELHI-01,28.1,48.9,29.9,1000.6,216.5,1.02,-0.11,10.53,10.58,0.77,4,414,4055,1,10,15.0,4095,0,188.9,-0.06,0,0,NORMAL,None,7.8,92.9
2026-09-01 02:59:25,IN-DELHI-01,26.5,55.8,28.5,1000.9,214.5,1.13,-0.08,10.78,10.84,1.03,17,459,4013,2,10,15.0,4095,0,185.6,-0.18,0,0,NORMAL,None,7.1,95.0
2026-09-01 02:59:30,IN-DELHI-01,27.9,50.1,29.8,1000.3,219.2,0.94,-0.25,10.62,10.66,0.85,1,403,4046,1,3,4.5,4062,1,173.7,0.08,0,0,NORMAL,None,14.2,99.0
2026-09-01 02:59:35,IN-DELHI-01,22.1,91.3,25.8,987.7,325.5,0.88,-0.24,10.76,10.79,0.98,12,442,1441,94,380,684.0,1121,100,27.9,-12.83,0,1,FLASH_FLOOD,Extreme,94.4,89.3
2026-09-01 02:59:40,IN-DELHI-01,23.3,89.2,27.3,986.9,332.5,1.18,-0.35,10.65,10.72,0.91,2,407,1343,98,249,448.2,1282,97,37.2,-15.65,0,1,FLASH_FLOOD,Severe,92.6,92.7
2026-09-01 02:59:45,IN-DELHI-01,27.3,57.0,29.8,999.6,224.8,0.94,-0.18,10.88,10.92,1.11,2,407,4016,2,11,16.5,4085,0,183.5,-0.12,0,0,NORMAL,None,4.9,96.9
2026-09-01 02:59:50,IN-DELHI-01,19.9,88.2,22.3,990.9,298.1,5.97,1.4,10.6,12.25,2.44,5,417,1316,99,225,360.0,1605,86,89.3,-5.69,0,2,LANDSLIDE_PRECURSOR,Extreme,90.5,91.7
2026-09-01 02:59:55,IN-DELHI-01,30.1,50.3,32.8,1000.2,219.6,1.11,-0.16,10.88,10.94,1.13,1,403,4095,0,0,0.0,4052,1,190.2,-0.07,1,0,NORMAL,None,3.6,92.8
2026-09-01 03:00:00,IN-DELHI-01,30.6,54.6,34.2,1001.1,212.4,0.96,-0.1,10.7,10.74,0.93,2,407,4068,0,15,22.5,4081,0,162.6,-0.21,0,0,NORMAL,None,15.0,93.0
2026-09-01 03:00:05,IN-DELHI-01,25.9,55.3,27.6,1005.1,179.0,1.06,-0.13,10.72,10.78,0.97,225,3100,3949,5,13,19.5,4043,1,183.6,0.0,1,4,HAZARDOUS_AIR_POLLUTION,Extreme,99.0,91.1
2026-09-01 03:00:10,IN-DELHI-01,28.8,50.1,30.9,1000.3,219.2,1.0,-0.26,10.67,10.72,0.91,4,414,4036,2,2,3.0,4068,0,197.6,-0.11,0,0,NORMAL,None,11.2,93.1
2026-09-01 03:00:15,IN-DELHI-01,24.7,55.5,26.0,998.4,235.5,1.05,-0.27,10.67,10.72,0.91,1,403,4064,1,2,3.0,4069,0,175.5,-0.21,0,0,NORMAL,None,16.0,93.2
2026-09-01 03:00:20,IN-DELHI-01,22.6,68.8,24.4,1001.8,206.4,1.04,-0.22,10.73,10.78,0.97,9,436,2080,72,759,1480.0,3016,37,68.3,-0.76,0,5,WATER_CONTAMINATION,Severe,94.6,86.6
2026-09-01 03:00:25,IN-DELHI-01,44.1,20.9,46.1,996.6,250.3,1.03,-0.21,10.67,10.73,0.92,141,1598,4090,0,3,4.5,4095,0,193.8,0.0,0,3,WILDFIRE,Extreme,98.0,90.1
2026-09-01 03:00:30,IN-DELHI-01,23.3,91.5,27.6,990.0,305.6,1.26,-0.11,10.81,10.88,1.07,16,456,1357,97,326,586.8,1290,96,45.4,-11.23,0,1,FLASH_FLOOD,Severe,90.9,89.5
2026-09-01 03:00:35,IN-DELHI-01,21.3,88.5,24.3,990.2,304.4,6.43,3.37,9.02,11.58,1.77,10,435,1331,98,272,435.2,1731,81,115.0,-3.65,0,2,LANDSLIDE_PRECURSOR,Extreme,89.5,88.8
2026-09-01 03:00:40,IN-DELHI-01,23.9,68.9,26.3,1003.5,191.8,1.08,-0.2,10.78,10.84,1.03,9,436,1775,83,610,1189.5,2695,48,84.6,-0.93,0,5,WATER_CONTAMINATION,Severe,88.8,85.4
2026-09-01 03:00:45,IN-DELHI-01,30.6,48.2,33.2,1002.0,205.2,1.05,-0.2,10.81,10.86,1.05,1,403,4095,0,17,25.5,4069,0,190.7,-0.05,0,0,NORMAL,None,17.5,98.5
2026-09-01 03:00:50,IN-DELHI-01,23.3,96.4,28.0,986.5,335.6,1.2,-0.2,11.28,11.34,1.53,13,445,1354,98,290,522.0,1229,98,33.0,-13.36,0,1,FLASH_FLOOD,Severe,93.4,93.4
2026-09-01 03:00:55,IN-DELHI-01,24.6,94.3,29.8,989.5,310.0,0.97,-0.02,10.48,10.53,0.72,16,456,1369,97,287,516.6,1257,98,85.5,-15.25,0,1,FLASH_FLOOD,Severe,82.9,92.9
2026-09-01 03:01:00,IN-DELHI-01,29.9,47.2,32.1,1000.5,217.7,0.97,-0.13,10.69,10.73,0.92,4,414,4056,1,9,13.5,4084,0,189.1,0.2,0,0,NORMAL,None,4.8,95.9
2026-09-01 03:01:05,IN-DELHI-01,26.4,50.0,27.7,1006.5,166.8,1.08,-0.19,10.61,10.66,0.85,126,1912,3974,4,19,28.5,4036,2,175.9,0.0,1,4,HAZARDOUS_AIR_POLLUTION,Severe,87.1,93.5
2026-09-01 03:01:10,IN-DELHI-01,28.3,54.3,30.9,1001.8,206.2,0.92,-0.07,10.61,10.65,0.84,2,407,4018,2,11,16.5,4048,1,183.9,-0.07,0,0,NORMAL,None,15.1,95.9
2026-09-01 03:01:15,IN-DELHI-01,40.5,21.0,41.4,997.7,241.3,1.16,-0.18,10.84,10.91,1.1,107,1309,4095,0,5,7.5,4095,0,187.8,0.0,0,3,WILDFIRE,Severe,86.7,87.3
2026-09-01 03:01:20,IN-DELHI-01,21.1,83.6,23.6,991.8,291.1,4.61,2.1,10.0,11.21,1.4,17,459,1207,100,324,518.4,1443,91,114.9,-2.52,0,2,LANDSLIDE_PRECURSOR,Extreme,96.6,90.6
2026-09-01 03:01:25,IN-DELHI-01,28.4,47.1,30.1,1002.1,204.3,1.03,-0.21,10.81,10.86,1.05,1,403,4083,0,6,9.0,4067,0,182.4,-0.08,0,0,NORMAL,None,17.5,93.6
2026-09-01 03:01:30,IN-DELHI-01,41.1,22.4,42.5,999.3,227.3,0.99,-0.24,10.57,10.62,0.81,141,1598,4092,0,0,0.0,4095,0,191.9,0.0,0,3,WILDFIRE,Severe,88.8,93.7
2026-09-01 03:01:35,IN-DELHI-01,30.0,44.4,31.8,1002.6,199.4,1.14,-0.1,10.66,10.72,0.91,8,428,3962,4,14,21.0,4030,2,187.3,-0.29,0,0,NORMAL,None,10.2,97.8
2026-09-01 03:01:40,IN-DELHI-01,23.6,77.7,26.8,998.4,235.2,0.98,-0.19,10.59,10.63,0.82,7,428,2054,73,676,1318.2,3340,26,52.1,-2.9,0,5,WATER_CONTAMINATION,Severe,91.4,85.9
2026-09-01 03:01:45,IN-DELHI-01,18.1,84.4,19.6,989.7,308.2,5.82,1.75,10.33,11.98,2.17,12,442,1311,99,264,422.4,1648,84,122.7,-4.11,0,2,LANDSLIDE_PRECURSOR,Extreme,92.3,87.5
2026-09-01 03:01:50,IN-DELHI-01,25.8,65.1,28.6,1000.6,216.6,1.04,-0.18,10.66,10.71,0.9,2,407,4060,1,4,6.0,4059,1,189.6,0.07,0,0,NORMAL,None,8.3,96.1
2026-09-01 03:01:55,IN-DELHI-01,25.1,83.6,29.6,992.5,285.3,-3.62,-2.26,10.54,11.37,1.56,21,473,1246,100,223,356.8,1530,88,99.5,-0.83,0,2,LANDSLIDE_PRECURSOR,Extreme,98.8,87.6
2026-09-01 03:02:00,IN-DELHI-01,29.8,52.2,32.6,1000.0,221.3,1.15,-0.14,10.67,10.73,0.92,3,410,4036,2,12,18.0,4063,1,188.0,-0.02,0,0,NORMAL,None,14.6,98.0
2026-09-01 03:02:05,IN-DELHI-01,23.2,97.7,27.9,985.7,342.1,1.15,-0.0,11.23,11.29,1.48,17,459,1476,93,340,612.0,1233,98,78.2,-6.08,0,1,FLASH_FLOOD,Severe,84.4,94.2
2026-09-01 03:02:10,IN-DELHI-01,27.0,48.6,28.3,1000.4,218.0,1.04,-0.25,10.62,10.67,0.86,24,484,4014,2,1,1.5,4081,0,165.1,0.14,0,0,NORMAL,None,14.8,95.0
2026-09-01 03:02:15,IN-DELHI-01,23.2,52.1,23.8,1001.8,206.6,1.09,-0.17,10.99,11.05,1.24,0,400,4076,0,11,16.5,4042,1,175.9,-0.25,0,0,NORMAL,None,6.5,94.7
2026-09-01 03:02:20,IN-DELHI-01,17.3,92.9,19.0,993.8,274.3,5.04,1.13,10.92,12.08,2.27,13,445,1247,100,255,408.0,1481,90,131.2,-2.23,0,2,LANDSLIDE_PRECURSOR,Extreme,96.7,90.6
2026-09-01 03:02:25,IN-DELHI-01,27.6,48.3,29.1,1000.9,214.5,0.96,-0.2,10.82,10.86,1.05,2,407,4058,1,16,24.0,4051,1,182.0,0.24,0,0,NORMAL,None,10.0,93.2
2026-09-01 03:02:30,IN-DELHI-01,26.8,45.4,27.7,1001.8,206.5,1.15,-0.12,10.89,10.95,1.14,3,410,3995,3,4,6.0,4095,0,174.2,0.07,0,0,NORMAL,None,2.2,96.9
2026-09-01 03:02:35,IN-DELHI-01,28.8,54.8,31.6,1004.1,187.3,1.05,-0.19,10.69,10.74,0.93,1,403,3966,4,11,16.5,4049,1,189.1,-0.08,0,0,NORMAL,None,15.2,93.9
2026-09-01 03:02:40,IN-DELHI-01,27.5,65.8,31.1,1000.8,214.6,1.06,-0.21,10.85,10.91,1.1,24,496,1699,85,706,1376.7,2977,38,76.5,-2.13,0,5,WATER_CONTAMINATION,Severe,92.5,89.0
2026-09-01 03:02:45,IN-DELHI-01,29.9,58.7,33.7,1004.6,182.9,1.09,-0.23,10.77,10.82,1.01,135,2020,3999,3,17,25.5,4058,1,179.6,0.0,0,4,HAZARDOUS_AIR_POLLUTION,Severe,88.2,97.9
2026-09-01 03:02:50,IN-DELHI-01,26.3,66.1,29.3,1007.5,158.6,1.02,-0.14,10.8,10.85,1.04,202,2824,4034,2,18,27.0,4037,2,178.6,0.0,1,4,HAZARDOUS_AIR_POLLUTION,Extreme,96.2,94.7
2026-09-01 03:02:55,IN-DELHI-01,24.0,87.9,28.3,991.5,293.7,-0.93,-0.61,11.54,11.6,1.79,11,438,1289,100,238,380.8,1545,88,141.5,-5.99,0,2,LANDSLIDE_PRECURSOR,Extreme,94.0,90.5
2026-09-01 03:03:00,IN-DELHI-01,25.9,64.1,28.5,1006.3,168.5,1.01,-0.29,10.88,10.93,1.12,163,2356,3991,3,23,34.5,4094,0,179.9,0.0,1,4,HAZARDOUS_AIR_POLLUTION,Severe,91.6,95.9
2026-09-01 03:03:05,IN-DELHI-01,42.2,19.0,43.1,995.8,257.1,1.12,-0.31,10.78,10.85,1.04,129,1496,4089,0,2,3.0,4095,0,191.7,0.0,0,3,WILDFIRE,Extreme,92.9,90.6
2026-09-01 03:03:10,IN-DELHI-01,41.8,15.1,41.8,997.0,246.8,1.03,-0.24,10.71,10.76,0.95,114,1369,4089,0,6,9.0,4095,0,180.7,0.0,0,3,WILDFIRE,Severe,91.2,94.8
2026-09-01 03:03:15,IN-DELHI-01,38.2,18.3,38.2,997.7,241.3,0.95,-0.15,10.63,10.67,0.86,107,1309,4067,1,7,10.5,4095,0,186.0,0.0,0,3,WILDFIRE,Severe,78.9,97.5
2026-09-01 03:03:20,IN-DELHI-01,24.1,50.8,24.8,1007.5,158.3,1.02,-0.21,10.84,10.89,1.08,106,1672,3916,6,9,13.5,4059,1,174.6,0.0,1,4,HAZARDOUS_AIR_POLLUTION,Severe,84.7,93.9
2026-09-01 03:03:25,IN-DELHI-01,43.2,16.8,43.7,995.4,260.5,0.89,-0.21,10.64,10.68,0.87,119,1411,4060,1,6,9.0,4095,0,179.2,0.0,0,3,WILDFIRE,Extreme,96.3,89.9
2026-09-01 03:03:30,IN-DELHI-01,23.4,86.8,27.3,988.6,317.6,-3.32,-3.44,12.17,13.08,3.27,15,452,1265,100,147,235.2,1715,82,143.1,-5.97,0,2,LANDSLIDE_PRECURSOR,Extreme,87.7,91.1
2026-09-01 03:03:35,IN-DELHI-01,27.0,59.1,29.6,1004.1,186.8,1.09,-0.11,10.75,10.81,1.0,32,528,1752,83,678,1322.1,2759,46,99.6,-1.0,0,5,WATER_CONTAMINATION,Severe,91.4,93.6
2026-09-01 03:03:40,IN-DELHI-01,24.6,65.7,26.9,1003.2,194.4,1.05,-0.2,10.71,10.76,0.95,23,492,1852,80,687,1339.6,2943,39,74.7,-1.39,0,5,WATER_CONTAMINATION,Severe,91.8,88.5
2026-09-01 03:03:45,IN-DELHI-01,23.5,95.3,28.2,990.0,306.2,1.09,-0.23,10.7,10.76,0.95,17,459,1380,97,260,468.0,1307,96,46.1,-10.09,0,1,FLASH_FLOOD,Severe,90.8,88.3
2026-09-01 03:03:50,IN-DELHI-01,26.8,59.1,29.3,1000.2,219.9,1.1,-0.19,10.7,10.76,0.95,1,403,4054,1,18,27.0,4051,1,197.5,-0.15,0,0,NORMAL,None,12.8,98.3
2026-09-01 03:03:55,IN-DELHI-01,26.3,54.3,28.0,1001.8,206.9,1.01,-0.08,10.67,10.72,0.91,1,403,4083,0,10,15.0,4036,2,185.3,0.29,0,0,NORMAL,None,10.2,98.0
2026-09-01 03:04:00,IN-DELHI-01,29.0,59.2,32.4,1006.1,170.3,1.03,-0.18,10.76,10.81,1.0,184,2608,3966,4,25,37.5,4064,1,177.8,0.0,0,4,HAZARDOUS_AIR_POLLUTION,Extreme,94.1,92.0
2026-09-01 03:04:05,IN-DELHI-01,23.1,92.3,27.4,986.2,337.8,1.31,-0.3,10.55,10.63,0.82,14,449,1361,97,372,669.6,1205,99,61.2,-10.82,0,1,FLASH_FLOOD,Severe,87.8,97.0
2026-09-01 03:04:10,IN-DELHI-01,23.2,91.4,27.5,990.9,298.5,1.22,-0.1,11.12,11.19,1.38,20,470,1326,99,333,599.4,1293,96,36.4,-11.27,0,1,FLASH_FLOOD,Severe,92.7,89.2
2026-09-01 03:04:15,IN-DELHI-01,30.5,55.0,34.1,1002.7,198.9,1.15,-0.31,10.59,10.66,0.85,0,400,4095,0,18,27.0,4045,1,182.9,0.11,1,0,NORMAL,None,4.5,96.3
2026-09-01 03:04:20,IN-DELHI-01,22.6,66.3,24.2,1002.6,199.8,1.0,-0.11,10.65,10.69,0.88,15,460,1921,77,726,1415.7,2900,41,82.0,-2.45,0,5,WATER_CONTAMINATION,Severe,93.3,85.4
2026-09-01 03:04:25,IN-DELHI-01,24.4,85.4,28.6,997.0,247.2,6.95,1.16,9.95,12.2,2.39,9,431,1341,98,248,396.8,1660,84,146.4,-0.8,1,2,LANDSLIDE_PRECURSOR,Extreme,98.2,88.0
2026-09-01 03:04:30,IN-DELHI-01,31.5,54.2,35.4,999.6,224.7,1.12,-0.22,10.61,10.67,0.86,0,400,4036,2,0,0.0,4075,0,186.9,0.03,0,0,NORMAL,None,15.2,97.2
2026-09-01 03:04:35,IN-DELHI-01,43.2,19.1,44.3,995.3,261.7,1.09,-0.16,10.66,10.71,0.9,65,952,4082,0,0,0.0,4095,0,185.8,0.0,0,3,WILDFIRE,Extreme,96.2,97.5
2026-09-01 03:04:40,IN-DELHI-01,23.2,92.6,27.4,986.2,338.1,1.19,-0.06,10.92,10.99,1.18,9,431,1398,96,283,509.4,1143,100,37.5,-8.77,1,1,FLASH_FLOOD,Severe,92.5,93.1
2026-09-01 03:04:45,IN-DELHI-01,24.0,93.1,28.8,988.4,319.4,0.84,-0.36,10.74,10.78,0.97,11,438,1404,96,312,561.6,1240,98,26.2,-4.68,0,1,FLASH_FLOOD,Extreme,94.8,90.7
2026-09-01 03:04:50,IN-DELHI-01,22.3,91.6,26.0,987.6,326.3,1.2,-0.02,11.06,11.12,1.31,12,442,1352,98,359,646.2,1203,99,51.0,-11.34,0,1,FLASH_FLOOD,Severe,89.8,94.2
2026-09-01 03:04:55,IN-DELHI-01,26.4,63.3,29.1,997.9,239.4,0.89,-0.2,10.76,10.8,0.99,13,452,1897,78,440,858.0,3005,37,87.5,-2.19,0,5,WATER_CONTAMINATION,Severe,82.2,85.7
2026-09-01 03:05:00,IN-DELHI-01,22.0,83.9,25.0,994.9,264.8,4.63,1.26,11.18,12.16,2.35,8,428,1244,100,202,323.2,1565,87,133.4,0.07,0,2,LANDSLIDE_PRECURSOR,Extreme,88.2,88.3
2026-09-01 03:05:05,IN-DELHI-01,23.2,66.7,25.1,1002.0,204.4,1.11,-0.25,10.62,10.68,0.87,19,476,2097,71,694,1353.3,3494,20,104.4,-2.1,0,5,WATER_CONTAMINATION,Severe,92.1,89.8
2026-09-01 03:05:10,IN-DELHI-01,44.7,14.2,44.7,994.4,268.6,1.09,-0.09,10.76,10.82,1.01,149,1666,4087,0,5,7.5,4095,0,190.6,0.0,0,3,WILDFIRE,Extreme,98.0,89.0
2026-09-01 03:05:15,IN-DELHI-01,23.5,89.3,27.7,992.3,287.0,3.77,1.16,12.65,13.25,3.44,12,442,1231,100,271,433.6,1453,91,180.0,-3.58,0,2,LANDSLIDE_PRECURSOR,Extreme,90.2,86.9
2026-09-01 03:05:20,IN-DELHI-01,27.3,55.0,29.6,1002.3,201.9,0.91,-0.22,10.73,10.77,0.96,156,2272,4003,3,3,4.5,4041,1,172.1,0.0,1,4,HAZARDOUS_AIR_POLLUTION,Severe,90.7,90.5
2026-09-01 03:05:25,IN-DELHI-01,36.5,19.4,36.5,995.6,259.0,0.95,-0.18,10.66,10.7,0.89,117,1394,4083,0,9,13.5,4095,0,186.7,0.0,0,3,WILDFIRE,Severe,75.0,90.3
2026-09-01 03:05:30,IN-DELHI-01,23.7,87.6,27.9,991.0,297.7,7.64,3.08,9.25,12.38,2.57,8,428,1264,100,172,275.2,1581,86,156.3,-6.28,0,2,LANDSLIDE_PRECURSOR,Extreme,85.2,89.4
2026-09-01 03:05:35,IN-DELHI-01,43.1,22.8,45.3,994.9,264.7,1.1,-0.16,10.67,10.72,0.91,66,961,4078,0,7,10.5,4095,0,196.6,0.0,1,3,WILDFIRE,Extreme,96.0,91.9
2026-09-01 03:05:40,IN-DELHI-01,25.0,52.5,26.1,1000.2,219.6,1.19,-0.24,10.83,10.9,1.09,5,417,4040,1,3,4.5,4095,0,185.6,-0.1,0,0,NORMAL,None,5.9,96.5
2026-09-01 03:05:45,IN-DELHI-01,22.2,86.6,25.5,992.5,284.7,4.81,1.03,10.73,11.81,2.0,10,435,1321,99,231,369.6,1515,89,128.9,-3.23,0,2,LANDSLIDE_PRECURSOR,Extreme,92.3,91.5
2026-09-01 03:05:50,IN-DELHI-01,20.4,92.5,23.3,990.9,298.2,-2.41,-0.63,10.74,11.03,1.22,12,442,1282,100,313,500.8,1612,85,97.0,-4.6,0,2,LANDSLIDE_PRECURSOR,Extreme,93.7,89.4
2026-09-01 03:05:55,IN-DELHI-01,27.0,52.5,28.8,1002.0,204.8,1.15,-0.16,10.57,10.63,0.82,1,403,4036,2,13,19.5,4078,0,188.9,0.03,0,0,NORMAL,None,6.3,94.9
2026-09-01 03:06:00,IN-DELHI-01,28.4,45.9,29.9,1001.2,211.6,1.0,-0.1,10.71,10.76,0.95,6,421,4017,2,3,4.5,4073,0,179.1,-0.04,0,0,NORMAL,None,2.4,94.7
2026-09-01 03:06:05,IN-DELHI-01,26.6,47.7,27.7,1001.0,213.3,1.16,-0.16,10.75,10.82,1.01,0,400,4065,1,13,19.5,4075,0,184.7,-0.14,0,0,NORMAL,None,5.5,92.5
2026-09-01 03:06:10,IN-DELHI-01,27.3,68.2,31.1,1002.8,197.9,1.09,-0.17,10.79,10.85,1.04,13,452,1793,82,699,1363.0,3812,9,76.8,-0.83,1,5,WATER_CONTAMINATION,Severe,92.3,93.5
2026-09-01 03:06:15,IN-DELHI-01,30.0,56.5,33.6,999.9,222.1,1.06,-0.1,10.64,10.7,0.89,0,400,4033,2,1,1.5,4054,1,173.7,0.0,0,0,NORMAL,None,15.9,97.9
2026-09-01 03:06:20,IN-DELHI-01,26.8,53.2,28.6,1000.3,218.9,1.03,-0.13,10.78,10.83,1.02,6,421,4095,0,0,0.0,4067,0,193.7,0.22,0,0,NORMAL,None,13.5,94.1
2026-09-01 03:06:25,IN-DELHI-01,28.1,66.4,32.1,1003.3,193.8,0.94,-0.2,10.65,10.69,0.88,174,2488,3998,3,32,48.0,4051,1,180.9,0.0,0,4,HAZARDOUS_AIR_POLLUTION,Severe,92.9,95.6
2026-09-01 03:06:30,IN-DELHI-01,24.5,67.9,27.0,1000.8,215.3,1.16,-0.26,10.79,10.85,1.04,29,516,1819,81,597,1164.1,3310,27,60.7,-2.38,1,5,WATER_CONTAMINATION,Severe,88.3,93.6
2026-09-01 03:06:35,IN-DELHI-01,26.9,68.9,30.5,1002.4,201.6,1.1,-0.16,10.69,10.75,0.94,9,436,1976,75,731,1425.5,3305,27,78.6,-0.37,1,5,WATER_CONTAMINATION,Severe,93.5,86.1
2026-09-01 03:06:40,IN-DELHI-01,19.3,84.8,21.1,992.4,285.7,5.24,1.08,11.29,12.49,2.68,15,452,1271,100,203,324.8,1606,85,107.8,-4.98,0,2,LANDSLIDE_PRECURSOR,Extreme,97.9,94.3
2026-09-01 03:06:45,IN-DELHI-01,25.0,60.0,26.9,1000.3,219.0,1.06,-0.18,10.72,10.77,0.96,25,500,1533,91,609,1187.5,3209,30,50.9,-1.49,1,5,WATER_CONTAMINATION,Severe,88.8,91.1
2026-09-01 03:06:50,IN-DELHI-01,23.2,96.9,27.9,989.9,306.8,1.22,-0.25,10.78,10.85,1.04,13,445,1358,97,317,570.6,1257,98,38.0,-18.53,1,1,FLASH_FLOOD,Severe,92.4,91.3
2026-09-01 03:06:55,IN-DELHI-01,21.6,86.7,24.6,993.7,274.5,5.61,2.37,11.83,13.3,3.49,10,435,1285,100,266,425.6,1599,86,154.1,-7.25,0,2,LANDSLIDE_PRECURSOR,Extreme,95.2,96.5
2026-09-01 03:07:00,IN-DELHI-01,26.2,57.5,28.3,1006.4,167.3,1.04,-0.17,10.82,10.87,1.06,148,2176,3935,5,30,45.0,4095,0,185.4,0.0,0,4,HAZARDOUS_AIR_POLLUTION,Severe,89.8,93.9
2026-09-01 03:07:05,IN-DELHI-01,43.1,17.7,43.9,996.6,250.0,0.95,-0.21,10.73,10.78,0.97,95,1207,4068,0,7,10.5,4095,0,190.8,0.0,1,3,WILDFIRE,Extreme,95.9,88.7
2026-09-01 03:07:10,IN-DELHI-01,27.4,56.7,29.9,1001.4,209.9,1.12,-0.06,10.8,10.86,1.05,3,410,4035,2,12,18.0,4086,0,183.6,0.15,0,0,NORMAL,None,6.4,98.7
2026-09-01 03:07:15,IN-DELHI-01,28.3,51.0,30.4,999.7,224.3,1.02,-0.22,10.62,10.67,0.86,2,407,4095,0,3,4.5,4079,0,178.2,0.06,0,0,NORMAL,None,4.6,98.7
2026-09-01 03:07:20,IN-DELHI-01,28.4,47.7,30.2,1000.9,214.5,1.03,-0.23,10.64,10.69,0.88,0,400,4052,1,27,40.5,4043,1,180.8,0.06,0,0,NORMAL,None,15.5,97.7
2026-09-01 03:07:25,IN-DELHI-01,22.7,91.9,26.7,985.2,346.4,1.05,-0.35,10.74,10.8,0.99,14,449,1370,97,299,538.2,1137,100,33.4,-11.69,1,1,FLASH_FLOOD,Severe,93.3,88.9
2026-09-01 03:07:30,IN-DELHI-01,22.3,87.5,25.7,992.8,282.3,5.37,2.82,11.19,12.72,2.91,13,445,1281,100,223,356.8,1562,87,110.4,-3.73,0,2,LANDSLIDE_PRECURSOR,Extreme,91.2,92.9
2026-09-01 03:07:35,IN-DELHI-01,24.3,96.1,29.6,984.9,348.8,1.39,-0.09,10.63,10.72,0.91,8,428,1369,97,355,639.0,1171,100,37.0,-12.01,0,1,FLASH_FLOOD,Severe,92.6,97.3
2026-09-01 03:07:40,IN-DELHI-01,30.3,45.3,32.4,999.3,227.4,1.09,-0.1,10.68,10.73,0.92,4,414,4083,0,19,28.5,4073,0,181.5,0.32,0,0,NORMAL,None,11.2,94.8
2026-09-01 03:07:45,IN-DELHI-01,22.8,92.5,26.9,988.3,320.2,5.21,1.91,12.4,13.58,3.77,12,442,1337,98,191,305.6,1814,78,135.8,-5.77,0,2,LANDSLIDE_PRECURSOR,Extreme,93.4,91.8
2026-09-01 03:07:50,IN-DELHI-01,39.4,19.7,39.7,999.4,226.6,1.23,-0.24,10.76,10.84,1.03,141,1598,4084,0,5,7.5,4095,0,191.4,0.0,1,3,WILDFIRE,Severe,82.9,91.3
2026-09-01 03:07:55,IN-DELHI-01,28.3,52.7,30.6,1000.2,220.0,1.08,-0.17,10.69,10.75,0.94,4,414,4072,0,14,21.0,4064,1,177.0,-0.05,0,0,NORMAL,None,8.6,94.8
2026-09-01 03:08:00,IN-DELHI-01,39.6,16.2,39.6,996.6,250.3,1.07,-0.11,10.82,10.87,1.06,124,1454,4075,0,10,15.0,4095,0,194.5,0.0,0,3,WILDFIRE,Severe,83.7,90.4
2026-09-01 03:08:05,IN-DELHI-01,30.1,59.2,34.1,999.0,230.3,1.08,-0.17,10.62,10.67,0.86,1,403,4095,0,15,22.5,4069,0,179.3,-0.07,0,0,NORMAL,None,12.1,95.7
2026-09-01 03:08:10,IN-DELHI-01,23.7,96.8,28.7,987.4,327.7,1.2,-0.1,10.91,10.98,1.17,15,452,1374,97,370,666.0,1239,98,45.4,-17.51,1,1,FLASH_FLOOD,Severe,90.9,90.4
2026-09-01 03:08:15,IN-DELHI-01,22.6,96.9,27.0,993.5,276.3,0.8,-0.13,10.97,11.0,1.19,14,449,1389,96,377,678.6,1192,100,57.9,-14.79,0,1,FLASH_FLOOD,Severe,88.4,95.7
2026-09-01 03:08:20,IN-DELHI-01,23.0,93.2,27.3,983.6,360.3,1.16,-0.23,11.31,11.37,1.56,8,428,1262,100,327,588.6,1309,96,53.4,-13.96,0,1,FLASH_FLOOD,Severe,89.3,90.2
2026-09-01 03:08:25,IN-DELHI-01,25.1,91.6,30.4,986.2,338.2,1.06,-0.23,10.18,10.23,0.42,19,466,1361,97,352,633.6,1308,96,31.4,-4.35,0,1,FLASH_FLOOD,Severe,93.7,93.1
2026-09-01 03:08:30,IN-DELHI-01,27.1,56.8,29.5,1006.6,166.0,1.09,-0.09,10.8,10.86,1.05,188,2656,3995,3,7,10.5,4070,0,179.4,0.0,1,4,HAZARDOUS_AIR_POLLUTION,Extreme,94.6,90.2
2026-09-01 03:08:35,IN-DELHI-01,38.6,16.4,38.6,996.0,255.1,0.99,-0.16,10.88,10.93,1.12,152,1692,4089,0,0,0.0,4095,0,183.4,0.0,0,3,WILDFIRE,Severe,80.0,93.9
2026-09-01 03:08:40,IN-DELHI-01,22.8,91.3,26.8,990.2,304.0,1.16,-0.29,11.01,11.07,1.26,17,459,1453,94,384,691.2,1232,98,53.9,-11.06,1,1,FLASH_FLOOD,Severe,89.2,96.6
2026-09-01 03:08:45,IN-DELHI-01,25.0,78.4,28.8,1002.3,202.4,0.96,-0.17,10.79,10.84,1.03,11,444,2012,74,350,682.5,2949,39,69.1,-0.28,1,5,WATER_CONTAMINATION,Moderate,78.7,88.9
2026-09-01 03:08:50,IN-DELHI-01,30.6,51.4,33.6,1002.9,197.6,1.01,-0.19,10.88,10.93,1.12,2,407,4058,1,4,6.0,4088,0,170.2,-0.29,0,0,NORMAL,None,6.2,92.2
2026-09-01 03:08:55,IN-DELHI-01,26.6,49.0,27.9,1000.8,214.7,1.11,-0.18,10.77,10.83,1.02,2,407,4061,1,6,9.0,4063,1,173.7,-0.21,0,0,NORMAL,None,7.9,95.6
2026-09-01 03:09:00,IN-DELHI-01,23.9,92.7,28.6,984.1,355.9,0.97,-0.29,10.71,10.76,0.95,19,466,1232,100,361,649.8,1343,95,28.2,-14.16,1,1,FLASH_FLOOD,Extreme,94.4,91.2
2026-09-01 03:09:05,IN-DELHI-01,21.3,84.1,24.0,992.3,286.2,-3.54,-1.84,10.66,11.38,1.57,10,435,1258,100,240,384.0,1570,87,162.5,-3.85,0,2,LANDSLIDE_PRECURSOR,Extreme,96.9,92.0
2026-09-01 03:09:10,IN-DELHI-01,27.6,47.6,29.0,1002.8,197.8,1.04,-0.3,10.55,10.6,0.79,4,414,4038,2,0,0.0,4034,2,180.9,0.01,0,0,NORMAL,None,5.4,94.2
2026-09-01 03:09:15,IN-DELHI-01,23.5,86.1,27.4,993.6,275.4,-4.58,-2.6,11.0,12.2,2.39,10,435,1323,99,199,318.4,1482,90,139.5,-5.39,1,2,LANDSLIDE_PRECURSOR,Extreme,85.3,94.2
2026-09-01 03:09:20,IN-DELHI-01,22.4,95.1,26.6,980.9,382.9,1.1,-0.28,10.72,10.78,0.97,10,435,1374,97,342,615.6,1300,96,46.1,-6.48,0,1,FLASH_FLOOD,Severe,90.8,97.0
2026-09-01 03:09:25,IN-DELHI-01,24.3,93.8,29.3,992.4,285.4,0.91,0.02,10.66,10.7,0.89,9,431,1464,94,221,397.8,1263,97,17.2,-14.65,0,1,FLASH_FLOOD,Extreme,96.6,94.9
2026-09-01 03:09:30,IN-DELHI-01,25.4,69.6,28.5,1001.8,206.8,1.11,-0.15,10.65,10.7,0.89,18,472,2092,71,488,951.6,2925,40,88.2,-1.04,0,5,WATER_CONTAMINATION,Severe,84.0,86.7
2026-09-01 03:09:35,IN-DELHI-01,28.9,47.2,30.8,1000.5,217.4,1.01,-0.19,10.93,10.98,1.17,7,424,3985,3,15,22.5,4077,0,191.5,-0.23,0,0,NORMAL,None,17.0,96.3
2026-09-01 03:09:40,IN-DELHI-01,27.6,55.0,29.9,1001.3,210.6,0.99,-0.19,10.71,10.76,0.95,1,403,4054,1,16,24.0,4083,0,185.2,0.04,0,0,NORMAL,None,11.0,94.2
2026-09-01 03:09:45,IN-DELHI-01,23.3,97.5,28.2,985.9,340.7,1.28,-0.1,11.21,11.28,1.47,17,459,1307,99,320,576.0,1294,96,43.5,-11.19,1,1,FLASH_FLOOD,Severe,91.3,92.1
2026-09-01 03:09:50,IN-DELHI-01,28.1,52.2,30.3,1000.8,214.6,1.06,-0.17,10.67,10.73,0.92,8,428,4088,0,13,19.5,4046,1,182.1,-0.17,0,0,NORMAL,None,16.4,99.0
2026-09-01 03:09:55,IN-DELHI-01,28.2,48.3,29.9,999.5,226.3,1.09,-0.17,10.79,10.85,1.04,0,400,4046,1,14,21.0,4056,1,186.7,-0.0,0,0,NORMAL,None,14.9,93.6
2026-09-01 03:10:00,IN-DELHI-01,22.6,85.3,25.9,994.7,266.2,-2.39,-1.95,9.65,10.13,0.32,8,428,1221,100,158,252.8,1371,94,151.2,-2.82,0,2,LANDSLIDE_PRECURSOR,Extreme,85.7,87.7
2026-09-01 03:10:05,IN-DELHI-01,28.8,52.7,31.3,999.3,227.3,1.12,-0.19,10.63,10.69,0.88,11,438,4057,1,3,4.5,4081,0,176.9,0.14,0,0,NORMAL,None,6.8,96.3
2026-09-01 03:10:10,IN-DELHI-01,27.0,54.5,29.0,1003.5,192.3,0.94,-0.18,10.81,10.86,1.05,0,400,3999,3,11,16.5,4038,1,183.8,0.03,0,0,NORMAL,None,5.3,94.2
2026-09-01 03:10:15,IN-DELHI-01,27.6,53.4,29.7,999.5,225.7,0.96,-0.16,10.83,10.88,1.07,4,414,4067,1,7,10.5,4045,1,163.9,-0.08,0,0,NORMAL,None,13.9,92.2
2026-09-01 03:10:20,IN-DELHI-01,29.9,54.1,33.1,1001.7,207.3,0.92,-0.14,10.65,10.69,0.88,1,403,4066,1,16,24.0,4087,0,191.3,0.2,0,0,NORMAL,None,10.1,95.1
2026-09-01 03:10:25,IN-DELHI-01,31.1,48.0,33.8,1000.1,220.5,1.08,-0.08,10.73,10.79,0.98,1,403,4085,0,16,24.0,4083,0,174.1,0.0,0,0,NORMAL,None,9.0,94.3
2026-09-01 03:10:30,IN-DELHI-01,23.1,90.8,27.2,991.0,297.5,-2.07,-2.74,9.77,10.35,0.54,16,456,1206,100,239,382.4,1693,82,153.4,-6.39,0,2,LANDSLIDE_PRECURSOR,Extreme,93.4,86.9
2026-09-01 03:10:35,IN-DELHI-01,25.3,69.4,28.3,1004.2,186.5,1.11,-0.19,10.55,10.61,0.8,100,1600,3926,6,23,34.5,4054,1,178.7,0.0,0,4,HAZARDOUS_AIR_POLLUTION,Severe,84.0,95.0
2026-09-01 03:10:40,IN-DELHI-01,23.6,90.4,27.9,997.0,247.1,1.1,-0.42,10.93,10.99,1.18,19,466,1438,95,358,644.4,1252,98,55.8,-12.92,0,1,FLASH_FLOOD,Severe,88.8,97.3
2026-09-01 03:10:45,IN-DELHI-01,22.9,67.0,24.7,1000.1,221.0,1.09,-0.11,10.65,10.71,0.9,12,448,1897,78,452,881.4,3239,29,70.8,-1.91,0,5,WATER_CONTAMINATION,Severe,82.6,88.8
2026-09-01 03:10:50,IN-DELHI-01,27.5,45.8,28.6,1001.0,213.0,0.97,-0.13,10.88,10.93,1.12,1,403,4067,1,10,15.0,4065,1,182.0,0.04,1,0,NORMAL,None,9.7,97.0
2026-09-01 03:10:55,IN-DELHI-01,23.9,57.2,25.2,1006.0,170.8,1.06,-0.19,10.75,10.81,1.0,201,2812,3986,3,21,31.5,4059,1,173.3,0.0,1,4,HAZARDOUS_AIR_POLLUTION,Extreme,96.1,95.8
2026-09-01 03:11:00,IN-DELHI-01,26.4,54.3,28.2,998.7,232.6,1.07,-0.23,10.76,10.81,1.0,0,400,3971,4,9,13.5,4095,0,172.0,0.02,0,0,NORMAL,None,16.4,94.4
2026-09-01 03:11:05,IN-DELHI-01,24.5,58.6,26.1,1000.5,217.1,0.9,-0.12,10.61,10.65,0.84,1,403,4044,1,9,13.5,4060,1,176.0,0.25,0,0,NORMAL,None,3.3,94.9
2026-09-01 03:11:10,IN-DELHI-01,46.1,17.4,47.6,999.3,227.5,1.04,-0.28,10.82,10.87,1.06,96,1216,4090,0,10,15.0,4095,0,188.5,0.0,0,3,WILDFIRE,Extreme,98.0,88.3
2026-09-01 03:11:15,IN-DELHI-01,24.9,93.1,30.2,992.6,284.4,7.91,2.97,11.54,14.3,4.49,10,435,1292,100,243,388.8,1712,82,105.7,-2.48,1,2,LANDSLIDE_PRECURSOR,Extreme,87.0,93.4
2026-09-01 03:11:20,IN-DELHI-01,38.1,19.5,38.1,995.7,258.0,1.19,-0.2,10.67,10.73,0.92,94,1199,4085,0,0,0.0,4095,0,188.8,0.0,0,3,WILDFIRE,Severe,78.2,93.7
2026-09-01 03:11:25,IN-DELHI-01,22.0,86.5,25.1,990.6,300.9,4.34,1.03,10.14,11.08,1.27,13,445,1336,98,232,371.2,1522,88,133.0,-7.66,0,2,LANDSLIDE_PRECURSOR,Extreme,90.9,87.4
2026-09-01 03:11:30,IN-DELHI-01,28.4,51.1,30.6,1000.7,215.9,1.15,-0.18,10.73,10.8,0.99,2,407,4054,1,12,18.0,4049,1,176.4,-0.16,0,0,NORMAL,None,12.9,92.1
2026-09-01 03:11:35,IN-DELHI-01,41.5,16.2,41.5,998.3,236.4,1.05,-0.19,10.76,10.82,1.01,101,1258,4090,0,5,7.5,4095,0,185.6,0.0,0,3,WILDFIRE,Severe,90.1,92.4
2026-09-01 03:11:40,IN-DELHI-01,23.4,89.2,27.5,990.6,301.3,1.2,-0.03,10.78,10.84,1.03,15,452,1387,96,221,397.8,1312,96,20.9,-11.31,0,1,FLASH_FLOOD,Extreme,95.8,88.2
2026-09-01 03:11:45,IN-DELHI-01,27.9,73.9,32.7,1003.2,194.7,1.08,-0.13,10.93,10.98,1.17,5,420,1985,75,808,1575.6,3591,17,90.7,-1.15,1,5,WATER_CONTAMINATION,Severe,96.0,90.6
2026-09-01 03:11:50,IN-DELHI-01,21.4,62.0,22.2,1005.7,173.6,1.06,-0.04,10.94,10.99,1.18,161,2332,4021,2,5,7.5,4056,1,175.6,0.0,0,4,HAZARDOUS_AIR_POLLUTION,Severe,91.3,93.5
2026-09-01 03:11:55,IN-DELHI-01,26.3,47.1,27.2,1001.5,208.7,1.16,-0.19,10.71,10.78,0.97,0,400,4038,2,7,10.5,4071,0,174.2,0.01,0,0,NORMAL,None,12.2,95.0
2026-09-01 03:12:00,IN-DELHI-01,22.7,93.6,26.9,991.6,292.6,1.21,-0.24,10.83,10.9,1.09,15,452,1351,98,371,667.8,1307,96,25.7,-12.59,1,1,FLASH_FLOOD,Extreme,94.9,94.5
2026-09-01 03:12:05,IN-DELHI-01,26.4,65.5,29.4,1006.3,168.3,1.02,-0.21,10.94,10.99,1.18,156,2272,3948,5,15,22.5,4051,1,177.5,0.0,0,4,HAZARDOUS_AIR_POLLUTION,Severe,90.7,95.6
2026-09-01 03:12:10,IN-DELHI-01,26.8,44.8,27.6,1002.3,202.4,1.14,-0.13,10.72,10.78,0.97,2,407,4090,0,14,21.0,4095,0,185.7,0.02,0,0,NORMAL,None,10.0,95.9
2026-09-01 03:12:15,IN-DELHI-01,20.7,88.4,23.4,990.9,298.5,4.41,2.8,10.39,11.63,1.82,16,456,1317,99,236,377.6,1657,84,101.7,-6.38,0,2,LANDSLIDE_PRECURSOR,Extreme,97.7,95.5
2026-09-01 03:12:20,IN-DELHI-01,27.4,50.3,29.1,1001.9,206.1,0.96,-0.17,10.74,10.79,0.98,2,407,4065,1,20,30.0,4090,0,169.5,0.1,0,0,NORMAL,None,16.4,93.2
2026-09-01 03:12:25,IN-DELHI-01,26.6,44.2,27.3,999.3,227.9,1.15,-0.23,10.6,10.67,0.86,4,414,3990,3,5,7.5,4095,0,170.8,-0.18,0,0,NORMAL,None,14.5,93.3
2026-09-01 03:12:30,IN-DELHI-01,24.1,71.2,26.8,998.3,236.2,1.02,-0.13,10.78,10.83,1.02,13,452,1672,86,727,1417.6,3233,29,92.4,-1.09,0,5,WATER_CONTAMINATION,Severe,93.4,92.8
2026-09-01 03:12:35,IN-DELHI-01,26.1,50.4,27.4,999.5,226.2,1.11,-0.15,10.68,10.74,0.93,2,407,4079,0,15,22.5,4095,0,172.7,-0.09,0,0,NORMAL,None,14.2,98.7
2026-09-01 03:12:40,IN-DELHI-01,24.0,66.2,26.2,1002.4,201.2,0.9,-0.22,10.71,10.75,0.94,24,496,2064,72,575,1121.2,3284,28,74.2,-2.68,0,5,WATER_CONTAMINATION,Severe,87.4,92.1
2026-09-01 03:12:45,IN-DELHI-01,16.3,85.5,17.1,991.9,289.8,-1.54,-1.21,10.14,10.33,0.52,10,435,1256,100,237,379.2,1576,87,133.0,-3.88,0,2,LANDSLIDE_PRECURSOR,Extreme,93.6,90.2
2026-09-01 03:12:50,IN-DELHI-01,20.9,89.1,23.7,992.2,287.3,4.45,1.57,9.46,10.57,0.76,15,452,1276,100,218,348.8,1602,86,111.6,-6.03,0,2,LANDSLIDE_PRECURSOR,Extreme,89.9,92.9
2026-09-01 03:12:55,IN-DELHI-01,22.0,93.1,25.8,989.1,313.9,1.03,-0.33,10.91,10.97,1.16,11,438,1404,96,255,459.0,1281,97,57.2,-11.28,0,1,FLASH_FLOOD,Severe,88.6,93.6
2026-09-01 03:13:00,IN-DELHI-01,26.4,67.9,29.8,999.0,230.4,1.09,-0.26,10.72,10.78,0.97,20,480,2164,69,624,1216.8,2777,45,47.8,-1.52,1,5,WATER_CONTAMINATION,Severe,89.3,86.6
2026-09-01 03:13:05,IN-DELHI-01,28.5,51.7,30.7,1000.4,218.6,1.02,-0.15,10.64,10.69,0.88,1,403,4095,0,8,12.0,4094,0,175.4,-0.17,0,0,NORMAL,None,15.6,97.5
2026-09-01 03:13:10,IN-DELHI-01,22.4,94.9,26.6,989.5,310.1,1.16,-0.43,10.84,10.91,1.1,14,449,1427,95,282,507.6,1416,92,36.4,-16.53,0,1,FLASH_FLOOD,Severe,92.7,90.4
2026-09-01 03:13:15,IN-DELHI-01,22.7,92.8,26.7,990.3,303.5,5.82,3.48,10.77,12.72,2.91,9,431,1173,100,172,275.2,1493,89,124.1,-3.36,0,2,LANDSLIDE_PRECURSOR,Extreme,93.1,91.2
2026-09-01 03:13:20,IN-DELHI-01,44.3,18.3,45.5,997.8,239.8,1.12,-0.2,10.84,10.9,1.09,151,1683,4077,0,0,0.0,4095,0,187.1,0.0,1,3,WILDFIRE,Extreme,98.0,88.0
2026-09-01 03:13:25,IN-DELHI-01,39.5,16.9,39.5,996.0,255.3,1.01,-0.13,10.75,10.8,0.99,80,1080,4090,0,9,13.5,4095,0,190.3,0.0,0,3,WILDFIRE,Severe,83.2,93.8
2026-09-01 03:13:30,IN-DELHI-01,25.4,68.6,28.4,1000.6,217.0,1.0,-0.26,10.82,10.87,1.06,26,504,1832,80,459,895.0,3546,18,68.6,-3.81,0,5,WATER_CONTAMINATION,Severe,82.9,86.7
2026-09-01 03:13:35,IN-DELHI-01,27.4,56.3,29.9,1000.4,218.6,1.16,-0.24,10.87,10.94,1.13,12,448,1916,77,602,1173.9,3312,27,94.1,-0.5,0,5,WATER_CONTAMINATION,Severe,88.5,87.9
2026-09-01 03:13:40,IN-DELHI-01,25.5,60.8,27.6,1004.9,180.6,0.97,-0.19,10.7,10.75,0.94,173,2476,3982,4,3,4.5,4032,2,172.4,0.0,0,4,HAZARDOUS_AIR_POLLUTION,Severe,92.8,96.0
2026-09-01 03:13:45,IN-DELHI-01,26.2,54.9,28.0,998.5,234.0,1.04,-0.23,10.77,10.82,1.01,1,403,4077,0,12,18.0,4076,0,194.9,0.22,0,0,NORMAL,None,2.9,95.1
2026-09-01 03:13:50,IN-DELHI-01,24.0,84.8,28.0,993.3,277.8,-2.31,-2.55,11.29,11.8,1.99,7,424,1220,100,177,283.2,1634,85,124.6,-1.05,0,2,LANDSLIDE_PRECURSOR,Extreme,89.5,90.6
2026-09-01 03:13:55,IN-DELHI-01,31.5,48.1,34.4,1002.3,202.2,1.1,-0.2,10.79,10.85,1.04,0,400,4029,2,3,4.5,4079,0,192.9,0.19,0,0,NORMAL,None,14.2,95.3
2026-09-01 03:14:00,IN-DELHI-01,26.3,54.9,28.1,1001.3,210.6,1.03,-0.14,10.7,10.76,0.95,7,424,4023,2,10,15.0,4049,1,190.2,-0.04,0,0,NORMAL,None,4.8,95.1
2026-09-01 03:14:05,IN-DELHI-01,23.8,95.5,28.7,987.6,325.9,1.2,-0.44,10.3,10.37,0.56,11,438,1307,99,391,703.8,1147,100,15.0,-13.49,1,1,FLASH_FLOOD,Extreme,97.0,92.9
2026-09-01 03:14:10,IN-DELHI-01,27.2,52.2,29.1,1000.4,218.0,1.15,-0.12,10.66,10.72,0.91,1,403,4053,1,11,16.5,4064,1,176.4,0.03,0,0,NORMAL,None,17.9,96.5
2026-09-01 03:14:15,IN-DELHI-01,25.9,45.6,26.6,1001.8,206.2,0.97,-0.11,10.72,10.77,0.96,2,407,4053,1,12,18.0,4056,1,179.3,-0.02,0,0,NORMAL,None,7.1,98.7
2026-09-01 03:14:20,IN-DELHI-01,28.1,52.1,30.2,1002.7,199.1,1.05,-0.31,10.62,10.67,0.86,7,424,4087,0,11,16.5,4044,1,182.4,0.21,0,0,NORMAL,None,4.2,97.4
2026-09-01 03:14:25,IN-DELHI-01,22.7,88.5,26.4,994.9,264.4,5.46,3.36,10.16,12.01,2.2,7,424,1312,99,277,443.2,1609,85,148.7,-8.81,0,2,LANDSLIDE_PRECURSOR,Extreme,95.3,95.5
2026-09-01 03:14:30,IN-DELHI-01,22.7,88.9,26.5,988.8,316.5,-4.12,-3.18,8.52,9.98,0.17,5,417,1353,98,249,398.4,1572,87,95.4,-2.22,0,2,LANDSLIDE_PRECURSOR,Extreme,99.0,92.6
2026-09-01 03:14:35,IN-DELHI-01,28.1,57.6,30.9,1000.4,218.0,1.0,-0.24,10.7,10.75,0.94,8,428,4066,1,16,24.0,4033,2,175.9,0.23,0,0,NORMAL,None,13.6,98.7
2026-09-01 03:14:40,IN-DELHI-01,25.9,53.0,27.4,999.1,229.1,1.14,-0.04,10.77,10.83,1.02,4,414,4091,0,16,24.0,4044,1,184.8,-0.08,0,0,NORMAL,None,11.3,98.1
2026-09-01 03:14:45,IN-DELHI-01,28.9,49.8,31.1,1000.5,217.7,1.1,-0.13,10.61,10.67,0.86,1,403,4095,0,2,3.0,4077,0,180.5,0.0,0,0,NORMAL,None,8.4,92.2
2026-09-01 03:14:50,IN-DELHI-01,26.9,47.2,28.1,1001.0,213.6,1.09,-0.1,10.76,10.82,1.01,16,456,4046,1,1,1.5,4053,1,188.3,-0.04,0,0,NORMAL,None,15.3,95.5
2026-09-01 03:14:55,IN-DELHI-01,24.1,69.1,26.6,1002.1,204.3,1.16,-0.18,10.72,10.78,0.97,8,432,2073,72,505,984.8,3437,22,35.5,-0.16,1,5,WATER_CONTAMINATION,Severe,84.7,89.4
2026-09-01 03:15:00,IN-DELHI-01,26.6,47.0,27.7,1002.0,204.5,0.98,-0.16,10.9,10.95,1.14,7,424,4028,2,8,12.0,4046,1,176.1,-0.04,0,0,NORMAL,None,5.4,93.5
2026-09-01 03:15:05,IN-DELHI-01,24.3,93.2,29.3,988.4,319.2,0.97,-0.25,10.88,10.93,1.12,15,452,1250,100,385,693.0,1237,98,44.7,-7.39,0,1,FLASH_FLOOD,Severe,91.1,93.8
2026-09-01 03:15:10,IN-DELHI-01,21.0,89.3,24.0,990.4,302.6,4.8,1.69,11.04,12.15,2.34,9,431,1322,99,170,272.0,1733,81,104.2,-3.88,0,2,LANDSLIDE_PRECURSOR,Extreme,94.7,90.1
2026-09-01 03:15:15,IN-DELHI-01,28.3,52.6,30.6,999.7,223.9,1.26,-0.2,10.64,10.71,0.9,1,403,4044,1,18,27.0,4084,0,175.9,-0.03,0,0,NORMAL,None,16.8,98.7
2026-09-01 03:15:20,IN-DELHI-01,28.7,57.0,31.8,1003.0,196.1,1.12,-0.23,10.64,10.7,0.89,2,407,4080,0,12,18.0,4090,0,181.2,0.21,1,0,NORMAL,None,15.9,98.2
2026-09-01 03:15:25,IN-DELHI-01,23.5,92.5,27.9,988.2,320.9,1.19,-0.13,10.74,10.8,0.99,11,438,1390,96,258,464.4,1350,94,29.5,-11.04,1,1,FLASH_FLOOD,Extreme,94.1,88.7
2026-09-01 03:15:30,IN-DELHI-01,26.9,46.5,28.0,1001.8,206.1,0.99,-0.19,10.99,11.04,1.23,0,400,4044,1,16,24.0,4031,2,179.8,0.02,0,0,NORMAL,None,12.9,93.1
2026-09-01 03:15:35,IN-DELHI-01,27.9,46.2,29.2,999.9,222.8,1.16,-0.17,10.73,10.8,0.99,0,400,4095,0,15,22.5,4057,1,171.2,-0.11,0,0,NORMAL,None,12.6,92.2
2026-09-01 03:15:40,IN-DELHI-01,22.2,89.8,25.8,984.8,349.7,1.18,-0.33,10.99,11.05,1.24,17,459,1354,98,355,639.0,1262,97,53.7,-12.26,0,1,FLASH_FLOOD,Severe,89.3,91.0
2026-09-01 03:15:45,IN-DELHI-01,26.1,51.8,27.6,1000.6,217.0,0.92,-0.22,10.68,10.72,0.91,5,417,4043,1,6,9.0,4064,1,183.9,-0.09,0,0,NORMAL,None,16.4,92.5
2026-09-01 03:15:50,IN-DELHI-01,27.3,68.5,31.1,1007.7,156.6,0.97,-0.12,10.9,10.94,1.13,195,2740,3939,5,25,37.5,4085,0,175.4,0.0,1,4,HAZARDOUS_AIR_POLLUTION,Extreme,95.4,90.4
2026-09-01 03:15:55,IN-DELHI-01,23.6,93.2,28.2,985.2,346.8,1.13,0.02,10.73,10.79,0.98,25,487,1465,94,360,648.0,1242,98,50.8,-10.28,1,1,FLASH_FLOOD,Severe,89.8,88.4
2026-09-01 03:16:00,IN-DELHI-01,22.5,69.9,24.4,1002.2,203.2,1.02,-0.16,10.86,10.91,1.1,18,472,1753,83,616,1201.2,3938,5,81.6,0.5,0,5,WATER_CONTAMINATION,Severe,89.0,89.8
2026-09-01 03:16:05,IN-DELHI-01,22.0,91.7,25.6,989.4,311.4,1.0,-0.26,10.93,10.98,1.17,8,428,1304,99,367,660.6,1328,95,93.8,-17.46,0,1,FLASH_FLOOD,Severe,81.2,90.7
2026-09-01 03:16:10,IN-DELHI-01,21.6,84.3,24.5,988.6,318.0,-3.01,-2.83,12.69,13.34,3.53,14,449,1329,98,201,321.6,1533,88,130.3,-7.28,1,2,LANDSLIDE_PRECURSOR,Extreme,86.8,88.2
2026-09-01 03:16:15,IN-DELHI-01,20.3,88.6,22.8,992.7,283.4,-3.33,-1.62,10.23,10.88,1.07,7,424,1261,100,177,283.2,1493,89,131.6,-4.11,0,2,LANDSLIDE_PRECURSOR,Extreme,90.0,91.5
2026-09-01 03:16:20,IN-DELHI-01,21.6,85.0,24.4,987.5,327.2,5.78,1.24,8.85,10.64,0.83,12,442,1242,100,196,313.6,1742,81,122.0,-3.62,1,2,LANDSLIDE_PRECURSOR,Extreme,89.1,95.3
2026-09-01 03:16:25,IN-DELHI-01,23.7,87.8,27.9,993.2,278.7,-3.06,-1.7,11.13,11.67,1.86,17,459,1225,100,282,451.2,1653,84,97.9,-5.4,0,2,LANDSLIDE_PRECURSOR,Extreme,93.1,94.1
2026-09-01 03:16:30,IN-DELHI-01,26.7,50.0,28.2,1001.4,210.1,0.95,-0.24,10.62,10.67,0.86,0,400,4053,1,15,22.5,4059,1,179.8,0.19,1,0,NORMAL,None,12.7,92.7
2026-09-01 03:16:35,IN-DELHI-01,25.7,55.2,27.4,1000.3,218.8,1.06,-0.14,10.62,10.67,0.86,1,403,4051,1,15,22.5,4066,1,191.5,0.13,0,0,NORMAL,None,5.5,93.5
2026-09-01 03:16:40,IN-DELHI-01,23.9,62.5,25.7,1004.3,185.4,1.02,-0.2,10.69,10.74,0.93,86,1432,4043,1,18,27.0,4072,0,179.6,0.0,0,4,HAZARDOUS_AIR_POLLUTION,Severe,82.3,94.8
2026-09-01 03:16:45,IN-DELHI-01,23.1,86.0,26.7,992.6,283.7,5.49,1.24,9.5,11.04,1.23,8,428,1397,96,213,340.8,1760,80,114.9,-6.57,0,2,LANDSLIDE_PRECURSOR,Extreme,85.5,94.0
2026-09-01 03:16:50,IN-DELHI-01,32.9,66.2,39.5,1005.3,176.6,1.06,-0.21,10.92,10.98,1.17,99,1588,4037,2,0,0.0,4038,1,180.5,0.0,0,4,HAZARDOUS_AIR_POLLUTION,Severe,83.9,90.3
2026-09-01 03:16:55,IN-DELHI-01,29.3,52.5,31.9,1000.1,220.9,1.02,-0.15,10.87,10.92,1.11,7,424,4023,2,0,0.0,4048,1,170.5,-0.03,0,0,NORMAL,None,3.8,96.7
2026-09-01 03:17:00,IN-DELHI-01,21.5,94.8,25.1,988.5,318.7,1.08,-0.01,10.49,10.54,0.73,17,459,1229,100,231,415.8,1247,98,25.9,-11.46,1,1,FLASH_FLOOD,Extreme,94.8,94.8
2026-09-01 03:17:05,IN-DELHI-01,39.6,16.4,39.6,995.9,256.6,1.05,-0.23,10.79,10.84,1.03,126,1471,4085,0,1,1.5,4095,0,187.1,0.0,0,3,WILDFIRE,Severe,83.8,97.1
2026-09-01 03:17:10,IN-DELHI-01,18.2,90.4,20.1,994.0,272.1,5.73,2.07,10.63,12.25,2.44,19,466,1263,100,202,323.2,1563,87,151.7,-6.73,0,2,LANDSLIDE_PRECURSOR,Extreme,96.9,91.3
2026-09-01 03:17:15,IN-DELHI-01,27.7,68.8,31.7,1005.7,173.7,1.03,-0.17,10.73,10.78,0.97,141,2092,3976,4,10,15.0,4031,2,175.8,0.0,1,4,HAZARDOUS_AIR_POLLUTION,Severe,88.9,94.0
2026-09-01 03:17:20,IN-DELHI-01,26.9,59.4,29.5,1001.8,206.5,1.09,-0.05,10.79,10.85,1.04,1,403,4091,0,4,6.0,4083,0,178.4,0.0,0,0,NORMAL,None,15.4,93.8
2026-09-01 03:17:25,IN-DELHI-01,25.7,66.9,28.6,1001.0,213.3,1.05,-0.1,10.8,10.85,1.04,27,508,1944,76,567,1105.6,3306,27,78.9,-4.07,1,5,WATER_CONTAMINATION,Severe,87.1,89.2
2026-09-01 03:17:30,IN-DELHI-01,28.0,70.1,32.3,1000.2,220.2,1.02,-0.25,10.83,10.88,1.07,24,496,2106,71,568,1107.6,2933,40,72.7,-1.95,0,5,WATER_CONTAMINATION,Severe,87.2,92.4
2026-09-01 03:17:35,IN-DELHI-01,30.3,51.8,33.4,999.2,228.0,0.99,-0.11,10.94,10.99,1.18,0,400,4095,0,0,0.0,4056,1,182.6,-0.18,0,0,NORMAL,None,17.9,95.1
2026-09-01 03:17:40,IN-DELHI-01,23.9,87.3,28.1,987.7,325.1,1.21,-0.39,11.24,11.31,1.5,9,431,1353,98,394,709.2,1388,93,23.8,-10.85,0,1,FLASH_FLOOD,Extreme,95.2,95.1
2026-09-01 03:17:45,IN-DELHI-01,26.2,47.7,27.1,1002.5,200.6,1.13,-0.16,10.8,10.86,1.05,3,410,4013,2,12,18.0,4089,0,182.4,-0.07,0,0,NORMAL,None,5.6,92.1
2026-09-01 03:17:50,IN-DELHI-01,28.5,51.4,30.8,999.5,226.1,1.15,-0.15,10.77,10.83,1.02,9,431,4020,2,13,19.5,4051,1,182.2,-0.6,0,0,NORMAL,None,17.8,98.2
2026-09-01 03:17:55,IN-DELHI-01,42.6,22.9,44.6,996.9,248.1,0.97,-0.17,10.8,10.85,1.04,193,2040,4095,0,5,7.5,4095,0,188.2,0.0,0,3,WILDFIRE,Extreme,94.1,88.7
2026-09-01 03:18:00,IN-DELHI-01,23.9,67.1,26.1,1000.8,215.3,1.03,-0.12,10.68,10.73,0.92,14,456,1861,79,499,973.0,3661,14,97.1,-1.0,1,5,WATER_CONTAMINATION,Severe,84.5,88.5
2026-09-01 03:18:05,IN-DELHI-01,25.9,56.3,27.8,1000.6,216.4,1.11,-0.18,10.88,10.94,1.13,21,473,4067,1,9,13.5,4092,0,180.8,0.04,0,0,NORMAL,None,14.9,98.9
2026-09-01 03:18:10,IN-DELHI-01,23.4,92.3,27.8,991.0,297.4,-3.5,-1.67,10.22,10.93,1.12,13,445,1239,100,206,329.6,1523,88,143.7,-4.79,1,2,LANDSLIDE_PRECURSOR,Extreme,93.7,96.4
2026-09-01 03:18:15,IN-DELHI-01,28.3,53.3,30.7,1001.5,209.2,0.93,-0.14,10.58,10.62,0.81,1,403,3964,4,16,24.0,4069,0,182.6,0.02,0,0,NORMAL,None,12.0,96.6
2026-09-01 03:18:20,IN-DELHI-01,29.5,72.8,35.1,1002.2,203.0,1.04,-0.14,10.68,10.73,0.92,85,1420,3931,5,14,21.0,4082,0,182.8,0.0,1,4,HAZARDOUS_AIR_POLLUTION,Severe,82.2,94.7
2026-09-01 03:18:25,IN-DELHI-01,27.8,63.7,31.3,1002.1,204.3,1.06,-0.18,10.81,10.86,1.05,1,403,4073,0,0,0.0,4071,0,166.6,-0.12,0,0,NORMAL,None,8.0,94.9
2026-09-01 03:18:30,IN-DELHI-01,22.6,95.4,26.9,989.8,307.4,1.23,-0.21,10.66,10.73,0.92,18,463,1251,100,414,745.2,1198,100,32.9,-16.49,0,1,FLASH_FLOOD,Severe,93.4,90.5
2026-09-01 03:18:35,IN-DELHI-01,26.7,54.0,28.5,1001.6,208.6,1.15,-0.21,10.91,10.98,1.17,3,410,3971,4,6,9.0,4074,0,190.2,-0.08,0,0,NORMAL,None,16.0,93.7
2026-09-01 03:18:40,IN-DELHI-01,23.7,88.5,28.0,993.3,278.6,-1.78,-3.08,10.95,11.52,1.71,6,421,1240,100,207,331.2,1474,90,139.8,-5.0,0,2,LANDSLIDE_PRECURSOR,Extreme,88.5,89.5
2026-09-01 03:18:45,IN-DELHI-01,28.1,49.6,29.9,1001.3,210.7,0.99,-0.11,10.59,10.64,0.83,1,403,4018,2,2,3.0,4053,1,176.3,-0.03,0,0,NORMAL,None,8.7,92.6
2026-09-01 03:18:50,IN-DELHI-01,22.5,92.5,26.4,987.1,330.6,1.23,-0.03,11.07,11.13,1.32,9,431,1351,98,411,739.8,1328,95,64.4,-13.03,0,1,FLASH_FLOOD,Severe,87.1,95.0
2026-09-01 03:18:55,IN-DELHI-01,25.7,96.8,31.8,995.7,257.7,-2.55,-2.24,10.67,11.2,1.39,10,435,1246,100,208,332.8,1627,85,102.3,-1.87,0,2,LANDSLIDE_PRECURSOR,Extreme,95.8,96.0
2026-09-01 03:19:00,IN-DELHI-01,39.3,14.6,39.3,993.5,276.3,0.96,-0.28,10.87,10.92,1.11,83,1105,4092,0,2,3.0,4095,0,178.9,0.0,0,3,WILDFIRE,Severe,82.5,95.0
2026-09-01 03:19:05,IN-DELHI-01,41.9,19.6,42.8,995.7,257.8,0.95,-0.2,10.81,10.85,1.04,100,1250,4071,0,0,0.0,4095,0,190.0,0.0,1,3,WILDFIRE,Severe,91.6,89.4
2026-09-01 03:19:10,IN-DELHI-01,25.2,70.4,28.3,999.6,225.0,1.18,-0.16,10.86,10.92,1.11,27,508,2067,72,651,1269.5,3434,22,66.0,-0.57,0,5,WATER_CONTAMINATION,Severe,90.4,89.3
2026-09-01 03:19:15,IN-DELHI-01,40.8,14.4,40.8,995.6,258.6,1.18,-0.21,10.79,10.86,1.05,119,1411,4081,0,0,0.0,4095,0,180.7,0.0,0,3,WILDFIRE,Severe,87.8,87.8
2026-09-01 03:19:20,IN-DELHI-01,24.2,99.0,29.8,984.4,353.0,1.22,-0.41,10.85,10.93,1.12,15,452,1323,99,242,435.6,1197,100,63.0,-10.27,1,1,FLASH_FLOOD,Severe,87.4,95.8
2026-09-01 03:19:25,IN-DELHI-01,30.4,46.0,32.6,999.5,226.3,1.06,-0.23,10.91,10.96,1.15,3,410,4017,2,13,19.5,4053,1,184.6,-0.06,0,0,NORMAL,None,3.3,97.9
2026-09-01 03:19:30,IN-DELHI-01,23.3,70.1,25.5,1000.2,220.1,0.97,-0.16,10.72,10.77,0.96,14,456,1981,75,765,1491.8,2566,52,61.6,-1.91,0,5,WATER_CONTAMINATION,Severe,94.8,90.7
2026-09-01 03:19:35,IN-DELHI-01,23.6,90.9,28.0,990.9,298.3,1.02,-0.2,10.65,10.7,0.89,17,459,1378,97,367,660.6,1268,97,65.0,-16.36,0,1,FLASH_FLOOD,Severe,87.0,91.1
2026-09-01 03:19:40,IN-DELHI-01,27.9,43.3,28.9,1005.0,179.9,1.09,-0.05,10.74,10.79,0.98,15,452,4011,3,7,10.5,4068,0,197.6,-0.27,0,0,NORMAL,None,11.1,97.7
2026-09-01 03:19:45,IN-DELHI-01,27.0,65.5,30.3,1002.0,204.5,1.02,-0.19,10.75,10.8,0.99,9,436,1973,75,561,1094.0,3221,30,107.4,-0.95,0,5,WATER_CONTAMINATION,Severe,86.9,93.2
2026-09-01 03:19:50,IN-DELHI-01,23.2,95.4,27.8,984.8,349.5,0.93,-0.17,10.42,10.46,0.65,9,431,1376,97,341,613.8,1182,100,52.2,-14.19,0,1,FLASH_FLOOD,Severe,89.6,96.7
2026-09-01 03:19:55,IN-DELHI-01,22.8,91.2,26.8,987.0,331.6,6.42,2.75,10.93,12.97,3.16,19,466,1247,100,225,360.0,1595,86,157.1,-6.07,0,2,LANDSLIDE_PRECURSOR,Extreme,89.8,89.6
2026-09-01 03:20:00,IN-DELHI-01,20.4,91.3,23.2,988.5,318.8,-0.45,-2.04,11.1,11.29,1.48,10,435,1260,100,218,348.8,1544,88,132.6,-1.94,0,2,LANDSLIDE_PRECURSOR,Extreme,90.1,95.6
2026-09-01 03:20:05,IN-DELHI-01,27.2,52.0,29.0,999.2,228.1,0.99,-0.2,10.77,10.82,1.01,0,400,4082,0,20,30.0,4093,0,175.2,-0.18,0,0,NORMAL,None,2.5,93.5
2026-09-01 03:20:10,IN-DELHI-01,27.4,49.7,29.0,998.7,232.3,1.02,-0.18,10.44,10.49,0.68,7,424,4002,3,0,0.0,4049,1,185.8,-0.01,0,0,NORMAL,None,4.2,92.4
2026-09-01 03:20:15,IN-DELHI-01,25.5,60.0,27.6,1002.2,203.4,1.02,-0.11,10.66,10.71,0.9,2,407,4048,1,4,6.0,4062,1,184.6,-0.21,0,0,NORMAL,None,13.4,97.5
2026-09-01 03:20:20,IN-DELHI-01,24.3,70.9,27.0,1003.0,196.5,0.96,-0.19,10.8,10.84,1.03,21,484,2025,74,575,1121.2,3075,35,95.9,-0.3,0,5,WATER_CONTAMINATION,Severe,87.4,89.5
2026-09-01 03:20:25,IN-DELHI-01,26.2,52.9,27.7,1000.0,221.9,1.07,-0.17,10.8,10.85,1.04,6,421,4018,2,9,13.5,4095,0,191.1,-0.03,0,0,NORMAL,None,5.6,94.6
2026-09-01 03:20:30,IN-DELHI-01,43.4,18.7,44.4,1000.3,218.8,1.03,-0.26,10.65,10.7,0.89,110,1335,4080,0,11,16.5,4095,0,194.6,0.0,0,3,WILDFIRE,Extreme,96.7,92.1
2026-09-01 03:20:35,IN-DELHI-01,26.4,53.2,28.1,1003.3,193.5,1.06,-0.22,10.66,10.71,0.9,99,1588,3951,5,27,40.5,4078,0,181.7,0.0,0,4,HAZARDOUS_AIR_POLLUTION,Severe,83.9,96.1
2026-09-01 03:20:40,IN-DELHI-01,27.0,49.4,28.5,1000.7,216.1,1.09,-0.2,10.7,10.75,0.94,14,449,4035,2,15,22.5,4088,0,173.1,-0.05,0,0,NORMAL,None,8.6,98.9
2026-09-01 03:20:45,IN-DELHI-01,23.3,53.5,24.0,1006.8,164.5,1.25,-0.11,10.59,10.66,0.85,130,1960,3990,3,23,34.5,4095,0,175.1,0.0,0,4,HAZARDOUS_AIR_POLLUTION,Severe,87.6,92.8
2026-09-01 03:20:50,IN-DELHI-01,24.4,74.9,27.5,1003.4,193.3,1.04,-0.19,10.72,10.77,0.96,18,472,1741,84,546,1064.7,3295,27,39.1,-3.01,1,5,WATER_CONTAMINATION,Severe,86.3,91.2
2026-09-01 03:20:55,IN-DELHI-01,22.5,91.9,26.4,990.0,305.7,-2.89,-2.2,9.7,10.35,0.54,13,445,1247,100,312,499.2,1516,89,153.9,-6.09,0,2,LANDSLIDE_PRECURSOR,Extreme,94.9,91.8
2026-09-01 03:21:00,IN-DELHI-01,28.8,71.9,33.9,1006.4,168.1,1.07,-0.19,10.7,10.75,0.94,164,2368,3960,4,14,21.0,4083,0,175.7,0.0,1,4,HAZARDOUS_AIR_POLLUTION,Severe,91.7,91.5
2026-09-01 03:21:05,IN-DELHI-01,28.5,50.3,30.6,1002.0,205.2,1.02,-0.14,10.58,10.63,0.82,0,400,4020,2,7,10.5,4049,1,173.7,-0.19,0,0,NORMAL,None,2.2,95.6
2026-09-01 03:21:10,IN-DELHI-01,26.9,45.8,27.9,999.9,222.7,1.15,-0.14,10.69,10.76,0.95,4,414,3997,3,10,15.0,4044,1,170.9,-0.04,0,0,NORMAL,None,7.6,96.6
2026-09-01 03:21:15,IN-DELHI-01,22.7,59.9,23.8,1008.1,153.6,1.15,-0.28,10.69,10.75,0.94,196,2752,3957,4,12,18.0,4053,1,182.7,0.0,1,4,HAZARDOUS_AIR_POLLUTION,Extreme,95.5,97.7
2026-09-01 03:21:20,IN-DELHI-01,27.6,48.7,29.1,1001.1,212.1,1.13,-0.23,10.84,10.91,1.1,2,407,4025,2,11,16.5,4063,1,169.2,-0.22,0,0,NORMAL,None,15.7,94.3
2026-09-01 03:21:25,IN-DELHI-01,29.7,51.7,32.4,1000.9,214.4,1.02,-0.26,10.67,10.73,0.92,2,407,4034,2,1,1.5,4073,0,180.3,-0.09,0,0,NORMAL,None,17.3,94.9
2026-09-01 03:21:30,IN-DELHI-01,29.4,61.6,33.3,1004.6,182.9,1.06,-0.26,10.88,10.93,1.12,214,2968,3972,4,3,4.5,4060,1,171.2,0.0,0,4,HAZARDOUS_AIR_POLLUTION,Extreme,97.7,96.4
2026-09-01 03:21:35,IN-DELHI-01,22.5,94.0,26.6,995.5,259.5,5.74,2.88,10.29,12.13,2.32,9,431,1294,100,219,350.4,1734,81,160.4,-8.55,0,2,LANDSLIDE_PRECURSOR,Extreme,90.2,87.5
2026-09-01 03:21:40,IN-DELHI-01,25.3,91.5,30.7,990.4,302.5,1.09,-0.34,10.88,10.94,1.13,21,473,1274,100,330,594.0,1271,97,48.4,-16.76,1,1,FLASH_FLOOD,Severe,90.3,93.7
2026-09-01 03:21:45,IN-DELHI-01,22.0,89.5,25.5,990.5,301.5,6.44,2.33,10.55,12.57,2.76,10,435,1230,100,183,292.8,1440,91,109.9,-4.71,0,2,LANDSLIDE_PRECURSOR,Extreme,90.5,95.0
2026-09-01 03:21:50,IN-DELHI-01,20.8,85.3,23.4,994.9,264.3,4.46,1.34,10.1,11.13,1.32,17,459,1303,99,185,296.0,1697,82,129.2,-1.11,0,2,LANDSLIDE_PRECURSOR,Extreme,87.0,95.7
2026-09-01 03:21:55,IN-DELHI-01,27.8,50.9,29.7,1001.4,210.1,1.05,-0.11,10.56,10.61,0.8,12,442,4063,1,7,10.5,4041,1,191.2,-0.21,0,0,NORMAL,None,3.4,97.2
2026-09-01 03:22:00,IN-DELHI-01,23.2,86.7,27.0,990.0,306.4,1.41,-0.23,10.5,10.6,0.79,21,473,1346,98,282,507.6,1206,99,66.8,-5.82,0,1,FLASH_FLOOD,Severe,86.6,95.3
2026-09-01 03:22:05,IN-DELHI-01,40.0,22.6,41.1,995.4,260.2,1.11,-0.2,10.67,10.73,0.92,108,1318,4095,0,4,6.0,4095,0,186.9,0.0,1,3,WILDFIRE,Severe,85.0,89.0
2026-09-01 03:22:10,IN-DELHI-01,43.4,16.6,43.9,997.4,243.6,0.87,-0.23,10.87,10.91,1.1,142,1607,4095,0,3,4.5,4095,0,188.2,0.0,1,3,WILDFIRE,Extreme,96.9,89.7
2026-09-01 03:22:15,IN-DELHI-01,24.7,65.8,27.1,1002.8,198.3,1.04,-0.23,10.71,10.76,0.95,19,476,1935,77,727,1417.6,3347,25,48.6,-1.78,1,5,WATER_CONTAMINATION,Severe,93.4,90.0
2026-09-01 03:22:20,IN-DELHI-01,26.5,45.1,27.2,1002.5,200.9,1.04,-0.14,10.9,10.95,1.14,1,403,4044,1,4,6.0,4062,1,183.5,-0.41,0,0,NORMAL,None,10.9,93.1
2026-09-01 03:22:25,IN-DELHI-01,29.6,50.5,32.1,999.9,222.2,1.12,-0.13,10.58,10.64,0.83,8,428,4031,2,13,19.5,4062,1,182.8,-0.08,0,0,NORMAL,None,14.5,97.0
2026-09-01 03:22:30,IN-DELHI-01,45.0,15.7,45.6,996.4,252.2,1.08,-0.13,10.66,10.72,0.91,90,1165,4085,0,7,10.5,4095,0,185.7,0.0,0,3,WILDFIRE,Extreme,98.0,94.1
2026-09-01 03:22:35,IN-DELHI-01,22.3,93.2,26.2,985.9,340.8,1.08,-0.21,10.66,10.72,0.91,13,445,1405,96,394,709.2,1274,97,55.8,-14.09,0,1,FLASH_FLOOD,Severe,88.8,96.8
2026-09-01 03:22:40,IN-DELHI-01,31.9,51.9,35.6,1000.9,213.8,1.02,-0.31,10.67,10.72,0.91,2,407,4025,2,12,18.0,4087,0,179.4,0.22,0,0,NORMAL,None,12.4,94.2
2026-09-01 03:22:45,IN-DELHI-01,27.9,56.5,30.6,1002.0,205.1,0.94,-0.28,10.81,10.86,1.05,2,407,4013,2,14,21.0,4066,1,173.4,0.08,0,0,NORMAL,None,15.0,97.1
2026-09-01 03:22:50,IN-DELHI-01,19.6,92.6,22.2,992.4,285.7,3.83,1.59,11.66,12.38,2.57,8,428,1292,100,123,196.8,1430,92,138.0,-1.83,0,2,LANDSLIDE_PRECURSOR,Extreme,87.1,94.3
2026-09-01 03:22:55,IN-DELHI-01,21.2,67.4,22.5,1003.5,192.1,1.05,-0.18,10.75,10.8,0.99,166,2392,4016,2,4,6.0,4051,1,180.5,0.0,1,4,HAZARDOUS_AIR_POLLUTION,Severe,91.9,98.2
2026-09-01 03:23:00,IN-DELHI-01,32.8,51.5,36.9,1000.9,214.1,1.06,-0.18,10.55,10.61,0.8,0,400,4059,1,0,0.0,4075,0,178.1,-0.03,1,0,NORMAL,None,7.7,96.1
2026-09-01 03:23:05,IN-DELHI-01,22.4,97.2,26.7,989.9,306.5,6.22,1.88,10.45,12.3,2.49,12,442,1228,100,212,339.2,1463,90,109.9,-1.93,0,2,LANDSLIDE_PRECURSOR,Extreme,92.4,91.5
2026-09-01 03:23:10,IN-DELHI-01,21.4,92.8,24.8,985.7,342.3,0.83,-0.09,10.66,10.69,0.88,14,449,1457,94,290,522.0,1212,99,41.5,-3.71,0,1,FLASH_FLOOD,Severe,91.7,96.9
2026-09-01 03:23:15,IN-DELHI-01,28.7,50.4,30.8,1000.3,219.1,1.03,-0.25,10.77,10.82,1.01,2,407,4054,1,18,27.0,4082,0,184.4,-0.03,0,0,NORMAL,None,16.4,92.5
2026-09-01 03:23:20,IN-DELHI-01,28.7,68.6,33.3,1007.1,161.8,0.97,-0.2,10.69,10.74,0.93,200,2800,4018,2,7,10.5,4070,0,179.6,0.0,1,4,HAZARDOUS_AIR_POLLUTION,Extreme,96.0,95.1
2026-09-01 03:23:25,IN-DELHI-01,27.0,48.8,28.4,1005.9,172.2,1.06,-0.2,10.91,10.96,1.15,123,1876,3996,3,8,12.0,4054,1,177.2,0.0,0,4,HAZARDOUS_AIR_POLLUTION,Severe,86.8,92.4
2026-09-01 03:23:30,IN-DELHI-01,29.6,51.4,32.3,1001.6,208.2,0.96,-0.28,10.8,10.85,1.04,3,410,4061,1,10,15.0,4095,0,200.3,0.14,0,0,NORMAL,None,5.8,94.6
2026-09-01 03:23:35,IN-DELHI-01,28.7,49.0,30.7,1002.0,205.0,1.03,-0.11,10.66,10.71,0.9,3,410,3940,5,1,1.5,4077,0,185.7,-0.06,0,0,NORMAL,None,10.4,95.9
2026-09-01 03:23:40,IN-DELHI-01,22.7,63.1,24.1,999.2,228.9,0.91,-0.18,10.83,10.87,1.06,28,512,1784,82,630,1228.5,3420,23,54.8,0.27,0,5,WATER_CONTAMINATION,Severe,89.6,90.8
2026-09-01 03:23:45,IN-DELHI-01,23.2,86.9,27.0,987.6,326.0,4.06,1.42,12.05,12.8,2.99,11,438,1261,100,252,403.2,1887,76,133.2,-1.3,0,2,LANDSLIDE_PRECURSOR,Extreme,90.1,86.5
2026-09-01 03:23:50,IN-DELHI-01,25.9,71.2,29.3,1002.4,201.4,1.19,-0.22,10.72,10.79,0.98,5,420,1883,79,452,881.4,3575,17,72.1,-1.44,0,5,WATER_CONTAMINATION,Severe,82.6,89.0
2026-09-01 03:23:55,IN-DELHI-01,28.6,49.5,30.7,1001.2,211.4,1.04,-0.14,10.7,10.75,0.94,0,400,4075,0,5,7.5,4088,0,188.9,0.07,0,0,NORMAL,None,10.8,97.4
2026-09-01 03:24:00,IN-DELHI-01,26.8,66.2,30.2,1000.6,217.0,1.15,-0.25,10.7,10.77,0.96,8,432,1712,85,465,906.8,3029,36,96.7,-1.63,0,5,WATER_CONTAMINATION,Severe,83.1,89.9
2026-09-01 03:24:05,IN-DELHI-01,24.5,71.1,27.4,1000.9,214.2,1.05,-0.16,10.83,10.89,1.08,14,456,1760,83,548,1068.6,3293,27,57.3,-2.02,0,5,WATER_CONTAMINATION,Severe,86.4,92.4
2026-09-01 03:24:10,IN-DELHI-01,25.6,58.5,27.6,1001.7,207.1,0.98,-0.21,10.79,10.84,1.03,6,421,4020,2,8,12.0,4045,1,179.4,0.06,0,0,NORMAL,None,15.8,95.6
2026-09-01 03:24:15,IN-DELHI-01,20.8,93.6,24.0,991.2,295.9,1.19,-0.42,11.18,11.25,1.44,22,477,1344,98,289,520.2,1323,95,55.3,-12.75,0,1,FLASH_FLOOD,Severe,88.9,94.5
2026-09-01 03:24:20,IN-DELHI-01,41.5,25.4,43.8,998.0,238.6,1.01,-0.14,10.69,10.74,0.93,132,1522,4089,0,3,4.5,4095,0,192.4,0.0,0,3,WILDFIRE,Severe,90.3,97.2
2026-09-01 03:24:25,IN-DELHI-01,19.6,85.8,21.7,992.5,284.8,4.93,1.66,9.74,11.04,1.23,14,449,1321,99,218,348.8,1448,91,160.4,-4.31,0,2,LANDSLIDE_PRECURSOR,Extreme,86.4,86.0
2026-09-01 03:24:30,IN-DELHI-01,22.0,68.3,23.6,998.3,235.8,0.91,-0.14,10.92,10.96,1.15,34,536,1869,79,686,1337.7,2962,39,39.9,-2.58,0,5,WATER_CONTAMINATION,Severe,91.8,85.6
2026-09-01 03:24:35,IN-DELHI-01,25.3,56.9,27.0,1005.6,174.5,1.02,-0.13,10.78,10.83,1.02,204,2848,3968,4,22,33.0,4048,1,180.5,0.0,0,4,HAZARDOUS_AIR_POLLUTION,Extreme,96.5,91.3
2026-09-01 03:24:40,IN-DELHI-01,29.0,52.4,31.5,999.6,225.5,1.15,-0.19,10.47,10.53,0.72,1,403,4051,1,16,24.0,4095,0,182.9,-0.2,0,0,NORMAL,None,7.5,94.6
2026-09-01 03:24:45,IN-DELHI-01,23.8,94.3,28.6,987.8,324.6,1.08,-0.22,10.76,10.81,1.0,21,473,1339,98,331,595.8,1294,96,33.8,-13.37,0,1,FLASH_FLOOD,Severe,93.2,93.6
2026-09-01 03:24:50,IN-DELHI-01,27.3,51.3,29.1,1000.8,214.8,1.12,-0.24,10.64,10.7,0.89,1,403,3977,4,5,7.5,4059,1,182.4,0.16,0,0,NORMAL,None,13.1,98.3
2026-09-01 03:24:55,IN-DELHI-01,25.8,85.4,30.8,992.5,284.9,-2.41,-2.98,11.47,12.1,2.29,14,449,1252,100,198,316.8,1748,81,129.0,-6.3,0,2,LANDSLIDE_PRECURSOR,Extreme,88.1,89.7
2026-09-01 03:25:00,IN-DELHI-01,25.5,58.0,27.4,1000.3,219.1,1.0,-0.24,10.6,10.65,0.84,9,436,1679,86,477,930.1,3500,20,67.7,-1.69,1,5,WATER_CONTAMINATION,Severe,83.6,85.3
2026-09-01 03:25:05,IN-DELHI-01,23.6,99.0,28.8,987.9,323.9,1.07,-0.29,10.45,10.51,0.7,12,442,1230,100,241,433.8,1216,99,34.2,-12.44,1,1,FLASH_FLOOD,Severe,93.2,90.9
2026-09-01 03:25:10,IN-DELHI-01,24.9,60.7,26.9,1003.9,189.2,1.08,-0.23,10.75,10.81,1.0,226,3112,4017,2,24,36.0,4053,1,183.8,0.0,0,4,HAZARDOUS_AIR_POLLUTION,Extreme,99.0,94.5
2026-09-01 03:25:15,IN-DELHI-01,43.0,23.1,45.2,999.3,227.7,1.06,-0.08,10.72,10.77,0.96,159,1751,4080,0,0,0.0,4095,0,186.8,0.0,0,3,WILDFIRE,Extreme,95.4,89.9
2026-09-01 03:25:20,IN-DELHI-01,22.6,86.5,26.1,992.8,282.1,4.73,1.93,10.24,11.45,1.64,12,442,1236,100,247,395.2,1410,92,153.2,-2.23,0,2,LANDSLIDE_PRECURSOR,Extreme,90.0,91.2
2026-09-01 03:25:25,IN-DELHI-01,27.6,60.3,30.5,997.7,241.0,0.98,-0.18,10.63,10.68,0.87,16,464,1750,83,498,971.1,2825,43,76.1,-1.43,0,5,WATER_CONTAMINATION,Severe,84.4,92.7
2026-09-01 03:25:30,IN-DELHI-01,28.8,53.1,31.3,1000.9,214.4,1.04,-0.12,10.8,10.85,1.04,7,424,4044,1,10,15.0,4048,1,187.0,-0.08,0,0,NORMAL,None,6.2,92.7
2026-09-01 03:25:35,IN-DELHI-01,26.2,53.6,27.8,1000.0,221.6,1.15,-0.18,10.68,10.75,0.94,9,431,4009,3,14,21.0,4067,0,175.3,0.19,0,0,NORMAL,None,16.1,97.8
2026-09-01 03:25:40,IN-DELHI-01,26.4,70.6,30.0,998.9,230.9,1.05,-0.12,10.77,10.82,1.01,16,464,1637,87,499,973.0,3335,26,51.8,-3.03,0,5,WATER_CONTAMINATION,Severe,84.5,88.1
2026-09-01 03:25:45,IN-DELHI-01,25.2,54.7,26.6,999.4,227.0,1.19,-0.18,10.71,10.78,0.97,1,403,4095,0,9,13.5,4095,0,180.4,0.27,0,0,NORMAL,None,4.0,94.5
2026-09-01 03:25:50,IN-DELHI-01,23.6,95.3,28.4,985.6,343.1,1.22,0.01,11.14,11.21,1.4,12,442,1238,100,330,594.0,1305,96,64.7,-8.77,1,1,FLASH_FLOOD,Severe,87.1,96.0
2026-09-01 03:25:55,IN-DELHI-01,40.6,15.9,40.6,1000.2,220.2,1.21,-0.21,10.79,10.86,1.05,116,1386,4085,0,0,0.0,4095,0,190.9,0.0,0,3,WILDFIRE,Severe,87.2,92.6
2026-09-01 03:26:00,IN-DELHI-01,22.1,90.1,25.7,988.2,321.2,1.12,-0.17,10.86,10.92,1.11,11,438,1375,97,392,705.6,1272,97,38.1,-14.51,0,1,FLASH_FLOOD,Severe,92.4,89.0
2026-09-01 03:26:05,IN-DELHI-01,28.7,56.1,31.6,1000.1,220.5,1.07,-0.16,10.71,10.76,0.95,2,407,4043,1,3,4.5,4044,1,185.9,0.23,0,0,NORMAL,None,11.3,97.9
2026-09-01 03:26:10,IN-DELHI-01,23.3,58.1,24.4,1004.1,186.7,1.0,-0.22,10.71,10.76,0.95,30,520,2047,73,606,1181.7,3020,37,62.6,-0.75,0,5,WATER_CONTAMINATION,Severe,88.6,93.8
2026-09-01 03:26:15,IN-DELHI-01,28.3,60.4,31.6,1000.8,214.7,1.05,-0.24,10.56,10.62,0.81,3,410,4048,1,19,28.5,4039,1,178.6,0.13,0,0,NORMAL,None,9.0,95.5
2026-09-01 03:26:20,IN-DELHI-01,25.5,71.0,28.7,997.9,239.3,1.14,-0.19,10.69,10.75,0.94,25,500,2022,74,701,1367.0,3224,30,81.9,-1.36,0,5,WATER_CONTAMINATION,Severe,92.3,87.2
2026-09-01 03:26:25,IN-DELHI-01,28.8,54.4,31.5,1003.8,189.5,1.02,-0.19,10.61,10.66,0.85,0,400,4014,2,14,21.0,4085,0,182.4,0.03,0,0,NORMAL,None,11.6,95.5
2026-09-01 03:26:30,IN-DELHI-01,26.7,61.4,29.4,1003.5,192.0,1.17,-0.27,10.83,10.9,1.09,176,2512,3990,3,3,4.5,4061,1,185.7,0.0,0,4,HAZARDOUS_AIR_POLLUTION,Severe,93.1,93.1
2026-09-01 03:26:35,IN-DELHI-01,27.5,53.9,29.6,1000.1,220.8,1.18,-0.12,10.77,10.83,1.02,2,407,3982,4,9,13.5,4071,0,188.8,0.14,0,0,NORMAL,None,8.6,98.9
2026-09-01 03:26:40,IN-DELHI-01,28.2,53.4,30.5,1000.0,221.4,1.15,-0.2,10.7,10.76,0.95,10,435,4037,2,5,7.5,4094,0,171.7,-0.07,0,0,NORMAL,None,16.3,98.7
2026-09-01 03:26:45,IN-DELHI-01,30.4,49.3,33.1,999.4,226.4,1.22,-0.17,10.78,10.85,1.04,1,403,4095,0,15,22.5,4093,0,169.8,-0.22,0,0,NORMAL,None,13.3,98.2
2026-09-01 03:26:50,IN-DELHI-01,27.6,68.1,31.5,1002.0,204.7,0.98,-0.17,10.83,10.88,1.07,2,407,4022,2,11,16.5,4067,0,174.9,-0.03,0,0,NORMAL,None,8.3,98.5
2026-09-01 03:26:55,IN-DELHI-01,27.1,60.8,30.0,1010.3,134.8,1.1,-0.21,10.76,10.82,1.01,85,1420,3960,4,20,30.0,4068,0,180.3,0.0,0,4,HAZARDOUS_AIR_POLLUTION,Severe,82.2,95.1
2026-09-01 03:27:00,IN-DELHI-01,27.8,53.5,30.1,1001.1,212.7,1.12,-0.26,10.66,10.72,0.91,0,400,4072,0,13,19.5,4070,0,178.7,-0.1,0,0,NORMAL,None,15.2,98.2
2026-09-01 03:27:05,IN-DELHI-01,20.0,84.1,22.1,993.7,275.0,-3.07,-2.55,11.07,11.77,1.96,19,466,1211,100,260,416.0,1800,79,133.1,-2.96,0,2,LANDSLIDE_PRECURSOR,Extreme,94.5,96.1
2026-09-01 03:27:10,IN-DELHI-01,23.0,94.5,27.3,983.9,357.4,0.95,-0.2,11.07,11.12,1.31,16,456,1308,99,326,586.8,1178,100,45.7,-11.03,0,1,FLASH_FLOOD,Severe,90.9,95.5
2026-09-01 03:27:15,IN-DELHI-01,21.9,91.1,25.5,990.7,300.2,1.15,-0.38,10.55,10.62,0.81,20,470,1501,92,320,576.0,1197,100,24.4,-9.99,0,1,FLASH_FLOOD,Extreme,95.1,92.5
2026-09-01 03:27:20,IN-DELHI-01,21.9,96.3,25.9,987.7,325.5,1.12,-0.14,10.66,10.72,0.91,14,449,1419,95,418,752.4,1286,97,24.9,-12.5,1,1,FLASH_FLOOD,Extreme,95.0,93.5
2026-09-01 03:27:25,IN-DELHI-01,25.7,73.0,29.3,1002.6,200.1,1.13,-0.15,10.78,10.84,1.03,13,452,2082,72,530,1033.5,3199,30,72.2,-1.13,0,5,WATER_CONTAMINATION,Severe,85.7,91.7
2026-09-01 03:27:30,IN-DELHI-01,41.1,18.3,41.5,998.5,234.5,1.07,-0.04,10.79,10.84,1.03,80,1080,4063,1,8,12.0,4095,0,186.3,0.0,1,3,WILDFIRE,Severe,88.9,97.3
2026-09-01 03:27:35,IN-DELHI-01,30.8,51.3,33.9,999.6,224.7,1.13,-0.13,11.1,11.16,1.35,5,417,4073,0,14,21.0,4077,0,177.7,0.05,1,0,NORMAL,None,10.8,93.1
2026-09-01 03:27:40,IN-DELHI-01,28.0,57.1,30.8,1001.1,212.7,1.04,-0.21,10.78,10.83,1.02,2,407,4021,2,9,13.5,4063,1,182.7,-0.2,0,0,NORMAL,None,7.8,95.9
2026-09-01 03:27:45,IN-DELHI-01,41.8,17.7,42.1,998.6,233.1,0.94,-0.24,10.88,10.93,1.12,126,1471,4079,0,0,0.0,4095,0,193.6,0.0,0,3,WILDFIRE,Severe,91.2,91.0
2026-09-01 03:27:50,IN-DELHI-01,24.8,95.8,30.4,988.1,321.9,1.19,-0.04,10.97,11.03,1.22,21,473,1366,97,366,658.8,1061,100,48.6,-15.83,0,1,FLASH_FLOOD,Severe,90.3,88.5
2026-09-01 03:27:55,IN-DELHI-01,21.1,91.3,24.3,993.4,277.2,-1.93,-2.68,11.15,11.63,1.82,14,449,1298,100,263,420.8,1642,84,115.7,-3.99,1,2,LANDSLIDE_PRECURSOR,Extreme,91.9,93.2
2026-09-01 03:28:00,IN-DELHI-01,27.7,56.3,30.2,1006.8,164.3,0.93,-0.1,11.0,11.04,1.23,142,2104,4026,2,24,36.0,4045,1,189.6,0.0,0,4,HAZARDOUS_AIR_POLLUTION,Severe,89.0,96.1
2026-09-01 03:28:05,IN-DELHI-01,19.8,89.8,22.3,989.4,310.7,-1.19,-1.7,11.22,11.41,1.6,11,438,1276,100,284,454.4,1686,83,142.2,-3.4,0,2,LANDSLIDE_PRECURSOR,Extreme,89.3,90.4
2026-09-01 03:28:10,IN-DELHI-01,26.0,58.0,28.1,1001.8,206.5,1.06,-0.16,10.74,10.79,0.98,8,428,3975,4,9,13.5,4095,0,191.4,-0.11,0,0,NORMAL,None,7.1,98.3
2026-09-01 03:28:15,IN-DELHI-01,22.2,89.9,25.7,983.5,361.1,1.14,-0.19,10.82,10.88,1.07,24,484,1466,94,369,664.2,1297,96,50.8,-13.52,1,1,FLASH_FLOOD,Severe,89.8,89.0
2026-09-01 03:28:20,IN-DELHI-01,26.9,59.9,29.5,1005.1,178.9,0.98,-0.28,10.71,10.76,0.95,135,2020,3932,5,16,24.0,4052,1,186.2,0.0,0,4,HAZARDOUS_AIR_POLLUTION,Severe,88.2,94.0
2026-09-01 03:28:25,IN-DELHI-01,25.4,89.4,30.6,991.7,291.5,1.1,-0.17,10.56,10.62,0.81,10,435,1432,95,227,408.6,1302,96,37.1,-10.08,1,1,FLASH_FLOOD,Severe,92.6,96.5
2026-09-01 03:28:30,IN-DELHI-01,23.3,80.0,26.5,990.2,304.5,3.31,1.43,10.53,11.13,1.32,18,463,1258,100,275,440.0,1653,84,129.3,-1.04,0,2,LANDSLIDE_PRECURSOR,Extreme,97.3,92.9
2026-09-01 03:28:35,IN-DELHI-01,24.6,92.7,29.6,995.8,257.1,-1.65,-1.72,7.67,8.03,1.78,17,459,1259,100,283,452.8,1642,84,107.9,-6.02,0,2,LANDSLIDE_PRECURSOR,Extreme,96.3,95.9
2026-09-01 03:28:40,IN-DELHI-01,22.9,96.8,27.5,990.2,304.0,1.02,-0.27,10.96,11.02,1.21,11,438,1340,98,336,604.8,1251,98,30.2,-12.6,0,1,FLASH_FLOOD,Severe,94.0,88.9
2026-09-01 03:28:45,IN-DELHI-01,23.2,88.0,27.0,990.3,303.9,4.19,1.2,10.97,11.81,2.0,10,435,1268,100,194,310.4,1919,75,123.8,-2.87,0,2,LANDSLIDE_PRECURSOR,Extreme,94.0,93.8
2026-09-01 03:28:50,IN-DELHI-01,28.3,46.9,29.9,999.5,225.9,1.14,-0.17,10.6,10.66,0.85,4,414,4019,2,2,3.0,4064,1,179.5,-0.12,0,0,NORMAL,None,2.9,95.9
2026-09-01 03:28:55,IN-DELHI-01,19.9,65.6,20.6,1000.6,216.8,1.16,-0.22,10.91,10.97,1.16,18,472,2044,73,575,1121.2,3585,17,72.1,-0.26,0,5,WATER_CONTAMINATION,Severe,87.4,91.5
2026-09-01 03:29:00,IN-DELHI-01,27.7,56.7,30.3,1003.8,189.9,1.09,-0.11,10.78,10.84,1.03,122,1864,3979,4,18,27.0,4043,1,180.4,0.0,0,4,HAZARDOUS_AIR_POLLUTION,Severe,86.6,94.1
2026-09-01 03:29:05,IN-DELHI-01,24.8,99.0,30.6,990.2,304.6,1.13,-0.29,11.19,11.25,1.44,15,452,1389,96,349,628.2,1171,100,59.0,-17.26,0,1,FLASH_FLOOD,Severe,88.2,91.4
2026-09-01 03:29:10,IN-DELHI-01,42.5,22.8,44.5,997.4,243.7,1.01,-0.23,10.67,10.72,0.91,99,1241,4076,0,2,3.0,4095,0,183.7,0.0,0,3,WILDFIRE,Extreme,93.8,91.4
2026-09-01 03:29:15,IN-DELHI-01,27.1,49.6,28.6,1001.5,209.1,1.13,-0.24,10.83,10.89,1.08,2,407,4031,2,8,12.0,4063,1,178.8,0.1,0,0,NORMAL,None,13.5,98.5
2026-09-01 03:29:20,IN-DELHI-01,28.1,52.7,30.3,1006.9,163.4,1.12,-0.24,10.58,10.64,0.83,268,3616,4000,3,28,42.0,4059,1,185.6,0.0,1,4,HAZARDOUS_AIR_POLLUTION,Extreme,99.0,96.5
2026-09-01 03:29:25,IN-DELHI-01,28.2,60.1,31.4,1000.4,217.9,0.95,-0.16,10.55,10.6,0.79,0,400,4006,3,11,16.5,4059,1,182.2,0.06,0,0,NORMAL,None,9.8,93.0
2026-09-01 03:29:30,IN-DELHI-01,28.8,45.7,30.4,1001.5,208.9,1.2,-0.06,10.66,10.73,0.92,0,400,4067,1,15,22.5,4095,0,194.1,0.1,0,0,NORMAL,None,12.4,95.5
2026-09-01 03:29:35,IN-DELHI-01,28.3,54.0,30.8,1002.7,199.3,1.06,-0.11,10.74,10.8,0.99,0,400,4095,0,17,25.5,4050,1,187.3,0.01,1,0,NORMAL,None,11.5,98.3
2026-09-01 03:29:40,IN-DELHI-01,29.5,56.2,32.8,999.4,226.7,1.08,-0.2,10.71,10.76,0.95,0,400,4069,0,5,7.5,4043,1,177.8,0.08,0,0,NORMAL,None,16.5,97.6
2026-09-01 03:29:45,IN-DELHI-01,26.2,55.8,28.1,999.8,223.3,0.95,-0.09,10.69,10.74,0.93,3,410,4012,2,18,27.0,4064,1,173.7,0.14,0,0,NORMAL,None,5.4,96.1
2026-09-01 03:29:50,IN-DELHI-01,23.3,91.4,27.5,990.4,302.7,-2.42,-1.39,11.4,11.74,1.93,16,456,1320,99,200,320.0,1521,88,132.8,-3.08,0,2,LANDSLIDE_PRECURSOR,Extreme,87.6,95.9
2026-09-01 03:29:55,IN-DELHI-01,30.8,65.3,36.1,1004.0,187.6,1.1,-0.09,10.7,10.75,0.94,184,2608,3914,6,18,27.0,4051,1,185.2,0.0,1,4,HAZARDOUS_AIR_POLLUTION,Extreme,94.1,97.3
2026-09-01 03:30:00,IN-DELHI-01,29.7,44.6,31.5,1000.3,219.6,0.98,-0.19,10.69,10.73,0.92,0,400,3989,3,11,16.5,4036,2,177.8,-0.05,0,0,NORMAL,None,3.7,95.4
2026-09-01 03:30:05,IN-DELHI-01,44.3,17.4,45.2,995.0,264.0,1.09,-0.22,10.76,10.81,1.0,133,1530,4095,0,0,0.0,4095,0,192.4,0.0,0,3,WILDFIRE,Extreme,98.0,88.5
2026-09-01 03:30:10,IN-DELHI-01,26.3,62.2,28.9,1008.4,150.7,1.05,-0.23,10.78,10.84,1.03,148,2176,3967,4,5,7.5,4067,0,179.2,0.0,0,4,HAZARDOUS_AIR_POLLUTION,Severe,89.8,96.6
2026-09-01 03:30:15,IN-DELHI-01,29.9,49.1,32.4,1000.8,214.9,0.9,-0.31,10.57,10.61,0.8,1,403,4071,0,13,19.5,4079,0,182.6,0.05,0,0,NORMAL,None,6.3,93.2
2026-09-01 03:30:20,IN-DELHI-01,22.9,93.7,27.1,991.2,295.9,0.87,-0.08,10.82,10.85,1.04,14,449,1405,96,285,513.0,1177,100,53.3,-10.77,1,1,FLASH_FLOOD,Severe,89.3,94.9
2026-09-01 03:30:25,IN-DELHI-01,28.1,67.1,32.2,1004.4,184.8,0.94,-0.26,10.68,10.73,0.92,124,1888,3975,4,16,24.0,4049,1,183.4,0.0,0,4,HAZARDOUS_AIR_POLLUTION,Severe,86.9,98.3
2026-09-01 03:30:30,IN-DELHI-01,24.2,70.3,26.9,1002.4,201.3,0.98,-0.18,10.48,10.52,0.71,24,496,1765,83,661,1289.0,2905,41,101.6,-0.97,1,5,WATER_CONTAMINATION,Severe,90.8,92.7
2026-09-01 03:30:35,IN-DELHI-01,22.7,89.2,26.5,990.0,305.9,0.9,-0.19,10.7,10.74,0.93,9,431,1354,98,283,509.4,1357,94,63.6,-9.13,1,1,FLASH_FLOOD,Severe,87.3,89.0
2026-09-01 03:30:40,IN-DELHI-01,42.5,15.6,42.5,999.6,225.2,1.11,-0.17,10.76,10.82,1.01,134,1539,4089,0,10,15.0,4095,0,188.6,0.0,1,3,WILDFIRE,Extreme,93.7,92.1
2026-09-01 03:30:45,IN-DELHI-01,27.1,73.5,31.4,1000.3,218.9,1.02,-0.21,10.61,10.66,0.85,26,504,1576,90,510,994.5,3428,23,61.0,-0.66,1,5,WATER_CONTAMINATION,Severe,84.9,86.4
2026-09-01 03:30:50,IN-DELHI-01,26.4,45.5,27.3,1002.4,201.3,0.93,-0.15,10.84,10.88,1.07,1,403,4076,0,6,9.0,4071,0,193.4,-0.23,1,0,NORMAL,None,8.8,94.3
2026-09-01 03:30:55,IN-DELHI-01,25.3,49.2,26.2,999.7,224.1,1.19,-0.28,10.93,11.0,1.19,2,407,4037,2,7,10.5,4093,0,163.1,0.21,1,0,NORMAL,None,7.5,95.8
2026-09-01 03:31:00,IN-DELHI-01,23.7,63.3,25.5,1005.9,171.7,1.06,-0.1,10.75,10.8,0.99,154,2248,4000,3,14,21.0,4031,2,174.5,0.0,0,4,HAZARDOUS_AIR_POLLUTION,Severe,90.5,93.5
2026-09-01 03:31:05,IN-DELHI-01,24.9,72.4,28.0,999.7,224.2,1.15,-0.1,10.75,10.81,1.0,17,468,1592,89,673,1312.3,2859,42,66.8,-1.01,0,5,WATER_CONTAMINATION,Severe,91.2,87.6
2026-09-01 03:31:10,IN-DELHI-01,25.3,63.9,27.8,1007.4,159.7,1.01,-0.2,10.67,10.72,0.91,85,1420,3993,3,29,43.5,4062,1,187.7,0.0,0,4,HAZARDOUS_AIR_POLLUTION,Severe,82.2,96.8
2026-09-01 03:31:15,IN-DELHI-01,42.6,17.6,43.1,994.3,269.8,1.27,-0.14,10.92,10.99,1.18,147,1649,4087,0,3,4.5,4095,0,190.6,0.0,0,3,WILDFIRE,Extreme,94.0,87.6
2026-09-01 03:31:20,IN-DELHI-01,24.3,54.3,25.4,1006.3,168.5,1.12,-0.25,10.74,10.8,0.99,202,2824,3967,4,20,30.0,4063,1,179.9,0.0,0,4,HAZARDOUS_AIR_POLLUTION,Extreme,96.2,90.3
2026-09-01 03:31:25,IN-DELHI-01,22.8,90.8,26.7,985.8,341.5,1.25,-0.39,11.01,11.09,1.28,10,435,1500,92,337,606.6,1185,100,42.7,-11.98,0,1,FLASH_FLOOD,Severe,91.5,93.2
2026-09-01 03:31:30,IN-DELHI-01,42.6,19.9,43.8,995.6,258.8,1.08,-0.21,10.77,10.82,1.01,123,1445,4087,0,1,1.5,4095,0,188.7,0.0,1,3,WILDFIRE,Extreme,94.2,97.9
2026-09-01 03:31:35,IN-DELHI-01,29.3,60.3,33.1,1001.3,210.6,0.97,-0.14,10.91,10.95,1.14,0,400,4034,2,4,6.0,4067,0,183.3,0.01,1,0,NORMAL,None,15.9,98.5
2026-09-01 03:31:40,IN-DELHI-01,29.1,52.6,31.8,1000.1,221.0,0.97,-0.25,10.53,10.58,0.77,7,424,4057,1,18,27.0,4064,1,191.3,-0.19,0,0,NORMAL,None,3.6,92.3
2026-09-01 03:31:45,IN-DELHI-01,27.7,49.4,29.4,1001.0,213.1,1.16,-0.2,10.77,10.84,1.03,1,403,4065,1,9,13.5,4025,2,181.0,-0.04,0,0,NORMAL,None,14.2,96.5
2026-09-01 03:31:50,IN-DELHI-01,44.4,19.5,46.0,996.3,252.5,1.04,-0.21,10.72,10.77,0.96,101,1258,4071,0,4,6.0,4095,0,193.3,0.0,0,3,WILDFIRE,Extreme,98.0,96.5
2026-09-01 03:31:55,IN-DELHI-01,22.3,72.0,24.4,1009.1,145.2,1.03,-0.22,10.59,10.64,0.83,162,2344,3990,3,10,15.0,4030,2,176.1,0.0,1,4,HAZARDOUS_AIR_POLLUTION,Severe,91.4,94.9
2026-09-01 03:32:00,IN-DELHI-01,27.5,59.4,30.4,1000.3,219.0,1.13,-0.04,10.62,10.68,0.87,20,480,1902,78,562,1095.9,2908,41,91.3,-2.79,0,5,WATER_CONTAMINATION,Severe,86.9,89.1
2026-09-01 03:32:05,IN-DELHI-01,43.6,22.1,45.7,993.8,274.1,0.99,-0.27,10.75,10.8,0.99,98,1233,4077,0,5,7.5,4095,0,192.0,0.0,0,3,WILDFIRE,Extreme,97.5,95.9
2026-09-01 03:32:10,IN-DELHI-01,23.1,81.5,26.4,990.5,301.5,-2.49,-2.04,11.37,11.81,2.0,13,445,1293,100,200,320.0,1583,86,149.1,-2.22,0,2,LANDSLIDE_PRECURSOR,Extreme,91.2,94.5
2026-09-01 03:32:15,IN-DELHI-01,18.1,91.9,20.0,992.1,288.5,-4.58,-3.48,9.36,10.99,1.18,15,452,1353,98,256,409.6,1730,81,121.0,-5.11,0,2,LANDSLIDE_PRECURSOR,Extreme,97.1,91.2
2026-09-01 03:32:20,IN-DELHI-01,25.8,51.2,27.1,1001.0,213.1,0.96,-0.19,10.74,10.78,0.97,1,403,4017,2,2,3.0,4079,0,196.3,-0.19,0,0,NORMAL,None,9.8,96.6
2026-09-01 03:32:25,IN-DELHI-01,22.0,93.7,25.9,985.2,346.3,0.84,-0.17,10.84,10.87,1.06,14,449,1389,96,229,412.2,1082,100,53.2,-10.29,0,1,FLASH_FLOOD,Severe,89.4,88.2
2026-09-01 03:32:30,IN-DELHI-01,28.8,44.6,30.2,1003.4,193.3,1.05,-0.13,10.62,10.67,0.86,4,414,4002,3,13,19.5,4057,1,183.4,-0.07,0,0,NORMAL,None,12.1,95.4
2026-09-01 03:32:35,IN-DELHI-01,29.6,49.7,32.0,999.8,223.5,1.15,-0.2,10.58,10.65,0.84,1,403,4079,0,1,1.5,4057,1,184.8,-0.06,0,0,NORMAL,None,13.3,98.9
2026-09-01 03:32:40,IN-DELHI-01,28.7,61.6,32.4,1001.0,213.3,1.18,-0.21,10.72,10.79,0.98,10,435,4030,2,2,3.0,4074,0,178.8,-0.25,0,0,NORMAL,None,11.1,96.7
2026-09-01 03:32:45,IN-DELHI-01,36.2,18.1,36.2,991.8,290.8,0.97,-0.1,10.6,10.64,0.83,116,1386,4073,0,1,1.5,4095,0,189.8,0.0,0,3,WILDFIRE,Severe,75.0,97.2
2026-09-01 03:32:50,IN-DELHI-01,21.7,59.4,22.5,1006.8,164.6,1.12,-0.2,10.67,10.73,0.92,104,1648,3963,4,17,25.5,4009,2,181.4,0.0,0,4,HAZARDOUS_AIR_POLLUTION,Severe,84.5,90.4
2026-09-01 03:32:55,IN-DELHI-01,20.6,85.2,23.1,990.7,300.4,-2.83,-1.49,11.07,11.52,1.71,6,421,1278,100,252,403.2,1950,74,173.4,-4.67,1,2,LANDSLIDE_PRECURSOR,Extreme,87.7,93.1
2026-09-01 03:33:00,IN-DELHI-01,41.2,15.0,41.2,1000.1,221.2,0.99,-0.3,10.72,10.77,0.96,135,1547,4092,0,5,7.5,4095,0,191.8,0.0,0,3,WILDFIRE,Severe,89.1,87.7
2026-09-01 03:33:05,IN-DELHI-01,27.2,57.9,29.7,1005.9,171.7,1.03,-0.18,10.68,10.74,0.93,156,2272,3981,4,1,1.5,4071,0,174.1,0.0,1,4,HAZARDOUS_AIR_POLLUTION,Severe,90.7,98.0
2026-09-01 03:33:10,IN-DELHI-01,21.7,90.1,25.0,994.9,265.0,-4.18,-2.84,11.63,12.68,2.87,10,435,1273,100,181,289.6,1726,81,111.9,-1.8,1,2,LANDSLIDE_PRECURSOR,Extreme,94.0,87.8
2026-09-01 03:33:15,IN-DELHI-01,22.2,94.1,26.1,988.1,321.8,1.53,-0.37,10.74,10.85,1.04,24,484,1344,98,310,558.0,1415,92,38.2,-13.34,1,1,FLASH_FLOOD,Severe,92.4,89.4
2026-09-01 03:33:20,IN-DELHI-01,28.6,46.9,30.2,1003.8,189.6,0.92,-0.1,10.74,10.78,0.97,1,403,4016,2,12,18.0,4059,1,180.1,-0.31,0,0,NORMAL,None,10.9,93.5
2026-09-01 03:33:25,IN-DELHI-01,20.2,83.7,22.3,995.4,260.3,6.07,2.53,10.83,12.67,2.86,18,463,1283,100,276,441.6,1515,89,115.8,-4.03,0,2,LANDSLIDE_PRECURSOR,Extreme,87.5,90.7
2026-09-01 03:33:30,IN-DELHI-01,27.2,51.3,29.0,1000.6,217.0,1.0,-0.17,10.81,10.86,1.05,0,400,4059,1,13,19.5,4054,1,186.1,0.14,0,0,NORMAL,None,6.4,97.9
2026-09-01 03:33:35,IN-DELHI-01,24.5,71.7,27.5,1003.2,194.3,1.04,-0.1,10.94,10.99,1.18,146,2152,3905,6,0,0.0,4063,1,179.0,0.0,0,4,HAZARDOUS_AIR_POLLUTION,Severe,89.5,97.1
2026-09-01 03:33:40,IN-DELHI-01,37.0,19.6,37.0,997.5,242.5,0.97,-0.19,10.8,10.85,1.04,149,1666,4084,0,12,18.0,4095,0,183.9,0.0,1,3,WILDFIRE,Severe,75.0,87.2
2026-09-01 03:33:45,IN-DELHI-01,24.1,91.3,28.8,983.3,362.8,1.17,-0.08,10.57,10.63,0.82,7,424,1305,99,407,732.6,1225,99,74.1,-13.87,0,1,FLASH_FLOOD,Severe,85.2,89.3
2026-09-01 03:33:50,IN-DELHI-01,23.0,94.2,27.4,988.1,321.8,1.22,-0.29,10.85,10.93,1.12,15,452,1260,100,269,484.2,1250,98,72.5,-22.56,1,1,FLASH_FLOOD,Severe,85.5,91.5
2026-09-01 03:33:55,IN-DELHI-01,43.3,20.2,44.7,996.3,252.8,0.94,-0.1,10.73,10.78,0.97,131,1513,4086,0,7,10.5,4095,0,189.5,0.0,0,3,WILDFIRE,Extreme,96.5,94.9
2026-09-01 03:34:00,IN-DELHI-01,22.3,86.9,25.6,994.1,271.5,-4.38,-2.87,11.07,12.24,2.43,12,442,1274,100,206,329.6,1519,88,109.0,-4.8,0,2,LANDSLIDE_PRECURSOR,Extreme,90.0,96.0
2026-09-01 03:34:05,IN-DELHI-01,21.7,88.4,24.9,992.0,289.2,-4.67,-4.65,11.5,13.26,3.45,11,438,1299,100,293,468.8,1403,92,133.7,-0.31,0,2,LANDSLIDE_PRECURSOR,Extreme,86.4,95.3
2026-09-01 03:34:10,IN-DELHI-01,23.6,90.2,27.9,987.0,331.6,1.32,-0.08,10.47,10.55,0.74,10,435,1380,97,305,549.0,1225,99,15.0,-12.45,1,1,FLASH_FLOOD,Extreme,97.0,93.0
2026-09-01 03:34:15,IN-DELHI-01,23.0,92.4,27.2,991.8,290.7,0.97,-0.14,10.92,10.97,1.16,20,470,1450,94,212,381.6,1241,98,61.3,-13.67,0,1,FLASH_FLOOD,Severe,87.7,88.8
2026-09-01 03:34:20,IN-DELHI-01,37.4,17.8,37.4,996.6,250.7,1.1,-0.35,10.73,10.79,0.98,130,1505,4082,0,7,10.5,4095,0,189.8,0.0,0,3,WILDFIRE,Severe,75.9,93.7
2026-09-01 03:34:25,IN-DELHI-01,26.5,52.6,28.2,1007.9,155.3,1.09,-0.14,10.78,10.84,1.03,89,1468,3969,4,8,12.0,4090,0,176.3,0.0,0,4,HAZARDOUS_AIR_POLLUTION,Severe,82.7,95.2
2026-09-01 03:34:30,IN-DELHI-01,23.5,89.0,27.7,995.6,258.7,4.16,1.5,11.68,12.49,2.68,13,445,1256,100,190,304.0,1860,77,131.0,-5.98,0,2,LANDSLIDE_PRECURSOR,Extreme,94.3,93.3
2026-09-01 03:34:35,IN-DELHI-01,22.1,81.9,25.0,992.1,288.1,6.0,2.58,10.1,12.03,2.22,12,442,1258,100,258,412.8,1719,82,134.6,-4.8,1,2,LANDSLIDE_PRECURSOR,Extreme,98.5,86.2
2026-09-01 03:34:40,IN-DELHI-01,25.1,49.2,25.9,1001.7,207.1,0.99,-0.26,10.76,10.81,1.0,2,407,4047,1,4,6.0,4095,0,178.1,-0.02,0,0,NORMAL,None,6.8,98.9
2026-09-01 03:34:45,IN-DELHI-01,27.9,76.7,33.1,1004.7,182.3,1.05,-0.15,10.62,10.67,0.86,26,504,2122,70,636,1240.2,2989,38,36.8,-0.14,1,5,WATER_CONTAMINATION,Severe,89.8,91.7
2026-09-01 03:34:50,IN-DELHI-01,27.8,53.1,30.0,1007.6,157.9,1.09,-0.13,10.92,10.98,1.17,92,1504,3944,5,17,25.5,4059,1,185.1,0.0,0,4,HAZARDOUS_AIR_POLLUTION,Severe,83.0,94.3
2026-09-01 03:34:55,IN-DELHI-01,24.5,98.3,30.2,994.8,265.4,1.11,-0.23,10.74,10.8,0.99,13,445,1335,98,214,385.2,1214,99,48.2,-9.25,0,1,FLASH_FLOOD,Severe,90.4,94.4
2026-09-01 03:35:00,IN-DELHI-01,25.4,48.3,26.1,999.8,223.5,1.07,-0.17,10.77,10.83,1.02,1,403,4090,0,2,3.0,4067,0,183.5,-0.03,0,0,NORMAL,None,15.9,94.4
2026-09-01 03:35:05,IN-DELHI-01,27.5,50.6,29.3,999.6,225.4,1.22,-0.18,10.88,10.95,1.14,0,400,4026,2,8,12.0,4088,0,178.9,0.02,0,0,NORMAL,None,16.7,95.4
2026-09-01 03:35:10,IN-DELHI-01,25.6,54.1,27.1,1000.4,218.5,0.95,-0.12,10.94,10.98,1.17,3,410,4055,1,17,25.5,4080,0,185.2,0.19,0,0,NORMAL,None,7.8,95.2
2026-09-01 03:35:15,IN-DELHI-01,26.8,51.8,28.4,999.3,227.4,1.0,-0.19,10.88,10.93,1.12,14,449,4038,2,10,15.0,4063,1,172.9,-0.03,0,0,NORMAL,None,14.3,94.4
2026-09-01 03:35:20,IN-DELHI-01,42.9,12.9,42.9,996.0,255.1,0.95,-0.17,10.63,10.67,0.86,171,1853,4065,1,3,4.5,4095,0,187.6,0.0,0,3,WILDFIRE,Extreme,95.3,88.8
2026-09-01 03:35:25,IN-DELHI-01,24.2,69.5,26.8,999.2,228.7,1.04,-0.18,10.57,10.62,0.81,16,464,1874,79,459,895.0,3229,29,79.2,-3.0,0,5,WATER_CONTAMINATION,Severe,82.9,86.7
2026-09-01 03:35:30,IN-DELHI-01,27.3,47.5,28.7,1001.0,213.1,1.08,-0.07,10.59,10.65,0.84,3,410,4086,0,4,6.0,4061,1,188.3,0.2,0,0,NORMAL,None,8.6,98.9
2026-09-01 03:35:35,IN-DELHI-01,20.2,94.5,23.2,987.9,323.4,6.77,2.09,11.34,13.37,3.56,11,438,1199,100,306,489.6,1484,90,147.9,-0.74,0,2,LANDSLIDE_PRECURSOR,Extreme,87.5,95.2
2026-09-01 03:35:40,IN-DELHI-01,22.0,96.6,26.1,988.9,315.3,1.13,-0.21,10.77,10.83,1.02,13,445,1249,100,353,635.4,1200,100,47.8,-7.6,0,1,FLASH_FLOOD,Severe,90.4,96.7
2026-09-01 03:35:45,IN-DELHI-01,40.7,21.7,41.8,995.7,258.0,1.04,-0.15,10.78,10.83,1.02,123,1445,4092,0,5,7.5,4095,0,183.3,0.0,0,3,WILDFIRE,Severe,87.4,97.6
2026-09-01 03:35:50,IN-DELHI-01,27.0,56.5,29.2,999.4,226.9,1.06,-0.22,10.76,10.82,1.01,2,407,4050,1,11,16.5,4095,0,187.7,-0.2,1,0,NORMAL,None,10.5,96.9
2026-09-01 03:35:55,IN-DELHI-01,25.3,62.0,27.5,1005.4,176.0,1.19,-0.2,10.65,10.71,0.9,157,2284,3976,4,11,16.5,4095,0,187.0,0.0,0,4,HAZARDOUS_AIR_POLLUTION,Severe,90.8,96.4
2026-09-01 03:36:00,IN-DELHI-01,27.1,56.7,29.5,1001.5,209.2,1.13,-0.12,10.69,10.75,0.94,2,407,4040,1,9,13.5,4079,0,186.0,0.21,0,0,NORMAL,None,7.1,96.4
2026-09-01 03:36:05,IN-DELHI-01,28.2,50.6,30.2,999.0,229.8,0.92,-0.21,10.87,10.91,1.1,1,403,4060,1,17,25.5,4073,0,173.4,0.05,0,0,NORMAL,None,10.2,95.5
2026-09-01 03:36:10,IN-DELHI-01,28.9,48.1,30.8,1001.4,210.1,1.05,-0.17,10.64,10.7,0.89,1,403,3966,4,7,10.5,4087,0,186.2,0.03,0,0,NORMAL,None,9.5,92.6
2026-09-01 03:36:15,IN-DELHI-01,20.1,86.7,22.4,992.3,287.0,-5.17,-1.45,12.94,14.01,4.2,7,424,1232,100,260,416.0,1461,90,134.2,-3.77,0,2,LANDSLIDE_PRECURSOR,Extreme,96.5,87.1
2026-09-01 03:36:20,IN-DELHI-01,31.6,49.9,34.9,1001.9,205.4,1.05,-0.03,10.6,10.65,0.84,5,417,4027,2,13,19.5,4031,2,174.5,0.06,0,0,NORMAL,None,8.5,96.4
2026-09-01 03:36:25,IN-DELHI-01,28.2,63.2,31.7,1002.6,200.0,1.1,-0.2,10.77,10.82,1.01,27,508,1859,80,599,1168.0,3682,14,59.4,-1.26,1,5,WATER_CONTAMINATION,Severe,88.4,94.8
2026-09-01 03:36:30,IN-DELHI-01,23.7,90.4,28.1,989.3,311.6,1.16,-0.18,10.69,10.76,0.95,22,477,1398,96,359,646.2,1201,99,35.4,-8.19,0,1,FLASH_FLOOD,Severe,92.9,95.7
2026-09-01 03:36:35,IN-DELHI-01,43.1,18.6,44.1,998.9,231.1,0.91,-0.25,10.69,10.74,0.93,128,1488,4074,0,7,10.5,4095,0,190.0,0.0,0,3,WILDFIRE,Extreme,96.0,97.7
2026-09-01 03:36:40,IN-DELHI-01,29.4,78.0,35.6,1005.1,179.1,1.02,-0.06,10.7,10.75,0.94,153,2236,4035,2,16,24.0,4055,1,182.2,0.0,1,4,HAZARDOUS_AIR_POLLUTION,Severe,90.4,96.0
2026-09-01 03:36:45,IN-DELHI-01,27.1,60.8,29.9,1003.8,189.3,1.08,-0.23,10.76,10.82,1.01,174,2488,4080,0,15,22.5,4049,1,182.9,0.0,0,4,HAZARDOUS_AIR_POLLUTION,Severe,92.9,92.0
2026-09-01 03:36:50,IN-DELHI-01,27.6,50.0,29.3,999.6,224.8,1.05,-0.21,10.74,10.79,0.98,0,400,4048,1,19,28.5,4075,0,177.6,-0.15,0,0,NORMAL,None,2.4,94.2
2026-09-01 03:36:55,IN-DELHI-01,27.0,58.4,29.6,1002.7,198.8,1.02,-0.18,10.77,10.82,1.01,15,460,1900,78,682,1329.9,3254,29,58.5,-0.3,0,5,WATER_CONTAMINATION,Severe,91.6,94.5
2026-09-01 03:37:00,IN-DELHI-01,27.1,52.6,29.0,1002.1,204.0,1.3,-0.17,10.79,10.87,1.06,3,410,3961,4,7,10.5,4082,0,195.8,0.16,0,0,NORMAL,None,14.8,96.1
2026-09-01 03:37:05,IN-DELHI-01,28.0,50.5,30.0,1002.4,201.8,0.99,-0.23,10.9,10.95,1.14,2,407,4081,0,16,24.0,4085,0,174.3,-0.26,0,0,NORMAL,None,16.4,97.9
2026-09-01 03:37:10,IN-DELHI-01,17.9,90.0,19.7,991.0,297.8,-5.29,-3.72,10.35,12.21,2.4,15,452,1283,100,250,400.0,1506,89,138.8,-6.91,0,2,LANDSLIDE_PRECURSOR,Extreme,97.3,87.7
2026-09-01 03:37:15,IN-DELHI-01,44.9,19.4,46.6,997.6,242.2,1.09,-0.21,10.67,10.73,0.92,113,1360,4084,0,3,4.5,4095,0,187.6,0.0,0,3,WILDFIRE,Extreme,98.0,88.5
2026-09-01 03:37:20,IN-DELHI-01,25.2,70.7,28.3,1004.5,184.0,1.0,-0.19,10.74,10.79,0.98,196,2752,4020,2,8,12.0,4056,1,178.9,0.0,0,4,HAZARDOUS_AIR_POLLUTION,Extreme,95.5,92.9
2026-09-01 03:37:25,IN-DELHI-01,22.5,67.4,24.2,1004.9,180.1,1.14,-0.19,10.91,10.97,1.16,23,492,2261,65,541,1055.0,2976,38,67.5,-2.73,0,5,WATER_CONTAMINATION,Severe,86.1,94.2
2026-09-01 03:37:30,IN-DELHI-01,23.6,92.3,28.1,990.4,302.4,3.98,1.31,12.43,13.11,3.3,11,438,1238,100,239,382.4,1583,86,111.7,-5.22,0,2,LANDSLIDE_PRECURSOR,Extreme,91.7,93.2
2026-09-01 03:37:35,IN-DELHI-01,29.8,48.5,32.2,999.9,222.9,1.05,-0.19,10.71,10.76,0.95,0,400,4013,2,20,30.0,4064,1,178.3,-0.28,0,0,NORMAL,None,4.0,97.1
2026-09-01 03:37:40,IN-DELHI-01,41.0,17.9,41.3,997.7,240.8,1.05,-0.17,10.67,10.73,0.92,78,1063,4082,0,5,7.5,4095,0,194.5,0.0,0,3,WILDFIRE,Severe,88.6,87.9
2026-09-01 03:37:45,IN-DELHI-01,28.4,51.6,30.6,999.9,222.4,1.06,-0.13,10.74,10.79,0.98,3,410,4041,1,19,28.5,4070,0,195.3,-0.19,0,0,NORMAL,None,13.6,92.3
2026-09-01 03:37:50,IN-DELHI-01,26.1,66.5,29.1,1004.5,184.2,1.03,-0.17,10.74,10.79,0.98,166,2392,4026,2,9,13.5,4055,1,175.1,0.0,0,4,HAZARDOUS_AIR_POLLUTION,Severe,91.9,96.5
2026-09-01 03:37:55,IN-DELHI-01,22.1,93.9,25.9,989.3,311.5,1.09,-0.38,10.64,10.7,0.89,9,431,1346,98,256,460.8,1296,96,38.3,-9.56,0,1,FLASH_FLOOD,Severe,92.3,89.4
2026-09-01 03:38:00,IN-DELHI-01,21.8,91.8,25.4,984.7,350.6,1.15,-0.24,10.77,10.84,1.03,11,438,1357,97,308,554.4,1166,100,42.4,-8.8,1,1,FLASH_FLOOD,Severe,91.5,91.0
2026-09-01 03:38:05,IN-DELHI-01,24.9,71.6,28.0,1002.5,200.8,1.15,-0.12,10.7,10.76,0.95,15,460,1706,85,771,1503.5,3166,32,81.3,-2.93,0,5,WATER_CONTAMINATION,Severe,95.1,91.1
2026-09-01 03:38:10,IN-DELHI-01,23.7,95.2,28.6,989.9,306.6,1.0,-0.35,10.8,10.85,1.04,4,414,1301,99,337,606.6,1247,98,33.9,-9.9,1,1,FLASH_FLOOD,Severe,93.2,93.3
2026-09-01 03:38:15,IN-DELHI-01,42.8,17.0,43.2,996.6,250.6,1.02,-0.22,10.9,10.95,1.14,128,1488,4088,0,5,7.5,4095,0,191.8,0.0,0,3,WILDFIRE,Extreme,94.7,87.3
2026-09-01 03:38:20,IN-DELHI-01,28.0,72.3,32.6,999.7,223.9,1.08,-0.25,10.86,10.91,1.1,13,452,1801,82,578,1127.1,3797,10,37.6,-2.14,1,5,WATER_CONTAMINATION,Severe,87.5,91.0
2026-09-01 03:38:25,IN-DELHI-01,19.3,92.2,21.8,990.4,302.8,6.51,3.14,10.42,12.68,2.87,16,456,1297,100,188,300.8,1586,86,104.0,-2.29,0,2,LANDSLIDE_PRECURSOR,Extreme,95.2,95.1
2026-09-01 03:38:30,IN-DELHI-01,24.4,51.9,25.2,1008.6,149.2,1.05,-0.15,10.89,10.95,1.14,127,1924,4036,2,0,0.0,4039,1,168.9,0.0,1,4,HAZARDOUS_AIR_POLLUTION,Severe,87.2,94.2
2026-09-01 03:38:35,IN-DELHI-01,28.6,54.5,31.3,1002.0,204.5,0.93,-0.11,10.88,10.92,1.11,0,400,4023,2,9,13.5,4063,1,171.8,-0.04,0,0,NORMAL,None,3.1,92.8
2026-09-01 03:38:40,IN-DELHI-01,24.2,90.9,28.9,991.9,289.6,4.67,1.6,10.87,11.94,2.13,14,449,1319,99,158,252.8,1718,82,131.3,-0.22,0,2,LANDSLIDE_PRECURSOR,Extreme,95.7,90.3
2026-09-01 03:38:45,IN-DELHI-01,29.8,48.7,32.2,1001.4,210.2,1.04,-0.2,10.82,10.87,1.06,2,407,3981,4,10,15.0,4095,0,193.1,0.18,0,0,NORMAL,None,16.0,93.3
2026-09-01 03:38:50,IN-DELHI-01,41.7,14.6,41.7,996.5,251.1,0.98,-0.1,10.56,10.61,0.8,94,1199,4072,0,2,3.0,4095,0,194.0,0.0,0,3,WILDFIRE,Severe,91.1,96.7
2026-09-01 03:38:55,IN-DELHI-01,28.6,63.3,32.3,1000.3,219.4,1.04,-0.29,10.79,10.85,1.04,6,421,4071,0,21,31.5,4095,0,181.2,0.11,0,0,NORMAL,None,5.9,98.8
2026-09-01 03:39:00,IN-DELHI-01,25.8,48.8,26.8,1000.7,215.6,0.99,-0.17,10.66,10.71,0.9,5,417,4095,0,8,12.0,4059,1,191.8,-0.36,0,0,NORMAL,None,13.1,97.1
2026-09-01 03:39:05,IN-DELHI-01,24.3,84.1,28.4,1003.0,196.1,1.18,-0.25,10.84,10.91,1.1,27,508,1926,77,445,867.8,3543,19,59.3,-1.17,0,5,WATER_CONTAMINATION,Severe,82.4,87.1
2026-09-01 03:39:10,IN-DELHI-01,21.9,66.2,23.3,1003.2,194.5,1.13,-0.18,10.86,10.92,1.11,13,452,1941,77,632,1232.4,2797,44,59.9,-1.63,0,5,WATER_CONTAMINATION,Severe,89.6,90.8
2026-09-01 03:39:15,IN-DELHI-01,28.6,57.9,31.7,1001.7,207.5,1.08,-0.16,10.83,10.88,1.07,1,403,4073,0,0,0.0,4037,2,196.9,0.1,0,0,NORMAL,None,6.5,96.1
2026-09-01 03:39:20,IN-DELHI-01,26.6,55.6,28.6,999.6,225.3,1.01,-0.26,10.93,10.98,1.17,3,410,4048,1,14,21.0,4095,0,180.9,-0.04,0,0,NORMAL,None,14.3,94.0
2026-09-01 03:39:25,IN-DELHI-01,28.2,50.9,30.3,1002.9,197.4,1.03,-0.18,10.77,10.82,1.01,4,414,4014,2,18,27.0,4084,0,173.9,-0.11,0,0,NORMAL,None,7.2,95.1
2026-09-01 03:39:30,IN-DELHI-01,25.8,57.1,27.7,1002.6,200.1,0.97,-0.18,10.69,10.73,0.92,15,460,1582,89,656,1279.2,3373,24,49.2,-2.58,1,5,WATER_CONTAMINATION,Severe,90.6,88.1
2026-09-01 03:39:35,IN-DELHI-01,29.7,55.7,33.0,1001.8,206.4,1.08,-0.16,10.43,10.48,0.67,2,407,4057,1,16,24.0,4076,0,181.6,0.28,0,0,NORMAL,None,11.9,98.6
2026-09-01 03:39:40,IN-DELHI-01,26.3,73.0,30.1,1001.2,211.3,1.12,-0.13,10.79,10.84,1.03,26,504,2158,69,547,1066.6,3702,13,43.7,-1.25,0,5,WATER_CONTAMINATION,Severe,86.3,85.0
2026-09-01 03:39:45,IN-DELHI-01,26.8,61.9,29.6,1001.1,212.8,1.05,-0.12,10.63,10.68,0.87,21,484,1989,75,413,805.4,3225,30,94.5,-2.43,0,5,WATER_CONTAMINATION,Severe,81.1,92.0
2026-09-01 03:39:50,IN-DELHI-01,25.7,64.9,28.4,1008.2,152.3,0.93,-0.14,10.61,10.65,0.84,206,2872,3994,3,8,12.0,4058,1,182.4,0.0,0,4,HAZARDOUS_AIR_POLLUTION,Extreme,96.7,95.0
2026-09-01 03:39:55,IN-DELHI-01,26.5,69.0,30.0,1002.9,197.6,1.19,-0.16,10.71,10.78,0.97,196,2752,4050,1,14,21.0,4056,1,170.2,0.0,1,4,HAZARDOUS_AIR_POLLUTION,Extreme,95.5,95.1
2026-09-01 03:40:00,IN-DELHI-01,43.9,16.7,44.5,998.9,231.0,1.02,-0.05,10.61,10.66,0.85,106,1301,4081,0,5,7.5,4095,0,183.9,0.0,0,3,WILDFIRE,Extreme,98.0,89.3
2026-09-01 03:40:05,IN-DELHI-01,22.8,48.5,22.9,1007.4,159.1,1.07,-0.09,10.77,10.82,1.01,192,2704,3884,7,15,22.5,4080,0,175.3,0.0,0,4,HAZARDOUS_AIR_POLLUTION,Extreme,95.0,90.8
2026-09-01 03:40:10,IN-DELHI-01,20.2,91.4,22.9,994.5,268.2,-3.22,-2.46,11.94,12.61,2.8,10,435,1337,98,142,227.2,1487,90,144.3,-6.68,0,2,LANDSLIDE_PRECURSOR,Extreme,97.3,86.6
2026-09-01 03:40:15,IN-DELHI-01,26.0,57.2,27.9,1001.8,206.5,1.03,-0.16,10.73,10.78,0.97,4,414,4036,2,11,16.5,4064,1,176.0,0.04,0,0,NORMAL,None,17.8,93.5
2026-09-01 03:40:20,IN-DELHI-01,27.1,61.4,29.9,1000.1,220.7,1.14,-0.22,10.7,10.76,0.95,5,420,1629,88,622,1212.9,3362,25,40.1,-0.74,0,5,WATER_CONTAMINATION,Severe,89.3,89.8
2026-09-01 03:40:25,IN-DELHI-01,31.1,58.3,35.4,1002.1,204.4,0.98,-0.11,10.75,10.8,0.99,2,407,4026,2,10,15.0,4066,1,177.7,0.18,0,0,NORMAL,None,7.0,96.6
2026-09-01 03:40:30,IN-DELHI-01,26.7,49.1,28.0,1001.1,212.2,1.01,-0.2,10.64,10.69,0.88,1,403,4094,0,8,12.0,4095,0,179.9,-0.16,0,0,NORMAL,None,10.8,92.0
2026-09-01 03:40:35,IN-DELHI-01,43.6,22.5,45.8,996.1,254.7,1.11,-0.12,10.78,10.84,1.03,115,1377,4075,0,11,16.5,4095,0,188.8,0.0,0,3,WILDFIRE,Extreme,97.5,87.1
2026-09-01 03:40:40,IN-DELHI-01,24.5,92.9,29.6,993.2,279.1,-2.89,-2.28,11.45,12.03,2.22,12,442,1252,100,184,294.4,1618,85,133.1,-4.58,0,2,LANDSLIDE_PRECURSOR,Extreme,95.4,90.3
2026-09-01 03:40:45,IN-DELHI-01,28.2,46.0,29.6,999.5,225.7,1.03,-0.27,10.84,10.89,1.08,5,417,3961,4,14,21.0,4075,0,181.9,0.01,0,0,NORMAL,None,17.8,94.7
2026-09-01 03:40:50,IN-DELHI-01,22.4,95.4,26.5,987.2,329.6,1.23,-0.05,10.51,10.58,0.77,16,456,1298,100,317,570.6,1094,100,41.3,-17.1,0,1,FLASH_FLOOD,Severe,91.7,97.3
2026-09-01 03:40:55,IN-DELHI-01,27.6,47.9,29.1,1000.0,221.4,1.08,-0.08,10.78,10.83,1.02,5,417,4050,1,12,18.0,4078,0,167.6,-0.21,0,0,NORMAL,None,13.2,96.5
2026-09-01 03:41:00,IN-DELHI-01,23.3,91.5,27.5,988.4,319.3,4.73,0.89,11.75,12.7,2.89,5,417,1245,100,282,451.2,1658,84,120.6,-8.04,0,2,LANDSLIDE_PRECURSOR,Extreme,86.0,95.4
2026-09-01 03:41:05,IN-DELHI-01,19.5,89.4,21.8,993.2,279.1,4.48,0.76,10.97,11.88,2.07,11,438,1243,100,244,390.4,1740,81,137.9,-3.53,0,2,LANDSLIDE_PRECURSOR,Extreme,88.8,87.3
2026-09-01 03:41:10,IN-DELHI-01,25.4,66.6,28.1,1003.8,189.4,1.02,-0.23,10.69,10.74,0.93,171,2452,3876,7,2,3.0,4055,1,180.7,0.0,0,4,HAZARDOUS_AIR_POLLUTION,Severe,92.5,93.3
2026-09-01 03:41:15,IN-DELHI-01,26.1,50.9,27.5,1000.6,216.6,1.06,-0.13,10.88,10.93,1.12,10,435,4058,1,17,25.5,4070,0,173.3,-0.06,0,0,NORMAL,None,10.6,98.3
2026-09-01 03:41:20,IN-DELHI-01,29.4,51.9,32.0,1001.8,206.2,1.0,-0.13,10.63,10.68,0.87,4,414,4043,1,16,24.0,4069,0,181.8,0.18,0,0,NORMAL,None,5.7,98.1
2026-09-01 03:41:25,IN-DELHI-01,25.7,49.9,26.8,1001.7,207.0,1.01,-0.15,10.6,10.65,0.84,1,403,4095,0,22,33.0,4091,0,171.9,0.03,0,0,NORMAL,None,12.5,92.5
2026-09-01 03:41:30,IN-DELHI-01,24.3,89.2,28.9,990.9,298.6,1.05,-0.21,10.91,10.96,1.15,14,449,1207,100,293,527.4,1251,98,26.6,-7.85,0,1,FLASH_FLOOD,Extreme,94.7,95.7
2026-09-01 03:41:35,IN-DELHI-01,26.5,48.9,27.7,1000.0,221.8,0.99,-0.15,10.59,10.63,0.82,0,400,4028,2,11,16.5,4057,1,194.0,0.2,0,0,NORMAL,None,5.8,98.9
2026-09-01 03:41:40,IN-DELHI-01,27.8,49.8,29.5,1000.1,221.2,0.96,-0.23,10.86,10.9,1.09,0,400,4053,1,20,30.0,4071,0,180.5,0.16,0,0,NORMAL,None,13.7,94.0
2026-09-01 03:41:45,IN-DELHI-01,26.1,55.9,28.0,1001.4,209.8,1.06,-0.2,10.92,10.97,1.16,3,410,4084,0,15,22.5,4057,1,179.2,-0.03,0,0,NORMAL,None,12.0,92.5
2026-09-01 03:41:50,IN-DELHI-01,28.4,71.0,33.0,1005.4,176.1,1.04,-0.25,10.61,10.67,0.86,106,1672,4010,3,5,7.5,4031,2,169.5,0.0,0,4,HAZARDOUS_AIR_POLLUTION,Severe,84.7,92.6
2026-09-01 03:41:55,IN-DELHI-01,27.0,46.2,28.0,1001.7,207.0,1.1,-0.22,10.91,10.97,1.16,4,414,4085,0,12,18.0,4056,1,189.1,-0.03,0,0,NORMAL,None,2.8,98.8
2026-09-01 03:42:00,IN-DELHI-01,22.9,88.1,26.6,987.2,329.7,1.17,-0.18,10.8,10.86,1.05,9,431,1302,99,304,547.2,1152,100,36.7,-17.7,1,1,FLASH_FLOOD,Severe,92.7,97.5
2026-09-01 03:42:05,IN-DELHI-01,27.6,55.0,30.0,999.7,224.4,1.15,-0.24,10.73,10.8,0.99,2,407,4009,3,5,7.5,4075,0,185.6,-0.05,0,0,NORMAL,None,8.7,96.5
2026-09-01 03:42:10,IN-DELHI-01,28.9,47.4,30.8,1000.0,221.9,1.14,-0.28,10.82,10.88,1.07,1,403,4040,1,8,12.0,4066,1,195.9,0.02,0,0,NORMAL,None,5.7,93.8
2026-09-01 03:42:15,IN-DELHI-01,29.6,47.2,31.8,1003.2,194.8,1.09,-0.2,10.64,10.7,0.89,108,1696,3968,4,17,25.5,4050,1,176.3,0.0,0,4,HAZARDOUS_AIR_POLLUTION,Severe,85.0,93.1
2026-09-01 03:42:20,IN-DELHI-01,23.0,92.6,27.2,991.8,290.5,1.09,0.05,10.98,11.04,1.23,17,459,1380,97,320,576.0,1209,99,31.9,-14.83,1,1,FLASH_FLOOD,Severe,93.6,97.2
2026-09-01 03:42:25,IN-DELHI-01,28.3,53.4,30.7,1002.5,200.9,1.23,-0.29,10.78,10.85,1.04,9,431,4025,2,11,16.5,4088,0,177.1,-0.0,0,0,NORMAL,None,3.9,94.2
2026-09-01 03:42:30,IN-DELHI-01,27.9,49.7,29.7,1001.8,206.2,1.04,-0.19,10.84,10.89,1.08,0,400,4046,1,2,3.0,4076,0,174.3,-0.14,0,0,NORMAL,None,4.7,92.0
2026-09-01 03:42:35,IN-DELHI-01,26.6,55.3,28.6,1000.2,219.7,1.18,-0.17,10.82,10.88,1.07,1,403,4025,2,0,0.0,4059,1,179.1,0.17,0,0,NORMAL,None,6.7,95.3
2026-09-01 03:42:40,IN-DELHI-01,23.1,60.1,24.3,1007.1,161.6,1.16,-0.26,10.73,10.79,0.98,88,1456,3938,5,14,21.0,4055,1,172.5,0.0,0,4,HAZARDOUS_AIR_POLLUTION,Severe,82.6,93.1
2026-09-01 03:42:45,IN-DELHI-01,23.3,93.4,27.8,990.9,298.0,4.22,1.31,11.86,12.66,2.85,16,456,1214,100,253,404.8,1790,79,117.5,2.26,0,2,LANDSLIDE_PRECURSOR,Extreme,85.3,86.9
2026-09-01 03:42:50,IN-DELHI-01,26.5,55.8,28.5,999.6,224.9,1.03,-0.18,10.79,10.84,1.03,5,417,3984,3,15,22.5,4034,2,189.0,-0.06,0,0,NORMAL,None,14.1,98.0
2026-09-01 03:42:55,IN-DELHI-01,38.2,17.7,38.2,997.5,242.8,1.14,-0.17,10.85,10.91,1.1,88,1148,4079,0,6,9.0,4095,0,188.0,0.0,0,3,WILDFIRE,Severe,78.7,97.7
2026-09-01 03:43:00,IN-DELHI-01,23.0,94.9,27.4,990.9,298.4,1.03,0.05,10.79,10.84,1.03,11,438,1266,100,344,619.2,1036,100,57.2,-15.05,0,1,FLASH_FLOOD,Severe,88.6,92.3
2026-09-01 03:43:05,IN-DELHI-01,24.2,70.5,26.9,999.0,229.7,0.95,-0.25,10.85,10.9,1.09,17,468,1991,75,569,1109.5,3504,20,79.6,-1.67,0,5,WATER_CONTAMINATION,Severe,87.2,93.8
2026-09-01 03:43:10,IN-DELHI-01,28.2,44.5,29.4,1001.9,205.9,0.95,-0.17,10.69,10.73,0.92,3,410,4048,1,6,9.0,4048,1,181.1,-0.29,0,0,NORMAL,None,16.7,95.0
2026-09-01 03:43:15,IN-DELHI-01,39.9,18.6,40.0,995.8,256.7,0.99,-0.22,10.84,10.88,1.07,126,1471,4088,0,2,3.0,4095,0,187.0,0.0,1,3,WILDFIRE,Severe,84.5,88.6
2026-09-01 03:43:20,IN-DELHI-01,38.5,13.2,38.5,996.7,249.5,1.17,-0.17,10.66,10.73,0.92,122,1437,4070,0,5,7.5,4095,0,188.0,0.0,0,3,WILDFIRE,Severe,79.8,94.0
2026-09-01 03:43:25,IN-DELHI-01,22.1,91.1,25.7,989.6,309.6,1.33,-0.27,10.93,11.02,1.21,11,438,1427,95,334,601.2,1227,99,40.4,-12.03,0,1,FLASH_FLOOD,Severe,91.9,93.8
2026-09-01 03:43:30,IN-DELHI-01,27.5,62.1,30.6,1005.9,172.0,1.14,-0.19,10.58,10.64,0.83,153,2236,4050,1,9,13.5,4051,1,179.7,0.0,0,4,HAZARDOUS_AIR_POLLUTION,Severe,90.4,93.9
2026-09-01 03:43:35,IN-DELHI-01,22.4,91.9,26.2,991.8,291.1,1.04,0.04,10.85,10.9,1.09,12,442,1357,97,237,426.6,1078,100,37.3,-14.95,0,1,FLASH_FLOOD,Severe,92.5,90.6
2026-09-01 03:43:40,IN-DELHI-01,22.6,89.3,26.3,992.7,282.9,7.73,3.06,10.15,13.12,3.31,2,407,1239,100,222,355.2,1546,88,101.5,-5.58,0,2,LANDSLIDE_PRECURSOR,Extreme,96.2,88.4
2026-09-01 03:43:45,IN-DELHI-01,22.9,92.1,27.0,985.6,342.8,1.01,-0.08,10.77,10.82,1.01,14,449,1278,100,327,588.6,1204,99,23.4,-14.02,0,1,FLASH_FLOOD,Extreme,95.3,88.6
2026-09-01 03:43:50,IN-DELHI-01,42.9,15.2,42.9,994.6,266.9,1.08,-0.2,10.62,10.67,0.86,122,1437,4089,0,8,12.0,4095,0,187.2,0.0,0,3,WILDFIRE,Extreme,95.3,90.4
2026-09-01 03:43:55,IN-DELHI-01,27.7,54.3,30.0,1001.1,212.0,1.09,-0.21,10.75,10.81,1.0,6,421,4071,0,10,15.0,4070,0,185.9,0.11,0,0,NORMAL,None,16.0,95.7
2026-09-01 03:44:00,IN-DELHI-01,23.6,62.5,25.2,1005.6,174.2,1.08,-0.08,10.82,10.87,1.06,184,2608,3998,3,11,16.5,4039,1,183.9,0.0,0,4,HAZARDOUS_AIR_POLLUTION,Extreme,94.1,90.1
2026-09-01 03:44:05,IN-DELHI-01,23.4,99.0,28.5,993.3,278.0,1.13,-0.03,10.9,10.96,1.15,18,463,1264,100,366,658.8,1279,97,38.2,-14.05,0,1,FLASH_FLOOD,Severe,92.4,88.2
2026-09-01 03:44:10,IN-DELHI-01,25.2,42.4,25.3,1002.0,204.5,1.19,-0.22,10.62,10.69,0.88,7,424,4064,1,5,7.5,4095,0,189.0,-0.04,0,0,NORMAL,None,13.3,97.7
2026-09-01 03:44:15,IN-DELHI-01,30.0,56.8,33.5,1000.4,217.9,1.09,-0.2,10.68,10.74,0.93,0,400,4028,2,6,9.0,4021,2,193.4,0.01,0,0,NORMAL,None,13.0,98.2
2026-09-01 03:44:20,IN-DELHI-01,23.4,99.0,28.4,987.2,329.5,1.15,-0.27,10.87,10.93,1.12,23,480,1469,93,413,743.4,1282,97,29.4,-14.07,1,1,FLASH_FLOOD,Extreme,94.1,90.3
2026-09-01 03:44:25,IN-DELHI-01,21.9,88.3,25.2,989.1,313.7,1.08,-0.19,10.89,10.95,1.14,9,431,1314,99,414,745.2,1300,96,15.0,-16.75,0,1,FLASH_FLOOD,Extreme,97.0,90.8
2026-09-01 03:44:30,IN-DELHI-01,26.7,52.3,28.4,1001.6,208.2,0.99,-0.22,10.66,10.71,0.9,1,403,4050,1,11,16.5,4074,0,177.2,0.37,0,0,NORMAL,None,6.4,93.5
2026-09-01 03:44:35,IN-DELHI-01,26.9,44.2,27.8,999.7,224.1,1.06,-0.18,10.78,10.83,1.02,1,403,4021,2,7,10.5,4048,1,192.6,0.06,0,0,NORMAL,None,5.9,92.8
2026-09-01 03:44:40,IN-DELHI-01,21.0,98.9,24.7,988.4,319.9,1.0,-0.21,11.05,11.1,1.29,24,484,1338,98,269,484.2,1341,95,38.4,-20.99,0,1,FLASH_FLOOD,Severe,92.3,95.1
2026-09-01 03:44:45,IN-DELHI-01,26.6,64.3,29.6,1008.0,153.9,1.11,-0.2,10.72,10.78,0.97,168,2416,3997,3,18,27.0,4058,1,168.5,0.0,1,4,HAZARDOUS_AIR_POLLUTION,Severe,92.2,96.3
2026-09-01 03:44:50,IN-DELHI-01,40.8,20.6,41.7,998.3,235.6,1.0,-0.12,10.64,10.69,0.88,175,1887,4084,0,0,0.0,4095,0,181.3,0.0,0,3,WILDFIRE,Severe,87.8,90.9
2026-09-01 03:44:55,IN-DELHI-01,30.0,51.6,32.8,1001.5,208.9,1.01,-0.16,10.85,10.9,1.09,2,407,4089,0,27,40.5,4049,1,180.9,-0.22,0,0,NORMAL,None,10.6,97.2
2026-09-01 03:45:00,IN-DELHI-01,22.1,58.4,22.8,1001.5,209.2,1.05,-0.08,10.76,10.81,1.0,155,2260,4080,0,6,9.0,4052,1,187.2,0.0,1,4,HAZARDOUS_AIR_POLLUTION,Severe,90.6,95.7
2026-09-01 03:45:05,IN-DELHI-01,25.3,51.1,26.4,1002.1,203.7,1.03,-0.14,10.79,10.84,1.03,4,414,3995,3,9,13.5,4060,1,195.7,-0.19,0,0,NORMAL,None,7.4,92.5
2026-09-01 03:45:10,IN-DELHI-01,22.2,95.2,26.3,991.2,296.0,1.12,-0.13,10.83,10.89,1.08,13,445,1342,98,260,468.0,1294,96,41.0,-10.33,1,1,FLASH_FLOOD,Severe,91.8,96.7
2026-09-01 03:45:15,IN-DELHI-01,28.8,55.7,31.7,1001.6,208.3,1.1,-0.2,10.78,10.84,1.03,12,442,4015,2,5,7.5,4084,0,180.0,0.17,0,0,NORMAL,None,8.9,94.1
2026-09-01 03:45:20,IN-DELHI-01,28.3,53.7,30.7,1001.6,207.8,1.12,-0.18,10.54,10.6,0.79,0,400,4053,1,11,16.5,4080,0,175.1,0.3,0,0,NORMAL,None,3.3,93.8
2026-09-01 03:45:25,IN-DELHI-01,26.4,52.9,28.0,1001.1,212.3,1.07,-0.22,10.7,10.76,0.95,0,400,4013,2,16,24.0,4082,0,185.0,0.2,0,0,NORMAL,None,10.8,95.9
2026-09-01 03:45:30,IN-DELHI-01,41.1,19.5,41.7,997.8,240.6,1.09,-0.07,10.68,10.74,0.93,100,1250,4082,0,3,4.5,4095,0,188.7,0.0,0,3,WILDFIRE,Severe,88.8,93.0
2026-09-01 03:45:35,IN-DELHI-01,35.9,14.1,35.9,998.2,236.6,0.93,-0.04,10.77,10.81,1.0,128,1488,4089,0,1,1.5,4095,0,183.2,0.0,0,3,WILDFIRE,Severe,75.0,98.0
2026-09-01 03:45:40,IN-DELHI-01,24.3,92.8,29.2,991.2,296.1,1.05,-0.13,10.98,11.04,1.23,10,435,1368,97,311,559.8,1204,99,21.4,-4.13,1,1,FLASH_FLOOD,Extreme,95.7,97.3
2026-09-01 03:45:45,IN-DELHI-01,41.5,16.5,41.5,996.5,251.3,1.04,-0.18,10.59,10.64,0.83,89,1156,4080,0,4,6.0,4095,0,190.3,0.0,0,3,WILDFIRE,Severe,90.1,96.2
2026-09-01 03:45:50,IN-DELHI-01,28.8,52.5,31.3,1002.8,198.1,1.12,-0.11,10.81,10.87,1.06,11,438,4070,0,5,7.5,4041,1,182.4,-0.14,0,0,NORMAL,None,10.6,98.8
2026-09-01 03:45:55,IN-DELHI-01,42.2,14.4,42.2,997.2,245.2,1.0,-0.1,10.62,10.67,0.86,128,1488,4068,0,7,10.5,4095,0,185.1,0.0,1,3,WILDFIRE,Extreme,92.7,91.8
2026-09-01 03:46:00,IN-DELHI-01,29.8,47.3,31.9,998.9,231.1,1.01,-0.16,11.01,11.05,1.24,1,403,4079,0,13,19.5,4035,2,184.0,-0.19,0,0,NORMAL,None,11.3,96.5
2026-09-01 03:46:05,IN-DELHI-01,23.5,68.8,25.7,1001.0,213.0,1.02,-0.18,10.63,10.68,0.87,22,488,2048,73,607,1183.6,3454,22,61.9,-0.91,0,5,WATER_CONTAMINATION,Severe,88.7,90.9
2026-09-01 03:46:10,IN-DELHI-01,26.9,54.6,29.0,1000.4,218.1,0.97,-0.16,10.8,10.84,1.03,1,403,4095,0,11,16.5,4024,2,176.8,0.25,0,0,NORMAL,None,8.8,94.2
2026-09-01 03:46:15,IN-DELHI-01,20.4,84.8,22.7,993.0,281.0,-3.31,-2.38,13.52,14.12,4.31,16,456,1263,100,277,443.2,1655,84,124.1,-4.61,0,2,LANDSLIDE_PRECURSOR,Extreme,85.6,90.3
2026-09-01 03:46:20,IN-DELHI-01,23.6,76.2,26.5,1004.3,185.7,1.15,-0.15,10.78,10.84,1.03,25,500,2254,65,492,959.4,3506,20,75.3,0.44,0,5,WATER_CONTAMINATION,Severe,84.2,89.4
2026-09-01 03:46:25,IN-DELHI-01,22.6,59.5,23.6,1006.0,171.2,1.03,-0.23,10.88,10.93,1.12,175,2500,3990,3,16,24.0,4048,1,178.9,0.0,0,4,HAZARDOUS_AIR_POLLUTION,Severe,93.0,92.0
2026-09-01 03:46:30,IN-DELHI-01,31.1,51.6,34.4,1000.2,220.2,1.05,-0.16,10.76,10.81,1.0,21,473,4063,1,10,15.0,4077,0,176.1,0.19,0,0,NORMAL,None,14.9,97.2
2026-09-01 03:46:35,IN-DELHI-01,26.9,52.9,28.8,1000.9,213.8,0.98,-0.27,10.92,10.97,1.16,0,400,4060,1,16,24.0,4034,2,183.4,0.02,0,0,NORMAL,None,15.2,94.3
2026-09-01 03:46:40,IN-DELHI-01,24.1,93.8,29.0,985.5,344.0,1.0,0.08,10.87,10.91,1.1,13,445,1399,96,348,626.4,1151,100,39.9,-14.6,0,1,FLASH_FLOOD,Severe,92.0,88.2
2026-09-01 03:46:45,IN-DELHI-01,42.4,20.5,43.7,995.4,260.6,1.0,-0.21,10.77,10.81,1.0,134,1539,4077,0,3,4.5,4095,0,175.0,0.0,1,3,WILDFIRE,Extreme,93.4,91.1
2026-09-01 03:46:50,IN-DELHI-01,21.7,92.3,25.3,992.2,287.7,-4.42,-3.44,12.27,13.49,3.68,14,449,1387,96,242,387.2,1678,83,143.1,-6.59,0,2,LANDSLIDE_PRECURSOR,Extreme,95.9,90.5
2026-09-01 03:46:55,IN-DELHI-01,23.6,89.5,27.9,995.2,261.8,-4.4,-3.67,10.85,12.27,2.46,7,424,1290,100,249,398.4,1620,85,139.2,-2.12,1,2,LANDSLIDE_PRECURSOR,Extreme,87.1,93.8
2026-09-01 03:47:00,IN-DELHI-01,42.7,18.0,43.4,996.8,248.8,0.99,-0.09,10.94,10.99,1.18,121,1428,4072,0,3,4.5,4095,0,187.7,0.0,1,3,WILDFIRE,Extreme,94.6,90.1
2026-09-01 03:47:05,IN-DELHI-01,22.9,87.9,26.6,993.4,277.3,3.98,0.84,11.02,11.75,1.94,9,431,1287,100,284,454.4,1426,92,92.9,-2.78,0,2,LANDSLIDE_PRECURSOR,Extreme,92.8,91.9
2026-09-01 03:47:10,IN-DELHI-01,24.2,91.8,28.9,989.4,311.0,0.98,-0.26,10.66,10.71,0.9,13,445,1373,97,311,559.8,1228,99,48.9,-10.05,0,1,FLASH_FLOOD,Severe,90.2,88.7
2026-09-01 03:47:15,IN-DELHI-01,25.4,62.0,27.7,1001.4,210.2,1.02,-0.16,10.63,10.68,0.87,20,480,2005,74,625,1218.8,3655,15,55.8,-1.8,0,5,WATER_CONTAMINATION,Severe,89.4,85.3
2026-09-01 03:47:20,IN-DELHI-01,41.3,20.9,42.4,998.1,237.9,1.14,-0.14,10.7,10.76,0.95,91,1173,4077,0,0,0.0,4095,0,179.6,0.0,0,3,WILDFIRE,Severe,89.7,97.4
2026-09-01 03:47:25,IN-DELHI-01,26.5,53.6,28.3,998.5,234.3,1.19,-0.2,10.79,10.86,1.05,2,407,4000,3,8,12.0,4095,0,182.0,0.13,0,0,NORMAL,None,8.7,95.6
2026-09-01 03:47:30,IN-DELHI-01,27.7,63.7,31.1,1001.6,208.3,1.13,-0.25,10.59,10.65,0.84,2,407,4059,1,8,12.0,4031,2,188.1,0.13,0,0,NORMAL,None,17.9,97.7
2026-09-01 03:47:35,IN-DELHI-01,21.2,92.3,24.5,988.0,322.8,1.05,-0.3,10.22,10.27,0.46,14,449,1321,99,461,829.8,1305,96,26.2,-9.81,0,1,FLASH_FLOOD,Extreme,94.8,97.4
2026-09-01 03:47:40,IN-DELHI-01,27.5,57.6,30.1,1001.4,210.3,1.05,-0.21,10.65,10.71,0.9,1,403,4040,1,14,21.0,4095,0,163.7,-0.11,0,0,NORMAL,None,3.1,98.5
2026-09-01 03:47:45,IN-DELHI-01,28.1,47.2,29.6,999.4,226.4,1.12,-0.14,10.74,10.8,0.99,8,428,4030,2,2,3.0,4064,1,175.1,-0.18,0,0,NORMAL,None,14.4,94.0
2026-09-01 03:47:50,IN-DELHI-01,24.0,62.6,25.8,1002.2,203.3,0.94,-0.28,10.57,10.62,0.81,28,512,1905,78,702,1368.9,3163,32,36.0,-1.79,0,5,WATER_CONTAMINATION,Severe,92.4,87.7
2026-09-01 03:47:55,IN-DELHI-01,27.9,49.3,29.6,1002.1,204.0,1.01,-0.3,10.71,10.76,0.95,3,410,4064,1,16,24.0,4064,1,174.6,0.1,0,0,NORMAL,None,14.9,98.4
2026-09-01 03:48:00,IN-DELHI-01,26.1,53.4,27.6,1002.9,197.7,0.93,-0.15,10.91,10.95,1.14,18,463,4067,1,10,15.0,4069,0,182.6,-0.17,0,0,NORMAL,None,3.0,92.8
2026-09-01 03:48:05,IN-DELHI-01,24.8,88.8,29.6,990.7,299.7,5.56,2.06,11.75,13.16,3.35,13,445,1282,100,222,355.2,1622,85,165.0,-3.69,0,2,LANDSLIDE_PRECURSOR,Extreme,88.1,94.3
2026-09-01 03:48:10,IN-DELHI-01,26.0,72.1,29.7,1000.6,216.7,1.02,-0.18,10.82,10.87,1.06,28,512,2085,71,386,752.7,2861,42,68.6,-1.67,0,5,WATER_CONTAMINATION,Severe,80.1,92.8
2026-09-01 03:48:15,IN-DELHI-01,28.3,47.5,30.0,999.9,222.2,1.06,-0.18,10.56,10.61,0.8,2,407,4051,1,7,10.5,4060,1,185.2,0.04,0,0,NORMAL,None,4.7,95.3
2026-09-01 03:48:20,IN-DELHI-01,22.4,92.0,26.2,988.8,316.5,1.07,-0.07,10.74,10.79,0.98,11,438,1389,96,304,547.2,1319,95,29.8,-15.83,0,1,FLASH_FLOOD,Extreme,94.0,94.5
2026-09-01 03:48:25,IN-DELHI-01,21.8,62.3,22.9,1007.6,157.3,1.05,-0.08,10.83,10.88,1.07,205,2860,3977,4,3,4.5,4055,1,183.9,0.0,1,4,HAZARDOUS_AIR_POLLUTION,Extreme,96.6,93.4
2026-09-01 03:48:30,IN-DELHI-01,24.6,73.2,27.7,1001.3,210.4,1.02,-0.16,10.87,10.92,1.11,11,444,2070,72,496,967.2,3249,29,76.9,-1.62,0,5,WATER_CONTAMINATION,Severe,84.3,87.9
2026-09-01 03:48:35,IN-DELHI-01,26.4,56.3,28.4,1007.7,156.5,1.04,-0.2,10.81,10.86,1.05,174,2488,3985,3,0,0.0,4076,0,170.8,0.0,0,4,HAZARDOUS_AIR_POLLUTION,Severe,92.9,92.8
2026-09-01 03:48:40,IN-DELHI-01,23.7,90.7,28.0,987.6,325.9,1.12,-0.3,10.75,10.81,1.0,19,466,1349,98,294,529.2,1289,96,34.6,-12.82,0,1,FLASH_FLOOD,Severe,93.1,93.8
2026-09-01 03:48:45,IN-DELHI-01,44.3,16.8,45.1,996.6,250.5,1.07,-0.22,10.58,10.64,0.83,113,1360,4072,0,0,0.0,4095,0,187.4,0.0,0,3,WILDFIRE,Extreme,98.0,87.4
2026-09-01 03:48:50,IN-DELHI-01,27.4,52.9,29.4,1000.3,219.5,1.08,-0.2,10.87,10.93,1.12,1,403,4087,0,17,25.5,4088,0,188.2,0.01,1,0,NORMAL,None,4.6,96.6
2026-09-01 03:48:55,IN-DELHI-01,43.9,18.2,45.0,997.4,243.9,1.01,-0.23,10.8,10.85,1.04,189,2006,4083,0,3,4.5,4095,0,192.1,0.0,0,3,WILDFIRE,Extreme,98.0,90.6
2026-09-01 03:49:00,IN-DELHI-01,27.4,84.3,33.2,990.2,304.7,-3.5,-1.77,11.85,12.48,2.67,6,421,1174,100,228,364.8,1787,79,141.1,-2.27,0,2,LANDSLIDE_PRECURSOR,Extreme,98.7,90.6
2026-09-01 03:49:05,IN-DELHI-01,26.9,49.4,28.3,1000.1,221.0,1.08,-0.18,10.85,10.9,1.09,2,407,4070,0,29,43.5,4050,1,172.1,-0.17,0,0,NORMAL,None,12.3,97.2
2026-09-01 03:49:10,IN-DELHI-01,26.4,66.8,29.6,999.3,227.2,1.0,-0.25,10.77,10.82,1.01,13,452,1928,77,350,682.5,3496,20,71.6,-1.68,0,5,WATER_CONTAMINATION,Moderate,78.7,88.3
2026-09-01 03:49:15,IN-DELHI-01,27.5,62.5,30.7,1005.0,179.9,0.91,-0.19,10.83,10.87,1.06,99,1588,3953,5,24,36.0,4089,0,173.9,0.0,0,4,HAZARDOUS_AIR_POLLUTION,Severe,83.9,92.0
2026-09-01 03:49:20,IN-DELHI-01,23.5,91.2,27.9,989.3,312.0,0.96,-0.24,10.25,10.3,0.49,13,445,1255,100,384,691.2,1164,100,42.5,-16.51,1,1,FLASH_FLOOD,Severe,91.5,97.1
2026-09-01 03:49:25,IN-DELHI-01,28.6,48.8,30.5,1000.8,215.1,0.94,-0.23,10.83,10.87,1.06,0,400,4033,2,9,13.5,4086,0,177.6,0.02,1,0,NORMAL,None,4.2,94.1
2026-09-01 03:49:30,IN-DELHI-01,22.8,89.6,26.6,987.2,329.2,1.13,-0.28,10.97,11.03,1.22,10,435,1288,100,317,570.6,1274,97,41.8,-11.11,0,1,FLASH_FLOOD,Severe,91.6,93.8
2026-09-01 03:49:35,IN-DELHI-01,27.3,52.4,29.3,1000.3,219.1,1.07,-0.3,10.66,10.72,0.91,1,403,3976,4,17,25.5,4062,1,179.8,0.16,0,0,NORMAL,None,10.6,95.4
2026-09-01 03:49:40,IN-DELHI-01,26.2,55.9,28.1,1000.1,220.5,1.1,-0.17,10.65,10.71,0.9,7,424,4009,3,7,10.5,4062,1,173.9,0.35,0,0,NORMAL,None,11.8,99.0
2026-09-01 03:49:45,IN-DELHI-01,21.4,85.2,24.3,991.0,297.4,-2.4,-0.56,10.54,10.82,1.01,15,452,1298,100,166,265.6,1725,81,125.9,-7.88,0,2,LANDSLIDE_PRECURSOR,Extreme,90.7,88.4
2026-09-01 03:49:50,IN-DELHI-01,27.7,47.5,29.1,1001.2,212.0,1.01,-0.14,10.76,10.8,0.99,5,417,4024,2,12,18.0,4080,0,174.4,-0.07,0,0,NORMAL,None,7.9,97.8
2026-09-01 03:49:55,IN-DELHI-01,44.4,17.3,45.3,997.0,246.7,1.02,-0.12,10.72,10.77,0.96,194,2049,4085,0,8,12.0,4095,0,184.7,0.0,1,3,WILDFIRE,Extreme,98.0,88.2
2026-09-01 03:50:00,IN-DELHI-01,21.4,87.2,24.3,992.5,285.1,-4.84,-4.06,9.0,11.0,1.19,6,421,1303,99,208,332.8,1630,85,130.3,-4.55,1,2,LANDSLIDE_PRECURSOR,Extreme,88.4,90.0
2026-09-01 03:50:05,IN-DELHI-01,26.5,51.0,28.0,1002.1,204.1,0.94,-0.19,10.72,10.77,0.96,0,400,4044,1,12,18.0,4082,0,194.9,0.17,0,0,NORMAL,None,6.8,98.6
2026-09-01 03:50:10,IN-DELHI-01,29.8,49.2,32.2,1000.1,220.5,1.16,-0.19,10.69,10.75,0.94,2,407,3991,3,15,22.5,4062,1,178.5,-0.32,0,0,NORMAL,None,11.1,98.0
2026-09-01 03:50:15,IN-DELHI-01,28.8,53.3,31.3,1003.2,194.5,0.91,-0.13,10.72,10.76,0.95,0,400,4068,0,8,12.0,4095,0,165.0,0.12,0,0,NORMAL,None,15.9,97.0
2026-09-01 03:50:20,IN-DELHI-01,30.1,46.3,32.2,1002.8,198.4,0.98,-0.12,10.79,10.84,1.03,0,400,4059,1,17,25.5,4095,0,185.9,0.12,0,0,NORMAL,None,4.9,94.9
2026-09-01 03:50:25,IN-DELHI-01,26.1,53.5,27.6,1002.7,199.3,0.94,-0.14,10.83,10.87,1.06,5,417,4032,2,16,24.0,4091,0,193.0,0.1,0,0,NORMAL,None,13.8,94.9
2026-09-01 03:50:30,IN-DELHI-01,26.9,66.1,30.3,1005.7,173.9,1.03,-0.25,10.64,10.69,0.88,135,2020,3977,4,32,48.0,4056,1,183.2,0.0,1,4,HAZARDOUS_AIR_POLLUTION,Severe,88.2,92.8
2026-09-01 03:50:35,IN-DELHI-01,28.5,47.6,30.2,1002.9,197.5,1.05,-0.14,10.54,10.59,0.78,2,407,3984,3,13,19.5,4048,1,190.3,-0.21,0,0,NORMAL,None,9.9,98.9
2026-09-01 03:50:40,IN-DELHI-01,28.2,49.1,30.0,1002.4,201.7,1.02,-0.12,10.72,10.77,0.96,1,403,4095,0,14,21.0,4069,0,184.1,-0.1,0,0,NORMAL,None,13.8,92.1
2026-09-01 03:50:45,IN-DELHI-01,22.8,75.4,25.3,998.4,235.3,1.09,-0.15,10.76,10.81,1.0,9,436,1843,80,699,1363.0,3166,32,62.9,-0.47,0,5,WATER_CONTAMINATION,Severe,92.3,91.4
2026-09-01 03:50:50,IN-DELHI-01,28.4,61.0,31.8,1002.6,199.4,1.03,-0.28,10.59,10.64,0.83,0,400,4064,1,10,15.0,4070,0,188.4,0.13,0,0,NORMAL,None,5.6,97.3
2026-09-01 03:50:55,IN-DELHI-01,27.0,60.4,29.8,1001.2,212.0,1.06,-0.22,10.91,10.97,1.16,0,400,4095,0,9,13.5,4068,0,177.2,-0.31,1,0,NORMAL,None,9.6,95.5
2026-09-01 03:51:00,IN-DELHI-01,25.6,55.0,27.2,1000.3,219.6,1.06,-0.17,10.95,11.0,1.19,4,414,4063,1,10,15.0,4056,1,185.8,0.19,0,0,NORMAL,None,4.3,98.3
2026-09-01 03:51:05,IN-DELHI-01,23.4,69.1,25.6,1004.9,180.7,0.89,-0.19,10.65,10.69,0.88,188,2656,4022,2,8,12.0,4047,1,182.3,0.0,0,4,HAZARDOUS_AIR_POLLUTION,Extreme,94.6,95.9
2026-09-01 03:51:10,IN-DELHI-01,24.7,46.9,25.2,1000.1,220.9,1.06,-0.22,10.93,10.98,1.17,0,400,4059,1,3,4.5,4064,1,182.7,-0.19,0,0,NORMAL,None,5.0,98.2
2026-09-01 03:51:15,IN-DELHI-01,26.5,46.8,27.5,999.1,229.4,1.06,-0.16,10.67,10.73,0.92,2,407,4066,1,18,27.0,4094,0,186.1,-0.13,0,0,NORMAL,None,15.7,96.8
2026-09-01 03:51:20,IN-DELHI-01,23.5,88.6,27.5,990.5,301.7,1.09,-0.22,10.66,10.72,0.91,15,452,1373,97,298,536.4,1197,100,72.0,-12.69,1,1,FLASH_FLOOD,Severe,85.6,89.5
2026-09-01 03:51:25,IN-DELHI-01,27.4,59.6,30.2,1000.2,220.1,0.97,-0.18,10.65,10.69,0.88,6,421,4059,1,8,12.0,4068,0,187.4,0.13,0,0,NORMAL,None,12.6,92.9
2026-09-01 03:51:30,IN-DELHI-01,24.4,57.6,25.9,1003.1,195.4,0.96,-0.14,10.74,10.78,0.97,0,400,4028,2,12,18.0,4047,1,180.4,-0.21,1,0,NORMAL,None,6.8,97.6
2026-09-01 03:51:35,IN-DELHI-01,25.1,67.1,27.8,1003.7,190.5,1.05,-0.16,10.55,10.61,0.8,21,484,1728,84,470,916.5,3330,26,70.0,-1.01,0,5,WATER_CONTAMINATION,Severe,83.3,94.1
2026-09-01 03:51:40,IN-DELHI-01,26.6,58.4,28.9,1003.6,191.0,1.04,-0.25,10.59,10.65,0.84,93,1516,3994,3,12,18.0,4023,2,169.2,0.0,0,4,HAZARDOUS_AIR_POLLUTION,Severe,83.2,93.6
2026-09-01 03:51:45,IN-DELHI-01,22.4,88.3,25.9,991.5,293.6,-3.46,-2.49,11.03,11.83,2.02,11,438,1270,100,221,353.6,1947,74,160.3,-5.97,1,2,LANDSLIDE_PRECURSOR,Extreme,94.1,86.8
2026-09-01 03:51:50,IN-DELHI-01,25.1,95.9,30.8,988.2,321.2,1.16,-0.1,11.0,11.06,1.25,23,480,1383,97,301,541.8,1251,98,42.3,-19.64,0,1,FLASH_FLOOD,Severe,91.5,90.5
2026-09-01 03:51:55,IN-DELHI-01,27.1,51.7,28.9,1000.6,217.0,1.15,-0.19,10.7,10.77,0.96,2,407,4066,1,21,31.5,4058,1,194.7,-0.0,0,0,NORMAL,None,8.1,97.5
2026-09-01 03:52:00,IN-DELHI-01,29.0,41.7,30.1,1002.3,202.4,1.06,-0.05,10.5,10.56,0.75,0,400,4037,2,9,13.5,4095,0,189.5,0.04,0,0,NORMAL,None,2.4,96.6
2026-09-01 03:52:05,IN-DELHI-01,18.9,82.2,20.4,991.3,294.7,-3.79,-3.52,11.24,12.37,2.56,12,442,1244,100,180,288.0,1439,91,128.3,-6.49,0,2,LANDSLIDE_PRECURSOR,Extreme,95.6,90.7
2026-09-01 03:52:10,IN-DELHI-01,30.0,46.7,32.1,1001.3,211.0,1.16,-0.14,10.67,10.74,0.93,3,410,4046,1,5,7.5,4042,1,182.6,0.35,0,0,NORMAL,None,14.2,97.0
2026-09-01 03:52:15,IN-DELHI-01,44.4,19.1,45.9,995.9,256.0,1.09,-0.25,10.72,10.78,0.97,166,1811,4081,0,6,9.0,4095,0,188.7,0.0,0,3,WILDFIRE,Extreme,98.0,96.2
2026-09-01 03:52:20,IN-DELHI-01,25.3,51.7,26.4,1001.8,206.3,1.04,-0.07,10.85,10.9,1.09,7,424,4095,0,13,19.5,4070,0,189.5,-0.05,0,0,NORMAL,None,9.1,93.4
2026-09-01 03:52:25,IN-DELHI-01,25.3,62.7,27.6,1000.3,219.3,1.16,-0.15,10.73,10.79,0.98,21,484,1956,76,420,819.0,3316,26,80.9,-2.53,1,5,WATER_CONTAMINATION,Severe,81.4,93.4
2026-09-01 03:52:30,IN-DELHI-01,22.5,92.9,26.5,988.5,318.7,1.02,-0.28,10.88,10.93,1.12,14,449,1364,97,321,577.8,1225,99,83.0,-15.11,0,1,FLASH_FLOOD,Severe,83.4,97.2
2026-09-01 03:52:35,IN-DELHI-01,26.4,61.9,29.1,1007.7,157.1,1.0,-0.25,10.82,10.86,1.05,213,2956,4028,2,8,12.0,4059,1,178.9,0.0,1,4,HAZARDOUS_AIR_POLLUTION,Extreme,97.6,92.7
2026-09-01 03:52:40,IN-DELHI-01,23.8,62.4,25.4,1001.5,209.4,1.08,-0.17,10.82,10.88,1.07,24,496,2082,72,707,1378.6,3931,5,42.7,-0.54,0,5,WATER_CONTAMINATION,Severe,92.6,94.0
2026-09-01 03:52:45,IN-DELHI-01,24.6,54.0,25.7,1000.7,216.0,0.96,-0.06,10.53,10.57,0.76,2,407,4056,1,15,22.5,4079,0,189.0,0.01,0,0,NORMAL,None,12.3,93.9
2026-09-01 03:52:50,IN-DELHI-01,25.4,66.0,28.1,999.7,224.2,1.06,-0.11,10.63,10.68,0.87,11,444,2002,74,664,1294.8,3566,18,86.3,-1.61,0,5,WATER_CONTAMINATION,Severe,90.9,89.4
2026-09-01 03:52:55,IN-DELHI-01,20.8,91.6,23.8,986.1,338.5,0.97,-0.43,10.83,10.89,1.08,11,438,1279,100,379,682.2,1305,96,35.3,-10.86,1,1,FLASH_FLOOD,Severe,92.9,94.3
2026-09-01 03:53:00,IN-DELHI-01,25.9,45.9,26.5,1001.9,205.5,1.06,-0.2,10.51,10.56,0.75,1,403,4042,1,8,12.0,4043,1,185.7,0.19,0,0,NORMAL,None,11.9,98.6
2026-09-01 03:53:05,IN-DELHI-01,26.2,63.9,29.0,998.4,234.8,1.07,-0.17,10.68,10.73,0.92,34,536,2066,72,762,1485.9,2725,47,83.7,-2.83,0,5,WATER_CONTAMINATION,Severe,94.7,92.1
2026-09-01 03:53:10,IN-DELHI-01,30.9,57.3,35.0,1002.7,198.6,1.07,-0.09,10.76,10.81,1.0,142,2104,4033,2,24,36.0,4049,1,174.0,0.0,0,4,HAZARDOUS_AIR_POLLUTION,Severe,89.0,97.7
2026-09-01 03:53:15,IN-DELHI-01,25.4,54.3,26.9,1001.0,212.9,1.02,-0.2,10.56,10.61,0.8,2,407,4017,2,0,0.0,4088,0,199.4,-0.05,0,0,NORMAL,None,12.2,93.5
2026-09-01 03:53:20,IN-DELHI-01,27.2,51.1,28.9,1002.5,200.3,0.99,-0.15,10.57,10.62,0.81,10,435,4040,1,1,1.5,4070,0,197.9,-0.19,0,0,NORMAL,None,9.8,94.1
2026-09-01 03:53:25,IN-DELHI-01,24.8,75.8,28.3,1000.0,221.5,1.06,-0.16,10.65,10.7,0.89,19,476,1935,77,511,996.4,3427,23,87.6,-0.66,1,5,WATER_CONTAMINATION,Severe,84.9,90.3
2026-09-01 03:53:30,IN-DELHI-01,24.3,73.4,27.3,997.5,242.7,0.95,-0.13,10.9,10.95,1.14,28,512,2063,72,483,941.9,3027,36,54.4,-1.76,0,5,WATER_CONTAMINATION,Severe,83.8,86.5
2026-09-01 03:53:35,IN-DELHI-01,23.9,55.7,25.0,1001.4,209.9,1.21,-0.15,10.88,10.95,1.14,0,400,4057,1,0,0.0,4086,0,178.3,-0.1,0,0,NORMAL,None,3.7,95.1
2026-09-01 03:53:40,IN-DELHI-01,25.8,67.8,28.9,1005.0,179.2,0.99,-0.17,10.81,10.86,1.05,30,520,1785,82,820,1599.0,2690,48,88.7,-1.13,0,5,WATER_CONTAMINATION,Severe,96.0,85.7
2026-09-01 03:53:45,IN-DELHI-01,22.8,94.3,27.0,988.5,318.5,0.96,-0.05,10.7,10.74,0.93,10,435,1345,98,374,673.2,1216,99,15.0,-11.75,0,1,FLASH_FLOOD,Extreme,97.0,92.2
2026-09-01 03:53:50,IN-DELHI-01,26.0,58.4,28.1,1007.9,155.0,1.12,-0.17,10.71,10.77,0.96,201,2812,3970,4,20,30.0,4054,1,177.8,0.0,0,4,HAZARDOUS_AIR_POLLUTION,Extreme,96.1,90.4
2026-09-01 03:53:55,IN-DELHI-01,41.7,16.0,41.7,995.2,261.8,0.99,-0.27,10.61,10.66,0.85,136,1556,4089,0,10,15.0,4095,0,193.3,0.0,0,3,WILDFIRE,Severe,91.0,93.0
2026-09-01 03:54:00,IN-DELHI-01,27.3,52.5,29.2,1001.4,209.7,1.12,-0.18,10.81,10.87,1.06,2,407,4064,1,5,7.5,4082,0,185.4,0.2,0,0,NORMAL,None,2.5,92.7
2026-09-01 03:54:05,IN-DELHI-01,28.6,63.9,32.4,1002.4,201.0,0.96,-0.21,10.86,10.9,1.09,123,1876,4005,3,6,9.0,4032,2,170.3,0.0,1,4,HAZARDOUS_AIR_POLLUTION,Severe,86.8,92.1
2026-09-01 03:54:10,IN-DELHI-01,44.9,17.5,46.1,996.6,250.7,1.01,-0.22,10.76,10.81,1.0,87,1139,4088,0,7,10.5,4095,0,190.2,0.0,0,3,WILDFIRE,Extreme,98.0,98.0
2026-09-01 03:54:15,IN-DELHI-01,28.6,46.6,30.3,1001.3,211.0,1.02,-0.23,10.78,10.83,1.02,3,410,4055,1,9,13.5,4041,1,180.3,0.27,0,0,NORMAL,None,10.6,97.1
2026-09-01 03:54:20,IN-DELHI-01,28.1,50.8,30.1,1000.9,214.5,0.93,-0.12,10.59,10.63,0.82,1,403,4013,2,9,13.5,4064,1,180.2,-0.11,0,0,NORMAL,None,7.2,97.7
2026-09-01 03:54:25,IN-DELHI-01,24.8,68.0,27.5,1006.2,169.4,1.06,-0.15,10.86,10.91,1.1,128,1936,4011,3,17,25.5,4059,1,180.6,0.0,0,4,HAZARDOUS_AIR_POLLUTION,Severe,87.4,90.2
2026-09-01 03:54:30,IN-DELHI-01,27.5,57.0,30.1,999.4,226.4,1.04,-0.18,10.75,10.8,0.99,10,435,4051,1,6,9.0,4073,0,195.8,-0.05,0,0,NORMAL,None,12.1,97.5
2026-09-01 03:54:35,IN-DELHI-01,26.8,59.1,29.3,1011.5,125.1,0.91,-0.16,10.75,10.79,0.98,209,2908,3974,4,21,31.5,4047,1,179.1,0.0,1,4,HAZARDOUS_AIR_POLLUTION,Extreme,97.1,96.0
2026-09-01 03:54:40,IN-DELHI-01,17.7,84.3,19.0,994.2,270.6,-1.92,-1.08,11.16,11.37,1.56,11,438,1229,100,195,312.0,1348,94,144.1,-4.45,0,2,LANDSLIDE_PRECURSOR,Extreme,93.7,87.7
2026-09-01 03:54:45,IN-DELHI-01,24.8,52.3,25.9,1004.0,187.6,1.14,-0.21,10.67,10.74,0.93,179,2548,3983,4,9,13.5,4033,2,176.1,0.0,1,4,HAZARDOUS_AIR_POLLUTION,Severe,93.5,94.8
2026-09-01 03:54:50,IN-DELHI-01,27.6,62.4,30.9,998.4,235.3,1.06,-0.21,10.69,10.75,0.94,28,512,2030,73,644,1255.8,2625,50,85.8,-1.78,0,5,WATER_CONTAMINATION,Severe,90.1,90.0
2026-09-01 03:54:55,IN-DELHI-01,22.6,86.4,26.0,990.5,302.2,5.79,1.55,9.13,10.92,1.11,15,452,1307,99,215,344.0,1572,87,109.1,-0.04,0,2,LANDSLIDE_PRECURSOR,Extreme,87.9,93.3
2026-09-01 03:55:00,IN-DELHI-01,26.8,51.0,28.4,1000.7,215.9,0.94,-0.17,10.41,10.46,0.65,8,428,4095,0,0,0.0,4063,1,189.1,-0.19,0,0,NORMAL,None,2.7,95.2
2026-09-01 03:55:05,IN-DELHI-01,24.0,74.0,26.9,999.8,223.8,1.05,-0.2,10.72,10.77,0.96,24,496,1583,89,568,1107.6,2752,46,60.5,-0.69,0,5,WATER_CONTAMINATION,Severe,87.2,88.4
2026-09-01 03:55:10,IN-DELHI-01,43.6,16.5,44.1,999.8,223.4,1.04,-0.13,10.81,10.87,1.06,87,1139,4087,0,7,10.5,4095,0,192.1,0.0,0,3,WILDFIRE,Extreme,97.7,95.1
2026-09-01 03:55:15,IN-DELHI-01,26.4,57.2,28.5,1000.8,214.7,1.06,-0.17,10.91,10.96,1.15,0,400,4067,1,8,12.0,4071,0,174.6,-0.07,0,0,NORMAL,None,17.4,96.6
2026-09-01 03:55:20,IN-DELHI-01,21.3,94.5,24.8,986.1,338.9,0.94,-0.42,11.31,11.35,1.54,20,470,1292,100,356,640.8,1193,100,72.1,-11.68,1,1,FLASH_FLOOD,Severe,85.6,95.8
2026-09-01 03:55:25,IN-DELHI-01,25.8,68.2,29.0,1000.2,219.9,0.97,-0.16,10.79,10.84,1.03,23,492,1787,82,678,1322.1,3649,15,84.7,-1.58,0,5,WATER_CONTAMINATION,Severe,91.4,85.4
2026-09-01 03:55:30,IN-DELHI-01,29.1,51.3,31.6,1000.7,215.9,1.04,-0.13,10.67,10.72,0.91,0,400,4029,2,0,0.0,4095,0,187.2,0.06,0,0,NORMAL,None,4.5,94.0
2026-09-01 03:55:35,IN-DELHI-01,20.1,84.1,22.3,992.2,287.1,-3.16,-3.48,9.78,10.85,1.04,11,438,1317,99,256,409.6,1790,79,135.6,-2.11,1,2,LANDSLIDE_PRECURSOR,Extreme,94.7,90.4
2026-09-01 03:55:40,IN-DELHI-01,25.4,49.6,26.4,1000.2,220.0,1.05,-0.2,10.84,10.9,1.09,5,417,4052,1,13,19.5,4073,0,184.1,0.12,0,0,NORMAL,None,9.6,94.4
2026-09-01 03:55:45,IN-DELHI-01,28.2,59.6,31.3,999.6,225.0,1.09,-0.2,10.69,10.74,0.93,2,407,4018,2,10,15.0,4039,1,185.5,-0.08,0,0,NORMAL,None,7.2,94.7
2026-09-01 03:55:50,IN-DELHI-01,43.1,14.9,43.1,999.2,228.2,0.98,-0.15,10.86,10.9,1.09,116,1386,4073,0,4,6.0,4095,0,184.0,0.0,0,3,WILDFIRE,Extreme,95.9,89.5
2026-09-01 03:55:55,IN-DELHI-01,32.0,55.9,36.4,1001.4,210.2,1.04,-0.09,10.7,10.75,0.94,1,403,4072,0,5,7.5,4057,1,173.4,-0.11,0,0,NORMAL,None,6.6,95.2
2026-09-01 03:56:00,IN-DELHI-01,23.8,88.8,28.0,987.7,325.0,1.13,-0.27,10.65,10.71,0.9,14,449,1281,100,221,397.8,1322,95,24.1,-18.01,0,1,FLASH_FLOOD,Extreme,95.2,93.6
2026-09-01 03:56:05,IN-DELHI-01,28.2,67.1,32.4,1002.6,199.9,1.1,-0.21,10.67,10.73,0.92,137,2044,3969,4,0,0.0,4038,1,178.1,0.0,0,4,HAZARDOUS_AIR_POLLUTION,Severe,88.4,91.3
2026-09-01 03:56:10,IN-DELHI-01,26.3,47.4,27.3,999.9,222.6,1.15,-0.28,10.74,10.81,1.0,0,400,4035,2,17,25.5,4089,0,170.6,0.09,0,0,NORMAL,None,15.1,94.7
2026-09-01 03:56:15,IN-DELHI-01,22.9,48.6,23.0,1002.0,205.1,0.98,-0.23,10.67,10.72,0.91,21,473,4056,1,16,24.0,4072,0,174.2,0.1,0,0,NORMAL,None,14.4,94.7
2026-09-01 03:56:20,IN-DELHI-01,41.5,16.0,41.5,996.7,249.2,1.02,-0.18,10.72,10.77,0.96,110,1335,4095,0,2,3.0,4095,0,189.3,0.0,0,3,WILDFIRE,Severe,90.2,90.5
2026-09-01 03:56:25,IN-DELHI-01,23.7,66.7,25.8,1006.5,166.8,1.13,-0.15,10.71,10.77,0.96,142,2104,4043,1,20,30.0,4077,0,173.0,0.0,0,4,HAZARDOUS_AIR_POLLUTION,Severe,89.0,90.2
2026-09-01 03:56:30,IN-DELHI-01,23.2,94.0,27.6,988.5,318.6,1.1,-0.31,11.12,11.17,1.36,13,445,1381,97,257,462.6,1152,100,45.2,-15.47,1,1,FLASH_FLOOD,Severe,91.0,91.5
2026-09-01 03:56:35,IN-DELHI-01,26.9,66.9,30.4,999.4,226.4,1.02,-0.16,10.72,10.77,0.96,24,496,2090,71,638,1244.1,3605,16,71.9,0.1,1,5,WATER_CONTAMINATION,Severe,89.9,90.2
2026-09-01 03:56:40,IN-DELHI-01,26.2,69.9,29.6,1005.6,174.4,1.09,-0.17,10.91,10.97,1.16,156,2272,4039,2,17,25.5,4071,0,175.9,0.0,0,4,HAZARDOUS_AIR_POLLUTION,Severe,90.7,91.5
2026-09-01 03:56:45,IN-DELHI-01,24.1,91.5,28.7,990.7,300.4,1.31,-0.32,11.13,11.21,1.4,13,445,1249,100,338,608.4,1167,100,79.3,-12.87,0,1,FLASH_FLOOD,Severe,84.1,89.9
2026-09-01 03:56:50,IN-DELHI-01,22.9,87.4,26.6,990.8,299.4,-4.25,-3.36,11.99,13.16,3.35,16,456,1322,99,230,368.0,1653,84,87.7,-6.87,0,2,LANDSLIDE_PRECURSOR,Extreme,87.9,93.1
2026-09-01 03:56:55,IN-DELHI-01,29.7,59.7,33.5,1005.5,175.7,1.11,-0.22,10.84,10.9,1.09,1,403,4043,1,8,12.0,4095,0,175.9,-0.15,0,0,NORMAL,None,17.1,92.3
2026-09-01 03:57:00,IN-DELHI-01,27.1,53.8,29.1,1000.6,217.0,0.89,-0.19,10.92,10.96,1.15,5,417,4095,0,6,9.0,4078,0,184.1,0.05,0,0,NORMAL,None,2.7,97.1
2026-09-01 03:57:05,IN-DELHI-01,28.3,59.8,31.5,1007.6,157.8,0.97,-0.13,10.75,10.8,0.99,85,1420,4020,2,14,21.0,4053,1,177.6,0.0,1,4,HAZARDOUS_AIR_POLLUTION,Severe,82.2,90.3
2026-09-01 03:57:10,IN-DELHI-01,25.5,89.9,30.8,989.7,308.2,0.82,-0.06,10.85,10.88,1.07,16,456,1363,97,321,577.8,1263,97,42.3,-7.41,0,1,FLASH_FLOOD,Severe,91.5,89.3
2026-09-01 03:57:15,IN-DELHI-01,23.4,91.5,27.7,987.7,325.7,1.27,-0.07,10.84,10.91,1.1,4,414,1300,100,355,639.0,1247,98,22.7,-5.11,0,1,FLASH_FLOOD,Extreme,95.5,92.8
2026-09-01 03:57:20,IN-DELHI-01,39.0,16.8,39.0,997.8,240.3,1.1,-0.16,10.86,10.92,1.11,85,1122,4088,0,1,1.5,4095,0,191.3,0.0,1,3,WILDFIRE,Severe,81.4,90.8
2026-09-01 03:57:25,IN-DELHI-01,20.0,93.6,22.8,990.2,304.4,0.86,-0.19,10.79,10.83,1.02,8,428,1281,100,369,664.2,1325,95,71.9,-12.47,1,1,FLASH_FLOOD,Severe,85.6,90.4
2026-09-01 03:57:30,IN-DELHI-01,24.3,93.5,29.3,987.1,330.4,1.22,-0.26,10.64,10.71,0.9,15,452,1279,100,326,586.8,1144,100,44.6,-17.54,1,1,FLASH_FLOOD,Severe,91.1,96.9
2026-09-01 03:57:35,IN-DELHI-01,37.6,18.1,37.6,996.8,248.9,1.01,-0.16,10.82,10.87,1.06,141,1598,4086,0,7,10.5,4095,0,189.1,0.0,1,3,WILDFIRE,Severe,76.7,88.2
2026-09-01 03:57:40,IN-DELHI-01,29.1,44.2,30.6,998.7,232.5,1.08,-0.18,10.66,10.72,0.91,5,417,4042,1,12,18.0,4052,1,170.9,0.24,0,0,NORMAL,None,2.8,97.9
2026-09-01 03:57:45,IN-DELHI-01,36.3,16.7,36.3,997.6,242.1,1.08,-0.15,10.6,10.66,0.85,151,1683,4088,0,4,6.0,4095,0,194.9,0.0,0,3,WILDFIRE,Severe,75.0,97.2
2026-09-01 03:57:50,IN-DELHI-01,23.0,94.5,27.4,989.5,310.5,1.03,-0.25,10.81,10.86,1.05,16,456,1312,99,239,430.2,1266,97,46.5,-11.11,0,1,FLASH_FLOOD,Severe,90.7,89.6
2026-09-01 03:57:55,IN-DELHI-01,28.5,59.8,31.9,1004.8,181.6,1.05,-0.16,10.65,10.7,0.89,136,2032,4065,1,25,37.5,4042,1,187.2,0.0,0,4,HAZARDOUS_AIR_POLLUTION,Severe,88.3,98.3
2026-09-01 03:58:00,IN-DELHI-01,26.1,48.1,27.2,999.6,224.7,1.11,-0.11,10.64,10.69,0.88,1,403,4044,1,0,0.0,4060,1,196.6,-0.38,0,0,NORMAL,None,15.9,95.2
2026-09-01 03:58:05,IN-DELHI-01,22.3,93.2,26.2,988.9,315.1,1.07,-0.02,11.0,11.05,1.24,14,449,1301,99,291,523.8,1293,96,37.0,-8.7,1,1,FLASH_FLOOD,Severe,92.6,89.2
2026-09-01 03:58:10,IN-DELHI-01,23.5,87.9,27.5,990.2,304.1,1.13,-0.15,10.79,10.85,1.04,2,407,1362,97,350,630.0,1290,96,57.6,-16.08,0,1,FLASH_FLOOD,Severe,88.5,92.3
2026-09-01 03:58:15,IN-DELHI-01,20.7,89.9,23.6,995.3,261.0,-3.59,-1.97,11.83,12.51,2.7,13,445,1257,100,206,329.6,1937,74,127.2,-3.19,0,2,LANDSLIDE_PRECURSOR,Extreme,86.2,91.3
2026-09-01 03:58:20,IN-DELHI-01,22.4,93.8,26.4,989.3,311.6,0.86,0.18,10.64,10.68,0.87,17,459,1427,95,331,595.8,1203,99,15.0,-12.07,0,1,FLASH_FLOOD,Extreme,97.0,88.9
2026-09-01 03:58:25,IN-DELHI-01,22.7,92.4,26.7,989.5,310.5,1.06,-0.13,10.71,10.76,0.95,12,442,1372,97,274,493.2,1208,99,25.5,-10.47,0,1,FLASH_FLOOD,Extreme,94.9,90.2
2026-09-01 03:58:30,IN-DELHI-01,22.9,67.2,24.7,1000.6,216.4,1.01,-0.17,10.88,10.93,1.12,17,468,2047,73,878,1712.1,3142,32,86.5,-1.26,0,5,WATER_CONTAMINATION,Severe,96.0,92.3
2026-09-01 03:58:35,IN-DELHI-01,29.1,53.5,31.8,1002.4,201.4,0.86,-0.19,10.64,10.68,0.87,5,417,4086,0,12,18.0,4044,1,175.6,0.21,0,0,NORMAL,None,13.9,94.4
2026-09-01 03:58:40,IN-DELHI-01,20.9,90.5,24.0,985.2,346.2,6.26,2.06,10.86,12.71,2.9,11,438,1212,100,265,424.0,1614,85,88.3,-5.49,1,2,LANDSLIDE_PRECURSOR,Extreme,91.1,94.5
2026-09-01 03:58:45,IN-DELHI-01,22.8,84.9,26.2,989.6,309.1,4.35,1.02,10.15,11.09,1.28,12,442,1323,99,171,273.6,1375,93,160.3,-3.27,0,2,LANDSLIDE_PRECURSOR,Extreme,86.9,94.8
2026-09-01 03:58:50,IN-DELHI-01,24.0,82.2,27.7,990.1,305.5,5.43,2.25,9.8,11.43,1.62,13,445,1216,100,215,344.0,1795,79,140.4,-7.17,1,2,LANDSLIDE_PRECURSOR,Extreme,95.5,89.9
2026-09-01 03:58:55,IN-DELHI-01,22.8,71.9,25.0,1002.0,204.9,1.04,-0.21,10.67,10.72,0.91,26,504,1770,83,677,1320.1,2405,58,90.6,-3.23,0,5,WATER_CONTAMINATION,Severe,91.4,90.7
2026-09-01 03:59:00,IN-DELHI-01,22.1,93.2,25.9,986.2,337.6,1.15,-0.05,10.51,10.57,0.76,12,442,1385,96,317,570.6,1234,98,30.0,-6.33,0,1,FLASH_FLOOD,Extreme,94.0,89.3
2026-09-01 03:59:05,IN-DELHI-01,21.0,85.8,23.7,992.8,282.3,-1.74,-2.98,12.66,13.12,3.31,11,438,1251,100,259,414.4,1731,81,108.4,-0.69,0,2,LANDSLIDE_PRECURSOR,Extreme,88.5,95.6
2026-09-01 03:59:10,IN-DELHI-01,29.5,56.9,32.9,1006.3,168.8,1.23,-0.05,10.89,10.96,1.15,179,2548,4016,2,13,19.5,4025,2,179.1,0.0,0,4,HAZARDOUS_AIR_POLLUTION,Severe,93.5,93.9
2026-09-01 03:59:15,IN-DELHI-01,23.9,83.5,27.7,993.2,279.3,4.94,2.11,11.49,12.68,2.87,10,435,1215,100,232,371.2,1767,80,135.0,-4.31,0,2,LANDSLIDE_PRECURSOR,Extreme,86.5,89.1
2026-09-01 03:59:20,IN-DELHI-01,21.1,92.6,24.3,987.9,323.3,0.94,-0.07,10.88,10.92,1.11,13,445,1345,98,262,471.6,1227,99,19.4,-9.84,1,1,FLASH_FLOOD,Extreme,96.1,88.5
2026-09-01 03:59:25,IN-DELHI-01,25.2,67.1,28.0,999.1,229.4,1.02,-0.25,10.73,10.78,0.97,7,428,1996,75,586,1142.7,3645,15,74.5,-1.17,0,5,WATER_CONTAMINATION,Severe,87.9,85.6
2026-09-01 03:59:30,IN-DELHI-01,30.2,53.5,33.5,1001.2,211.2,0.93,-0.16,10.7,10.74,0.93,0,400,4095,0,11,16.5,4051,1,185.0,0.0,0,0,NORMAL,None,10.2,95.8
2026-09-01 03:59:35,IN-DELHI-01,27.3,52.5,29.2,998.2,237.2,1.14,-0.2,10.8,10.86,1.05,0,400,4018,2,9,13.5,4088,0,185.1,-0.07,0,0,NORMAL,None,16.9,95.3
2026-09-01 03:59:40,IN-DELHI-01,25.5,65.1,28.1,1007.4,159.6,1.06,-0.13,10.82,10.87,1.06,182,2584,4052,1,26,39.0,4023,2,184.0,0.0,0,4,HAZARDOUS_AIR_POLLUTION,Extreme,93.8,90.8
2026-09-01 03:59:45,IN-DELHI-01,27.5,45.8,28.7,1001.0,213.5,1.07,-0.09,10.9,10.95,1.14,13,445,4076,0,10,15.0,4062,1,174.2,0.13,0,0,NORMAL,None,13.2,95.5
2026-09-01 03:59:50,IN-DELHI-01,21.5,89.8,24.7,991.1,296.3,-3.06,-2.06,10.19,10.84,1.03,9,431,1309,99,158,252.8,1591,86,134.2,-7.17,1,2,LANDSLIDE_PRECURSOR,Extreme,93.5,93.1
2026-09-01 03:59:55,IN-DELHI-01,27.2,47.5,28.5,1003.6,191.1,1.08,-0.24,10.77,10.82,1.01,10,435,4053,1,9,13.5,4042,1,182.2,0.06,0,0,NORMAL,None,17.7,98.6
2026-09-01 04:00:00,IN-DELHI-01,26.6,60.7,29.2,1003.4,193.1,1.07,-0.19,10.71,10.76,0.95,27,508,1591,89,455,887.2,3364,25,93.9,-1.54,0,5,WATER_CONTAMINATION,Severe,82.7,93.5
2026-09-01 04:00:05,IN-DELHI-01,27.2,68.7,31.0,1007.0,163.0,1.0,-0.11,10.82,10.87,1.06,180,2560,3953,5,19,28.5,4075,0,177.2,0.0,1,4,HAZARDOUS_AIR_POLLUTION,Extreme,93.6,90.4
2026-09-01 04:00:10,IN-DELHI-01,20.9,83.5,23.3,993.4,277.2,5.09,1.25,9.84,11.15,1.34,9,431,1246,100,232,371.2,1653,84,133.5,-6.49,1,2,LANDSLIDE_PRECURSOR,Extreme,94.0,87.4
2026-09-01 04:00:15,IN-DELHI-01,25.8,89.7,31.3,993.4,277.3,-4.85,-2.69,9.14,10.68,0.87,11,438,1228,100,233,372.8,1610,85,130.1,-4.39,0,2,LANDSLIDE_PRECURSOR,Extreme,92.0,94.3
2026-09-01 04:00:20,IN-DELHI-01,24.7,56.0,26.1,1008.2,152.4,1.08,-0.21,10.75,10.8,0.99,141,2092,3943,5,23,34.5,4071,0,181.1,0.0,1,4,HAZARDOUS_AIR_POLLUTION,Severe,88.9,93.7
2026-09-01 04:00:25,IN-DELHI-01,28.3,48.1,30.1,1001.3,211.1,1.08,-0.12,10.51,10.57,0.76,3,410,4095,0,8,12.0,4061,1,175.8,0.08,0,0,NORMAL,None,11.0,98.0
2026-09-01 04:00:30,IN-DELHI-01,39.6,16.7,39.6,997.4,243.6,1.23,-0.09,10.75,10.82,1.01,119,1411,4085,0,5,7.5,4095,0,182.7,0.0,0,3,WILDFIRE,Severe,83.7,98.0
2026-09-01 04:00:35,IN-DELHI-01,22.3,94.7,26.3,987.0,331.6,0.89,-0.07,10.47,10.51,0.7,19,466,1379,97,408,734.4,1085,100,18.1,-9.15,0,1,FLASH_FLOOD,Extreme,96.4,97.5
2026-09-01 04:00:40,IN-DELHI-01,22.5,93.5,26.5,992.2,287.6,3.0,0.42,9.42,9.9,0.09,19,466,1273,100,208,332.8,1628,85,152.4,-5.36,0,2,LANDSLIDE_PRECURSOR,Extreme,93.3,91.3
2026-09-01 04:00:45,IN-DELHI-01,26.3,44.7,27.0,1003.6,191.1,0.99,-0.13,10.69,10.74,0.93,3,410,4095,0,9,13.5,4035,2,185.0,-0.1,0,0,NORMAL,None,8.3,94.6
2026-09-01 04:00:50,IN-DELHI-01,26.1,74.4,30.0,1003.4,193.4,1.02,-0.13,10.77,10.82,1.01,9,436,1750,83,439,856.0,3182,31,90.0,-2.15,0,5,WATER_CONTAMINATION,Severe,82.1,89.1
2026-09-01 04:00:55,IN-DELHI-01,41.5,18.5,42.0,999.9,222.6,1.19,-0.23,10.77,10.84,1.03,143,1615,4074,0,11,16.5,4095,0,186.9,0.0,0,3,WILDFIRE,Severe,90.1,90.7
2026-09-01 04:01:00,IN-DELHI-01,33.5,49.0,37.5,1001.2,211.2,0.99,-0.15,10.65,10.7,0.89,8,428,4048,1,7,10.5,4077,0,176.0,0.28,0,0,NORMAL,None,11.9,92.4
2026-09-01 04:01:05,IN-DELHI-01,39.9,18.1,39.9,999.3,227.6,1.1,-0.17,10.7,10.75,0.94,109,1326,4074,0,5,7.5,4095,0,184.5,0.0,0,3,WILDFIRE,Severe,84.6,97.5
2026-09-01 04:01:10,IN-DELHI-01,28.1,52.6,30.3,999.9,222.2,1.11,-0.16,10.74,10.8,0.99,15,452,4095,0,8,12.0,4095,0,182.2,0.01,0,0,NORMAL,None,2.9,95.8
2026-09-01 04:01:15,IN-DELHI-01,25.2,67.0,27.9,1000.2,219.8,1.05,-0.18,10.75,10.8,0.99,11,444,1658,87,683,1331.8,3206,30,72.6,0.24,0,5,WATER_CONTAMINATION,Severe,91.6,89.1
2026-09-01 04:01:20,IN-DELHI-01,41.3,17.4,41.5,995.0,264.1,1.07,-0.31,10.73,10.79,0.98,82,1097,4095,0,0,0.0,4095,0,191.1,0.0,0,3,WILDFIRE,Severe,89.6,91.4
2026-09-01 04:01:25,IN-DELHI-01,22.8,97.0,27.4,987.2,329.9,1.34,-0.25,11.06,11.14,1.33,17,459,1311,99,432,777.6,1335,95,62.4,-8.35,0,1,FLASH_FLOOD,Severe,87.5,94.6
2026-09-01 04:01:30,IN-DELHI-01,22.6,89.2,26.3,989.9,306.5,-1.02,-2.46,11.98,12.27,2.46,14,449,1338,98,244,390.4,1483,90,124.7,-6.61,0,2,LANDSLIDE_PRECURSOR,Extreme,94.9,92.2
2026-09-01 04:01:35,IN-DELHI-01,20.9,91.6,24.0,992.2,287.7,0.94,-0.41,10.53,10.58,0.77,18,463,1277,100,281,505.8,1268,97,54.0,-8.05,1,1,FLASH_FLOOD,Severe,89.2,88.4
2026-09-01 04:01:40,IN-DELHI-01,25.3,50.5,26.3,999.2,228.3,1.12,-0.2,10.84,10.9,1.09,5,417,4079,0,2,3.0,4074,0,166.9,-0.16,1,0,NORMAL,None,17.5,92.4
2026-09-01 04:01:45,IN-DELHI-01,24.2,91.0,28.9,988.7,317.2,1.09,-0.39,10.52,10.58,0.77,16,456,1425,95,368,662.4,1223,99,35.7,-13.01,1,1,FLASH_FLOOD,Severe,92.9,93.6
2026-09-01 04:01:50,IN-DELHI-01,25.8,47.9,26.7,1006.3,168.3,0.98,-0.1,10.7,10.75,0.94,221,3052,3958,4,9,13.5,4070,0,169.7,0.0,1,4,HAZARDOUS_AIR_POLLUTION,Extreme,98.5,96.4
2026-09-01 04:01:55,IN-DELHI-01,19.1,88.3,21.1,994.2,270.7,2.24,2.58,11.08,11.59,1.78,8,428,1297,100,252,403.2,1499,89,114.9,-6.81,1,2,LANDSLIDE_PRECURSOR,Extreme,90.2,90.4
2026-09-01 04:02:00,IN-DELHI-01,43.5,20.9,45.2,995.5,259.7,1.03,-0.23,10.56,10.61,0.8,102,1267,4080,0,3,4.5,4095,0,191.5,0.0,0,3,WILDFIRE,Extreme,97.1,96.7
2026-09-01 04:02:05,IN-DELHI-01,39.3,20.2,39.7,999.5,226.2,0.98,-0.3,10.9,10.95,1.14,81,1088,4093,0,0,0.0,4095,0,185.8,0.0,0,3,WILDFIRE,Severe,82.6,92.8
2026-09-01 04:02:10,IN-DELHI-01,29.3,57.4,32.7,1002.0,205.1,0.82,-0.15,10.89,10.92,1.11,8,428,4071,0,5,7.5,4073,0,181.4,0.31,0,0,NORMAL,None,3.7,92.3
2026-09-01 04:02:15,IN-DELHI-01,23.3,91.7,27.5,984.3,354.1,0.77,-0.23,10.86,10.89,1.08,14,449,1329,98,250,450.0,1278,97,90.4,-9.95,1,1,FLASH_FLOOD,Severe,81.9,89.7
2026-09-01 04:02:20,IN-DELHI-01,40.7,23.5,42.3,1001.5,209.1,1.05,-0.24,10.75,10.81,1.0,84,1114,4087,0,9,13.5,4095,0,184.6,0.0,0,3,WILDFIRE,Severe,87.6,97.0
2026-09-01 04:02:25,IN-DELHI-01,22.9,94.7,27.2,989.8,307.4,0.8,-0.12,10.86,10.89,1.08,23,480,1388,96,329,592.2,1180,100,66.2,-16.19,0,1,FLASH_FLOOD,Severe,86.8,92.1
2026-09-01 04:02:30,IN-DELHI-01,19.4,90.1,21.7,990.5,301.5,-3.74,-1.86,8.36,9.35,0.46,12,442,1218,100,155,248.0,1563,87,135.1,-3.26,0,2,LANDSLIDE_PRECURSOR,Extreme,99.0,86.7
2026-09-01 04:02:35,IN-DELHI-01,31.0,57.0,35.1,1000.8,215.3,1.11,-0.15,10.86,10.91,1.1,5,417,3991,3,13,19.5,4084,0,179.8,0.03,0,0,NORMAL,None,16.1,97.6
2026-09-01 04:02:40,IN-DELHI-01,28.2,69.7,32.6,1004.9,180.2,0.99,-0.2,10.74,10.79,0.98,99,1588,3968,4,9,13.5,4029,2,178.3,0.0,1,4,HAZARDOUS_AIR_POLLUTION,Severe,83.9,92.2
2026-09-01 04:02:45,IN-DELHI-01,23.1,96.4,27.7,988.5,318.3,1.1,-0.14,10.77,10.83,1.02,14,449,1346,98,302,543.6,1244,98,34.6,-16.07,1,1,FLASH_FLOOD,Severe,93.1,96.1
2026-09-01 04:02:50,IN-DELHI-01,23.8,96.9,28.8,986.4,336.4,1.03,-0.17,10.55,10.6,0.79,13,445,1416,95,307,552.6,1183,100,47.2,-10.0,0,1,FLASH_FLOOD,Severe,90.6,92.5
2026-09-01 04:02:55,IN-DELHI-01,27.5,51.5,29.4,1001.6,208.4,1.07,-0.14,10.9,10.95,1.14,3,410,4007,3,11,16.5,4049,1,174.1,0.22,0,0,NORMAL,None,17.4,93.3
2026-09-01 04:03:00,IN-DELHI-01,29.0,49.7,31.2,1000.5,217.4,1.09,-0.21,10.82,10.87,1.06,4,414,4048,1,14,21.0,4060,1,191.3,-0.44,0,0,NORMAL,None,11.7,94.5
2026-09-01 04:03:05,IN-DELHI-01,22.8,91.6,26.8,990.2,304.2,1.0,0.12,10.82,10.87,1.06,15,452,1293,100,294,529.2,1173,100,77.6,-16.02,0,1,FLASH_FLOOD,Severe,84.5,94.7
2026-09-01 04:03:10,IN-DELHI-01,27.6,42.4,28.3,998.9,231.2,1.0,-0.33,10.89,10.94,1.13,4,414,4068,0,3,4.5,4090,0,171.6,-0.18,1,0,NORMAL,None,15.7,95.6
2026-09-01 04:03:15,IN-DELHI-01,23.6,92.0,28.0,989.9,307.0,0.99,-0.12,10.66,10.71,0.9,12,442,1309,99,278,500.4,1161,100,44.6,-11.72,0,1,FLASH_FLOOD,Severe,91.1,93.9
2026-09-01 04:03:20,IN-DELHI-01,22.1,64.0,23.4,1004.5,183.6,1.03,-0.16,10.71,10.76,0.95,155,2260,4005,3,25,37.5,4039,1,182.6,0.0,1,4,HAZARDOUS_AIR_POLLUTION,Severe,90.6,95.9
2026-09-01 04:03:25,IN-DELHI-01,20.0,82.6,22.0,991.5,293.7,-3.78,-2.25,11.42,12.24,2.43,10,435,1251,100,181,289.6,1510,89,167.2,-2.52,0,2,LANDSLIDE_PRECURSOR,Extreme,87.7,94.2
2026-09-01 04:03:30,IN-DELHI-01,42.7,23.4,44.9,998.9,230.8,1.17,-0.08,10.83,10.89,1.08,161,1768,4089,0,14,21.0,4095,0,189.6,0.0,0,3,WILDFIRE,Extreme,94.6,92.4
2026-09-01 04:03:35,IN-DELHI-01,26.4,50.2,27.7,1002.8,198.1,1.22,-0.2,10.54,10.61,0.8,2,407,4021,2,1,1.5,4087,0,185.1,0.06,0,0,NORMAL,None,12.6,96.3
2026-09-01 04:03:40,IN-DELHI-01,38.6,17.4,38.6,996.8,248.9,0.96,-0.14,10.72,10.77,0.96,117,1394,4075,0,6,9.0,4095,0,192.0,0.0,0,3,WILDFIRE,Severe,80.2,93.9
2026-09-01 04:03:45,IN-DELHI-01,27.4,56.6,29.9,1003.7,190.3,1.02,-0.2,10.77,10.82,1.01,4,414,4095,0,16,24.0,4083,0,185.0,-0.07,0,0,NORMAL,None,7.3,95.8
2026-09-01 04:03:50,IN-DELHI-01,24.0,69.0,26.4,1010.0,137.5,1.14,-0.18,11.08,11.14,1.33,207,2884,3986,3,9,13.5,4060,1,176.5,0.0,0,4,HAZARDOUS_AIR_POLLUTION,Extreme,96.8,92.1
2026-09-01 04:03:55,IN-DELHI-01,28.5,54.7,31.2,1002.1,204.0,0.92,-0.16,10.78,10.82,1.01,8,428,4027,2,9,13.5,4073,0,184.3,0.15,0,0,NORMAL,None,3.5,96.2
2026-09-01 04:04:00,IN-DELHI-01,29.0,51.0,31.4,1001.1,212.6,0.94,-0.16,10.91,10.95,1.14,7,424,4042,1,12,18.0,4076,0,190.7,-0.26,0,0,NORMAL,None,5.9,93.4
2026-09-01 04:04:05,IN-DELHI-01,22.8,86.7,26.4,991.9,290.2,-4.73,-3.08,12.44,13.66,3.85,11,438,1207,100,249,398.4,1802,79,142.7,-3.76,0,2,LANDSLIDE_PRECURSOR,Extreme,94.8,90.7
2026-09-01 04:04:10,IN-DELHI-01,25.4,66.5,28.2,998.7,233.1,1.0,-0.22,10.84,10.89,1.08,24,496,1742,84,667,1300.6,3241,29,70.4,-1.55,0,5,WATER_CONTAMINATION,Severe,91.0,91.6
2026-09-01 04:04:15,IN-DELHI-01,26.7,54.2,28.6,1003.5,192.3,1.09,-0.17,10.67,10.73,0.92,1,403,3990,3,18,27.0,4077,0,188.6,-0.18,0,0,NORMAL,None,17.7,93.6
2026-09-01 04:04:20,IN-DELHI-01,22.4,84.7,25.6,992.9,281.3,6.76,3.27,8.78,11.55,1.74,8,428,1324,99,227,363.2,1824,78,119.7,-3.16,0,2,LANDSLIDE_PRECURSOR,Extreme,92.9,92.7
2026-09-01 04:04:25,IN-DELHI-01,20.7,95.3,24.0,984.0,356.2,1.06,0.08,10.71,10.76,0.95,12,442,1324,99,302,543.6,1341,95,56.5,-10.77,0,1,FLASH_FLOOD,Severe,88.7,94.1
2026-09-01 04:04:30,IN-DELHI-01,28.4,58.5,31.5,1007.6,157.6,1.0,-0.23,10.81,10.86,1.05,205,2860,3975,4,5,7.5,4066,1,181.9,0.0,1,4,HAZARDOUS_AIR_POLLUTION,Extreme,96.6,90.2
2026-09-01 04:04:35,IN-DELHI-01,23.4,91.8,27.8,989.1,313.8,-1.85,-0.81,9.52,9.73,0.08,17,459,1259,100,195,312.0,1695,82,111.1,1.5,1,2,LANDSLIDE_PRECURSOR,Extreme,92.8,93.9
2026-09-01 04:04:40,IN-DELHI-01,23.8,64.4,25.6,1002.3,202.4,1.06,-0.23,10.97,11.02,1.21,33,532,1969,76,474,924.3,4084,0,67.6,-0.67,1,5,WATER_CONTAMINATION,Severe,83.5,93.0
2026-09-01 04:04:45,IN-DELHI-01,26.0,76.8,30.2,1002.0,204.7,1.02,-0.18,10.75,10.8,0.99,16,464,2009,74,690,1345.5,3724,12,100.8,-0.4,0,5,WATER_CONTAMINATION,Severe,91.9,90.7
2026-09-01 04:04:50,IN-DELHI-01,23.5,55.6,24.5,1004.3,185.4,0.99,-0.18,10.64,10.68,0.87,158,2296,3958,4,0,0.0,4095,0,186.7,0.0,1,4,HAZARDOUS_AIR_POLLUTION,Severe,91.0,97.3
2026-09-01 04:04:55,IN-DELHI-01,25.4,50.8,26.4,1001.3,210.7,1.01,-0.22,10.73,10.78,0.97,9,431,4032,2,17,25.5,4020,2,178.8,0.2,0,0,NORMAL,None,2.4,96.0
2026-09-01 04:05:00,IN-DELHI-01,31.6,43.5,33.9,999.7,224.0,1.1,-0.16,10.78,10.84,1.03,8,428,4060,1,6,9.0,4069,0,180.7,-0.08,0,0,NORMAL,None,12.1,98.9
2026-09-01 04:05:05,IN-DELHI-01,27.1,61.1,30.0,1008.4,150.5,1.06,-0.16,10.81,10.86,1.05,126,1912,4020,2,12,18.0,4041,1,187.8,0.0,0,4,HAZARDOUS_AIR_POLLUTION,Severe,87.1,96.7
2026-09-01 04:05:10,IN-DELHI-01,23.4,98.2,28.3,986.5,335.3,1.22,-0.14,10.94,11.01,1.2,20,470,1344,98,316,568.8,1153,100,77.6,-13.87,0,1,FLASH_FLOOD,Severe,84.5,96.2
2026-09-01 04:05:15,IN-DELHI-01,24.4,92.9,29.4,987.8,324.4,1.21,-0.11,10.69,10.76,0.95,4,414,1494,93,293,527.4,1161,100,52.1,-7.11,1,1,FLASH_FLOOD,Severe,89.6,91.2
2026-09-01 04:05:20,IN-DELHI-01,23.7,63.8,25.5,1002.2,203.3,0.88,-0.18,10.79,10.82,1.01,16,464,1805,81,635,1238.2,3350,25,91.6,-1.49,0,5,WATER_CONTAMINATION,Severe,89.8,85.7
2026-09-01 04:05:25,IN-DELHI-01,23.5,90.2,27.7,987.5,327.4,1.11,0.07,10.42,10.48,0.67,21,473,1491,93,358,644.4,1215,99,15.0,-12.76,0,1,FLASH_FLOOD,Extreme,97.0,94.8
2026-09-01 04:05:30,IN-DELHI-01,27.1,49.3,28.6,1000.9,214.2,1.16,-0.08,10.79,10.86,1.05,4,414,3948,5,6,9.0,4049,1,195.7,-0.21,0,0,NORMAL,None,14.7,96.3
2026-09-01 04:05:35,IN-DELHI-01,40.7,21.3,41.7,997.6,242.1,1.07,-0.1,10.75,10.8,0.99,102,1267,4078,0,8,12.0,4095,0,183.1,0.0,0,3,WILDFIRE,Severe,87.5,92.7
2026-09-01 04:05:40,IN-DELHI-01,26.7,50.2,28.2,999.8,223.7,0.86,-0.2,10.82,10.85,1.04,14,449,4060,1,9,13.5,4051,1,173.0,-0.28,1,0,NORMAL,None,2.9,92.5
2026-09-01 04:05:45,IN-DELHI-01,27.7,60.7,30.7,999.9,222.2,1.11,-0.16,10.76,10.82,1.01,1,403,4062,1,5,7.5,4052,1,172.6,0.03,0,0,NORMAL,None,12.6,95.5
2026-09-01 04:05:50,IN-DELHI-01,24.6,59.2,26.2,1001.1,212.4,1.03,-0.13,10.65,10.7,0.89,4,414,4095,0,6,9.0,4081,0,180.2,0.05,0,0,NORMAL,None,17.0,96.6
2026-09-01 04:05:55,IN-DELHI-01,25.3,59.3,27.2,1003.2,194.5,1.04,-0.08,10.82,10.87,1.06,24,496,1942,77,688,1341.6,3428,23,62.7,-1.7,0,5,WATER_CONTAMINATION,Severe,91.8,86.1
2026-09-01 04:06:00,IN-DELHI-01,28.7,49.4,30.7,1001.7,207.5,1.04,-0.18,10.72,10.77,0.96,2,407,4017,2,18,27.0,4088,0,179.0,0.07,0,0,NORMAL,None,8.6,97.0
2026-09-01 04:06:05,IN-DELHI-01,23.3,86.3,27.1,987.4,327.7,1.13,-0.24,10.9,10.96,1.15,15,452,1393,96,452,813.6,1327,95,47.7,-15.51,0,1,FLASH_FLOOD,Severe,90.5,93.9
2026-09-01 04:06:10,IN-DELHI-01,22.4,89.2,26.1,983.6,360.0,1.17,-0.04,10.49,10.55,0.74,2,407,1375,97,375,675.0,1295,96,52.8,-13.95,1,1,FLASH_FLOOD,Severe,89.4,92.8
2026-09-01 04:06:15,IN-DELHI-01,28.7,60.7,32.2,1001.2,211.4,1.01,-0.21,10.79,10.84,1.03,29,516,2048,73,509,992.5,2996,37,57.2,-1.57,0,5,WATER_CONTAMINATION,Severe,84.8,94.2
2026-09-01 04:06:20,IN-DELHI-01,27.4,55.4,29.6,1002.5,201.0,1.0,-0.16,10.92,10.97,1.16,2,407,4095,0,17,25.5,4085,0,174.2,0.01,0,0,NORMAL,None,4.0,92.4
2026-09-01 04:06:25,IN-DELHI-01,20.7,89.7,23.5,991.5,293.2,0.98,-0.05,10.67,10.71,0.9,13,445,1250,100,359,646.2,1284,97,58.1,-10.86,0,1,FLASH_FLOOD,Severe,88.4,97.3
2026-09-01 04:06:30,IN-DELHI-01,23.6,95.7,28.5,988.0,322.5,1.22,-0.1,10.96,11.03,1.22,16,456,1386,96,314,565.2,1341,95,69.0,-14.83,0,1,FLASH_FLOOD,Severe,86.2,88.6
2026-09-01 04:06:35,IN-DELHI-01,28.5,52.4,30.9,1003.5,192.6,1.13,-0.12,10.74,10.8,0.99,5,417,4035,2,6,9.0,4069,0,183.8,-0.2,0,0,NORMAL,None,3.8,98.9
2026-09-01 04:06:40,IN-DELHI-01,25.1,49.1,25.8,1003.9,188.6,1.08,-0.2,10.72,10.78,0.97,0,400,4058,1,17,25.5,4095,0,182.2,0.03,0,0,NORMAL,None,3.1,95.0
2026-09-01 04:06:45,IN-DELHI-01,23.4,95.2,28.1,985.2,346.3,1.13,-0.29,10.56,10.62,0.81,18,463,1337,98,284,511.2,1160,100,42.4,-19.86,0,1,FLASH_FLOOD,Severe,91.5,88.2
2026-09-01 04:06:50,IN-DELHI-01,26.6,63.4,29.5,1005.3,177.0,1.12,-0.23,10.65,10.71,0.9,110,1720,3932,5,6,9.0,4057,1,182.1,0.0,0,4,HAZARDOUS_AIR_POLLUTION,Severe,85.2,95.5
2026-09-01 04:06:55,IN-DELHI-01,24.1,94.8,29.1,988.8,316.0,1.25,-0.19,10.66,10.74,0.93,15,452,1302,99,281,505.8,1214,99,18.2,-10.84,0,1,FLASH_FLOOD,Extreme,96.4,97.0
2026-09-01 04:07:00,IN-DELHI-01,24.2,89.3,28.7,992.7,283.4,6.93,2.38,10.32,12.65,2.84,14,449,1295,100,224,358.4,1784,79,104.2,-7.63,1,2,LANDSLIDE_PRECURSOR,Extreme,88.9,87.4
2026-09-01 04:07:05,IN-DELHI-01,25.3,63.6,27.7,1002.7,198.8,1.07,-0.11,10.8,10.86,1.05,17,468,1590,89,555,1082.2,3218,30,78.7,0.05,0,5,WATER_CONTAMINATION,Severe,86.6,89.1
2026-09-01 04:07:10,IN-DELHI-01,22.2,66.9,23.8,1004.6,182.9,0.98,-0.28,10.65,10.7,0.89,183,2596,3958,4,15,22.5,4095,0,179.8,0.0,0,4,HAZARDOUS_AIR_POLLUTION,Extreme,94.0,97.6
2026-09-01 04:07:15,IN-DELHI-01,29.1,55.5,32.0,1001.5,208.9,1.03,-0.3,10.62,10.67,0.86,2,407,4035,2,15,22.5,4087,0,178.7,0.05,0,0,NORMAL,None,15.9,97.1
2026-09-01 04:07:20,IN-DELHI-01,23.9,91.1,28.5,990.5,301.5,1.08,-0.31,10.63,10.69,0.88,18,463,1356,97,338,608.4,1228,99,70.5,-19.49,0,1,FLASH_FLOOD,Severe,85.9,88.2
2026-09-01 04:07:25,IN-DELHI-01,26.1,59.1,28.3,1003.6,191.1,1.22,-0.12,10.82,10.89,1.08,119,1828,3955,5,10,15.0,4090,0,183.0,0.0,0,4,HAZARDOUS_AIR_POLLUTION,Severe,86.3,96.6
2026-09-01 04:07:30,IN-DELHI-01,41.4,20.4,42.4,998.8,231.9,1.02,-0.15,10.67,10.72,0.91,111,1343,4086,0,2,3.0,4095,0,194.3,0.0,0,3,WILDFIRE,Severe,90.0,95.1
2026-09-01 04:07:35,IN-DELHI-01,29.1,55.7,32.1,999.8,223.6,1.1,-0.19,10.56,10.62,0.81,4,414,4039,2,16,24.0,4065,1,189.1,0.24,0,0,NORMAL,None,4.0,98.3
2026-09-01 04:07:40,IN-DELHI-01,25.3,70.6,28.4,1005.8,172.8,0.99,-0.24,10.85,10.9,1.09,85,1420,4016,2,20,30.0,4052,1,183.6,0.0,0,4,HAZARDOUS_AIR_POLLUTION,Severe,82.2,96.7
2026-09-01 04:07:45,IN-DELHI-01,21.3,88.6,24.3,985.8,341.4,1.27,-0.36,10.65,10.73,0.92,19,466,1362,97,323,581.4,1223,99,65.2,-15.61,0,1,FLASH_FLOOD,Severe,87.0,94.0
2026-09-01 04:07:50,IN-DELHI-01,22.6,94.8,26.8,989.0,314.8,1.1,-0.12,11.09,11.15,1.34,13,445,1384,96,341,613.8,1311,96,56.6,-8.05,0,1,FLASH_FLOOD,Severe,88.7,93.3
2026-09-01 04:07:55,IN-DELHI-01,22.4,93.5,26.4,990.3,303.8,1.14,-0.13,10.41,10.47,0.66,19,466,1449,94,364,655.2,1301,96,33.8,-14.95,1,1,FLASH_FLOOD,Severe,93.2,96.8
2026-09-01 04:08:00,IN-DELHI-01,21.6,89.9,24.9,993.3,278.5,4.25,1.29,10.73,11.61,1.8,13,445,1303,99,234,374.4,1617,85,88.5,-1.87,0,2,LANDSLIDE_PRECURSOR,Extreme,91.4,89.9
2026-09-01 04:08:05,IN-DELHI-01,26.5,41.1,26.8,1001.4,209.8,1.02,-0.19,10.88,10.93,1.12,0,400,3977,4,17,25.5,4052,1,184.5,0.1,0,0,NORMAL,None,3.9,96.0
2026-09-01 04:08:10,IN-DELHI-01,23.3,91.3,27.5,980.5,385.7,1.13,-0.12,10.79,10.85,1.04,14,449,1347,98,305,549.0,1308,96,33.9,-16.12,0,1,FLASH_FLOOD,Severe,93.2,91.2
2026-09-01 04:08:15,IN-DELHI-01,39.1,15.6,39.1,996.8,248.5,1.02,-0.14,10.75,10.8,0.99,185,1972,4095,0,8,12.0,4095,0,189.0,0.0,0,3,WILDFIRE,Severe,81.9,88.9
2026-09-01 04:08:20,IN-DELHI-01,41.6,14.8,41.6,996.1,254.5,1.05,-0.24,10.84,10.89,1.08,110,1335,4085,0,7,10.5,4095,0,189.0,0.0,0,3,WILDFIRE,Severe,90.6,92.1
2026-09-01 04:08:25,IN-DELHI-01,26.7,47.9,27.9,1000.2,220.1,1.09,-0.3,10.66,10.72,0.91,2,407,4067,1,11,16.5,4095,0,179.9,-0.09,0,0,NORMAL,None,4.9,95.5
2026-09-01 04:08:30,IN-DELHI-01,28.5,50.2,30.6,1001.1,212.5,1.03,-0.22,10.77,10.82,1.01,0,400,4002,3,11,16.5,4095,0,177.6,0.17,0,0,NORMAL,None,9.8,94.1
2026-09-01 04:08:35,IN-DELHI-01,40.0,17.9,40.0,996.5,250.9,0.97,-0.17,10.85,10.89,1.08,91,1173,4080,0,0,0.0,4095,0,196.4,0.0,0,3,WILDFIRE,Severe,85.1,92.7
2026-09-01 04:08:40,IN-DELHI-01,26.4,58.5,28.7,1002.3,202.1,1.12,-0.17,10.69,10.75,0.94,11,438,4007,3,4,6.0,4066,1,185.9,-0.02,0,0,NORMAL,None,7.4,93.9
2026-09-01 04:08:45,IN-DELHI-01,42.2,15.1,42.2,997.1,246.5,1.1,-0.2,10.88,10.94,1.13,101,1258,4088,0,12,18.0,4095,0,189.7,0.0,0,3,WILDFIRE,Extreme,92.7,94.8
2026-09-01 04:08:50,IN-DELHI-01,24.3,91.4,29.1,989.9,306.6,-2.35,-2.23,12.36,12.78,2.97,10,435,1273,100,280,448.0,1799,79,125.8,-4.7,0,2,LANDSLIDE_PRECURSOR,Extreme,96.6,94.0
2026-09-01 04:08:55,IN-DELHI-01,21.8,93.5,25.5,994.2,271.0,1.21,-0.07,10.59,10.66,0.85,5,417,1207,100,318,572.4,1281,97,44.7,-18.39,1,1,FLASH_FLOOD,Severe,91.1,92.6
2026-09-01 04:09:00,IN-DELHI-01,28.8,57.7,32.0,998.6,233.3,1.09,-0.2,10.82,10.88,1.07,2,407,4059,1,6,9.0,4095,0,178.0,0.12,0,0,NORMAL,None,14.3,98.9
2026-09-01 04:09:05,IN-DELHI-01,22.9,96.7,27.4,988.2,321.3,1.21,-0.28,11.0,11.07,1.26,17,459,1409,96,329,592.2,1252,98,15.8,-11.49,0,1,FLASH_FLOOD,Extreme,96.8,93.7
2026-09-01 04:09:10,IN-DELHI-01,26.0,74.9,30.0,1003.2,194.8,1.02,-0.18,10.67,10.72,0.91,29,516,1852,80,557,1086.1,3337,26,68.5,-3.08,0,5,WATER_CONTAMINATION,Severe,86.7,86.3
2026-09-01 04:09:15,IN-DELHI-01,38.5,19.7,38.5,998.3,236.1,1.02,-0.19,10.6,10.65,0.84,138,1573,4066,1,6,9.0,4095,0,191.5,0.0,0,3,WILDFIRE,Severe,79.7,88.8
2026-09-01 04:09:20,IN-DELHI-01,27.3,61.3,30.3,1010.0,137.6,0.99,-0.13,10.86,10.91,1.1,85,1420,4014,2,9,13.5,4086,0,180.6,0.0,1,4,HAZARDOUS_AIR_POLLUTION,Severe,82.2,98.5
2026-09-01 04:09:25,IN-DELHI-01,23.8,93.6,28.5,988.6,317.5,1.02,-0.34,10.79,10.84,1.03,10,435,1307,99,298,536.4,1214,99,28.2,-9.77,0,1,FLASH_FLOOD,Extreme,94.4,92.9
2026-09-01 04:09:30,IN-DELHI-01,43.9,16.8,44.5,995.9,256.3,1.1,-0.16,10.76,10.82,1.01,133,1530,4076,0,1,1.5,4095,0,192.2,0.0,0,3,WILDFIRE,Extreme,98.0,94.2
2026-09-01 04:09:35,IN-DELHI-01,26.8,61.0,29.5,999.9,222.8,0.98,-0.18,10.83,10.88,1.07,6,421,4045,1,19,28.5,4074,0,189.7,-0.09,0,0,NORMAL,None,5.6,93.2
2026-09-01 04:09:40,IN-DELHI-01,27.8,46.6,29.2,997.7,241.3,1.02,-0.26,10.83,10.88,1.07,0,400,4027,2,14,21.0,4040,1,185.7,0.08,0,0,NORMAL,None,5.9,94.8
2026-09-01 04:09:45,IN-DELHI-01,43.3,15.4,43.4,998.0,238.7,1.1,-0.2,10.7,10.76,0.95,130,1505,4083,0,12,18.0,4095,0,187.6,0.0,0,3,WILDFIRE,Extreme,96.6,88.2
2026-09-01 04:09:50,IN-DELHI-01,25.1,63.2,27.4,1003.6,191.4,1.05,-0.26,10.74,10.8,0.99,118,1816,3946,5,16,24.0,4061,1,181.3,0.0,1,4,HAZARDOUS_AIR_POLLUTION,Severe,86.2,91.2
2026-09-01 04:09:55,IN-DELHI-01,29.2,52.7,31.9,999.9,222.2,1.11,-0.13,10.7,10.76,0.95,2,407,4038,2,12,18.0,4040,1,180.0,-0.17,0,0,NORMAL,None,4.4,97.6
2026-09-01 04:10:00,IN-DELHI-01,23.1,95.6,27.6,988.4,319.3,0.96,-0.14,10.71,10.76,0.95,18,463,1294,100,351,631.8,1218,99,68.1,-9.38,0,1,FLASH_FLOOD,Severe,86.4,95.7
2026-09-01 04:10:05,IN-DELHI-01,25.4,62.9,27.7,999.9,222.2,1.04,-0.09,10.71,10.76,0.95,22,488,1538,91,642,1251.9,3655,15,44.3,-0.93,0,5,WATER_CONTAMINATION,Severe,90.0,94.5
2026-09-01 04:10:10,IN-DELHI-01,21.5,89.8,24.8,990.0,305.7,6.41,1.03,11.15,12.9,3.09,13,445,1290,100,238,380.8,1560,87,142.8,-3.97,0,2,LANDSLIDE_PRECURSOR,Extreme,86.7,93.5
2026-09-01 04:10:15,IN-DELHI-01,41.3,21.0,42.4,1000.2,220.0,0.98,-0.15,10.54,10.59,0.78,77,1054,4090,0,7,10.5,4095,0,185.2,0.0,0,3,WILDFIRE,Severe,89.6,87.7
2026-09-01 04:10:20,IN-DELHI-01,21.1,94.3,24.5,983.5,360.5,1.24,-0.32,11.0,11.07,1.26,14,449,1326,99,367,660.6,1230,98,55.8,-16.64,0,1,FLASH_FLOOD,Severe,88.8,95.0
2026-09-01 04:10:25,IN-DELHI-01,28.0,55.4,30.5,1000.3,218.8,1.17,-0.17,10.64,10.71,0.9,0,400,4040,1,16,24.0,4085,0,182.2,0.09,0,0,NORMAL,None,11.7,98.0
2026-09-01 04:10:30,IN-DELHI-01,26.6,49.9,28.0,1001.3,211.1,0.92,-0.16,10.73,10.77,0.96,0,400,4022,2,13,19.5,4077,0,176.2,0.37,0,0,NORMAL,None,13.5,96.1
2026-09-01 04:10:35,IN-DELHI-01,22.8,91.9,26.8,989.8,307.7,-5.9,-3.05,11.49,13.27,3.46,10,435,1285,100,191,305.6,1440,91,119.3,-2.9,0,2,LANDSLIDE_PRECURSOR,Extreme,85.2,93.7
2026-09-01 04:10:40,IN-DELHI-01,27.9,53.8,30.2,1000.8,215.3,1.1,-0.16,10.74,10.79,0.98,0,400,4016,2,2,3.0,4095,0,180.9,0.06,0,0,NORMAL,None,3.2,96.7
2026-09-01 04:10:45,IN-DELHI-01,26.0,74.4,29.8,1005.2,177.9,0.93,-0.1,10.78,10.82,1.01,194,2728,3962,4,16,24.0,4050,1,183.0,0.0,0,4,HAZARDOUS_AIR_POLLUTION,Extreme,95.3,92.1
2026-09-01 04:10:50,IN-DELHI-01,22.0,51.2,22.1,1006.8,164.7,1.1,-0.23,10.76,10.82,1.01,140,2080,3969,4,14,21.0,4055,1,182.4,0.0,0,4,HAZARDOUS_AIR_POLLUTION,Severe,88.8,95.0
2026-09-01 04:10:55,IN-DELHI-01,24.6,67.7,27.1,1004.1,187.2,1.03,-0.21,10.67,10.73,0.92,19,476,1638,87,660,1287.0,2444,57,92.1,-0.17,0,5,WATER_CONTAMINATION,Severe,90.7,90.1
2026-09-01 04:11:00,IN-DELHI-01,27.1,49.5,28.6,1001.3,210.5,1.15,-0.21,10.84,10.9,1.09,1,403,4095,0,9,13.5,4051,1,186.8,0.32,0,0,NORMAL,None,3.8,93.6
2026-09-01 04:11:05,IN-DELHI-01,20.8,81.6,23.0,992.9,281.7,-2.41,-1.95,11.96,12.35,2.54,18,463,1289,100,240,384.0,1345,94,123.4,-3.46,0,2,LANDSLIDE_PRECURSOR,Extreme,88.6,86.0
2026-09-01 04:11:10,IN-DELHI-01,41.6,12.1,41.6,1000.2,220.3,1.02,-0.14,10.84,10.89,1.08,69,986,4082,0,4,6.0,4095,0,188.1,0.0,0,3,WILDFIRE,Severe,90.5,93.8
2026-09-01 04:11:15,IN-DELHI-01,23.5,91.6,27.9,990.9,298.8,-2.28,-2.25,10.52,11.0,1.19,13,445,1338,98,276,441.6,1571,87,151.4,-5.63,0,2,LANDSLIDE_PRECURSOR,Extreme,91.3,93.8
2026-09-01 04:11:20,IN-DELHI-01,40.2,19.5,40.7,997.3,244.5,1.05,-0.17,10.71,10.76,0.95,138,1573,4074,0,0,0.0,4095,0,194.8,0.0,0,3,WILDFIRE,Severe,85.8,90.7
2026-09-01 04:11:25,IN-DELHI-01,27.3,60.6,30.1,1000.1,221.0,1.08,-0.17,10.98,11.03,1.22,9,431,4046,1,14,21.0,4077,0,179.4,-0.1,0,0,NORMAL,None,8.7,96.1
2026-09-01 04:11:30,IN-DELHI-01,28.6,50.3,30.8,1000.7,215.4,1.18,-0.08,10.75,10.82,1.01,1,403,4001,3,1,1.5,4087,0,183.2,0.13,0,0,NORMAL,None,10.1,95.7
2026-09-01 04:11:35,IN-DELHI-01,28.4,54.1,31.0,998.3,236.4,0.88,-0.22,10.76,10.8,0.99,6,421,4020,2,23,34.5,4040,1,179.6,-0.13,0,0,NORMAL,None,9.4,97.4
2026-09-01 04:11:40,IN-DELHI-01,23.8,88.1,28.0,994.1,271.6,5.8,2.02,9.95,11.69,1.88,16,456,1312,99,217,347.2,1567,87,116.4,-5.96,1,2,LANDSLIDE_PRECURSOR,Extreme,91.5,87.2
2026-09-01 04:11:45,IN-DELHI-01,23.2,86.3,26.9,993.1,279.9,4.68,3.55,8.78,10.56,0.75,6,421,1296,100,180,288.0,1423,92,117.4,-6.93,0,2,LANDSLIDE_PRECURSOR,Extreme,92.5,88.5
2026-09-01 04:11:50,IN-DELHI-01,27.5,46.3,28.7,999.8,223.5,1.02,-0.25,10.67,10.72,0.91,0,400,4093,0,1,1.5,4054,1,182.7,-0.13,0,0,NORMAL,None,7.0,96.0
2026-09-01 04:11:55,IN-DELHI-01,27.2,61.9,30.1,1000.4,218.7,1.1,-0.09,10.58,10.63,0.82,3,410,4016,2,11,16.5,4065,1,185.6,0.14,0,0,NORMAL,None,6.9,98.6
2026-09-01 04:12:00,IN-DELHI-01,22.7,95.4,27.0,991.1,296.5,0.89,-0.18,11.12,11.15,1.34,13,445,1363,97,356,640.8,1178,100,49.2,-10.0,1,1,FLASH_FLOOD,Severe,90.2,92.3
2026-09-01 04:12:05,IN-DELHI-01,21.8,67.7,23.2,1004.4,184.5,1.0,-0.21,10.75,10.8,0.99,158,2296,4049,1,17,25.5,4037,2,187.3,0.0,0,4,HAZARDOUS_AIR_POLLUTION,Severe,91.0,95.3
2026-09-01 04:12:10,IN-DELHI-01,23.7,93.3,28.4,988.6,318.2,1.0,-0.06,10.74,10.79,0.98,13,445,1363,97,380,684.0,1333,95,23.4,-12.47,0,1,FLASH_FLOOD,Extreme,95.3,89.3
2026-09-01 04:12:15,IN-DELHI-01,42.7,20.1,43.9,997.1,246.5,1.0,-0.14,10.76,10.81,1.0,116,1386,4082,0,5,7.5,4095,0,186.3,0.0,0,3,WILDFIRE,Extreme,94.4,96.9
2026-09-01 04:12:20,IN-DELHI-01,23.0,92.1,27.2,989.8,307.3,1.44,0.91,10.83,10.96,1.15,9,431,1256,100,265,424.0,1559,87,92.6,-3.57,0,2,LANDSLIDE_PRECURSOR,Extreme,98.0,89.0
2026-09-01 04:12:25,IN-DELHI-01,28.1,49.1,29.9,1001.7,207.3,1.24,-0.16,10.52,10.59,0.78,3,410,4095,0,2,3.0,4082,0,177.2,-0.04,0,0,NORMAL,None,11.0,97.5
2026-09-01 04:12:30,IN-DELHI-01,41.2,18.8,41.7,997.6,242.0,1.13,-0.16,10.88,10.94,1.13,133,1530,4087,0,0,0.0,4095,0,187.5,0.0,1,3,WILDFIRE,Severe,89.3,91.0
2026-09-01 04:12:35,IN-DELHI-01,21.8,58.7,22.4,999.5,225.7,1.01,-0.07,10.88,10.93,1.12,17,468,1883,79,466,908.7,3297,27,83.8,-1.72,0,5,WATER_CONTAMINATION,Severe,83.2,91.3
2026-09-01 04:12:40,IN-DELHI-01,23.8,64.8,25.7,997.2,245.7,0.97,-0.16,10.82,10.86,1.05,7,428,2184,68,745,1452.8,3538,19,97.3,-2.3,0,5,WATER_CONTAMINATION,Severe,94.1,90.7
2026-09-01 04:12:45,IN-DELHI-01,24.2,61.4,26.0,1002.1,203.8,0.94,-0.16,10.57,10.61,0.8,4,414,4043,1,13,19.5,4047,1,184.3,-0.02,0,0,NORMAL,None,5.8,95.8
2026-09-01 04:12:50,IN-DELHI-01,32.2,42.0,34.5,999.9,222.7,0.89,-0.18,10.68,10.72,0.91,7,424,4060,1,3,4.5,4080,0,178.5,-0.08,0,0,NORMAL,None,16.5,96.2
2026-09-01 04:12:55,IN-DELHI-01,27.7,63.9,31.1,1007.4,159.4,1.07,-0.26,10.68,10.73,0.92,155,2260,4049,1,13,19.5,4078,0,187.7,0.0,0,4,HAZARDOUS_AIR_POLLUTION,Severe,90.6,92.0
2026-09-01 04:13:00,IN-DELHI-01,24.8,75.0,28.2,1001.6,207.8,1.06,-0.23,10.66,10.71,0.9,19,476,1925,77,771,1503.5,3338,26,55.9,-2.42,0,5,WATER_CONTAMINATION,Severe,95.1,89.8
2026-09-01 04:13:05,IN-DELHI-01,43.9,15.5,44.2,996.0,255.3,1.01,-0.06,10.7,10.75,0.94,129,1496,4082,0,0,0.0,4095,0,192.3,0.0,0,3,WILDFIRE,Extreme,98.0,89.3
2026-09-01 04:13:10,IN-DELHI-01,42.4,20.7,43.7,1000.3,219.0,1.04,-0.12,10.73,10.78,0.97,91,1173,4071,0,3,4.5,4095,0,183.1,0.0,0,3,WILDFIRE,Extreme,93.3,93.8
2026-09-01 04:13:15,IN-DELHI-01,27.2,79.3,32.2,999.9,222.3,1.1,-0.2,10.8,10.86,1.05,29,516,2020,74,739,1441.0,3521,19,96.3,-1.87,0,5,WATER_CONTAMINATION,Severe,93.8,88.6
2026-09-01 04:13:20,IN-DELHI-01,22.7,95.4,27.0,989.7,308.6,0.97,-0.1,10.95,10.99,1.18,16,456,1359,97,309,556.2,1136,100,57.4,-15.59,0,1,FLASH_FLOOD,Severe,88.5,94.4
2026-09-01 04:13:25,IN-DELHI-01,29.6,55.9,32.9,999.4,226.7,1.08,-0.13,10.79,10.84,1.03,1,403,4087,0,5,7.5,4084,0,181.9,0.34,0,0,NORMAL,None,2.1,93.9
2026-09-01 04:13:30,IN-DELHI-01,27.1,74.8,31.5,1001.8,206.3,1.13,-0.12,10.8,10.86,1.05,21,484,1903,78,471,918.4,3350,25,84.5,-1.15,0,5,WATER_CONTAMINATION,Severe,83.4,94.7
2026-09-01 04:13:35,IN-DELHI-01,26.1,47.4,27.0,1001.6,208.5,0.99,-0.23,10.59,10.64,0.83,10,435,4012,2,9,13.5,4056,1,186.4,0.01,0,0,NORMAL,None,9.5,95.0
2026-09-01 04:13:40,IN-DELHI-01,40.5,16.7,40.5,998.7,232.4,1.0,-0.21,10.77,10.82,1.01,126,1471,4091,0,0,0.0,4095,0,185.0,0.0,0,3,WILDFIRE,Severe,86.8,94.0
2026-09-01 04:13:45,IN-DELHI-01,25.7,91.3,31.3,987.3,329.0,1.13,-0.02,10.73,10.79,0.98,12,442,1235,100,424,763.2,1282,97,15.0,-15.41,1,1,FLASH_FLOOD,Extreme,97.0,90.8
2026-09-01 04:13:50,IN-DELHI-01,24.8,90.5,29.7,986.5,335.4,1.14,-0.37,10.87,10.93,1.12,11,438,1241,100,289,520.2,1313,96,39.4,-8.48,0,1,FLASH_FLOOD,Severe,92.1,96.6
2026-09-01 04:13:55,IN-DELHI-01,19.8,89.8,22.3,993.6,276.0,4.88,2.22,10.77,12.03,2.22,8,428,1303,99,239,382.4,1477,90,99.2,-6.01,0,2,LANDSLIDE_PRECURSOR,Extreme,88.9,89.5
2026-09-01 04:14:00,IN-DELHI-01,25.7,56.6,27.5,1000.7,215.4,1.09,-0.13,10.75,10.8,0.99,2,407,4095,0,10,15.0,4052,1,185.1,-0.16,1,0,NORMAL,None,13.7,92.3
2026-09-01 04:14:05,IN-DELHI-01,23.4,66.5,25.4,1002.7,198.7,1.11,-0.25,10.71,10.77,0.96,16,464,1805,81,425,828.8,3336,26,85.9,-1.58,1,5,WATER_CONTAMINATION,Severe,81.6,89.6
2026-09-01 04:14:10,IN-DELHI-01,26.7,56.0,28.8,999.7,224.3,1.11,-0.11,10.81,10.87,1.06,0,400,4076,0,11,16.5,4033,2,178.0,-0.03,0,0,NORMAL,None,13.5,93.9
2026-09-01 04:14:15,IN-DELHI-01,25.4,92.2,31.0,989.9,306.6,1.22,-0.19,11.25,11.32,1.51,22,477,1418,95,280,504.0,1245,98,60.3,-16.44,1,1,FLASH_FLOOD,Severe,87.9,88.9
2026-09-01 04:14:20,IN-DELHI-01,24.2,58.9,25.7,1003.8,189.9,1.14,-0.25,10.66,10.72,0.91,132,1984,3970,4,4,6.0,4030,2,175.1,0.0,1,4,HAZARDOUS_AIR_POLLUTION,Severe,87.8,95.2
2026-09-01 04:14:25,IN-DELHI-01,45.3,15.6,46.0,993.8,273.6,1.15,-0.14,10.76,10.83,1.02,147,1649,4085,0,0,0.0,4095,0,187.5,0.0,0,3,WILDFIRE,Extreme,98.0,92.2
2026-09-01 04:14:30,IN-DELHI-01,24.6,60.6,26.5,1006.9,163.9,1.16,-0.18,10.79,10.85,1.04,166,2392,3942,5,3,4.5,4027,2,182.2,0.0,1,4,HAZARDOUS_AIR_POLLUTION,Severe,91.9,92.4
2026-09-01 04:14:35,IN-DELHI-01,40.2,19.0,40.4,998.4,235.4,0.97,-0.2,10.72,10.77,0.96,137,1564,4079,0,10,15.0,4095,0,188.1,0.0,0,3,WILDFIRE,Severe,85.6,93.7
2026-09-01 04:14:40,IN-DELHI-01,22.6,92.0,26.6,985.0,348.4,0.85,-0.15,10.78,10.82,1.01,16,456,1303,99,233,419.4,1257,98,55.3,-5.07,0,1,FLASH_FLOOD,Severe,88.9,91.4
2026-09-01 04:14:45,IN-DELHI-01,24.9,70.1,27.8,1000.8,215.2,1.01,-0.23,10.58,10.63,0.82,25,500,1560,90,679,1324.0,3653,15,85.0,-1.72,0,5,WATER_CONTAMINATION,Severe,91.5,93.3
2026-09-01 04:14:50,IN-DELHI-01,39.7,18.9,39.8,998.7,232.7,1.07,-0.02,10.94,10.99,1.18,126,1471,4086,0,6,9.0,4095,0,191.7,0.0,0,3,WILDFIRE,Severe,83.9,92.1
2026-09-01 04:14:55,IN-DELHI-01,31.0,51.0,34.2,1001.7,207.0,0.96,-0.27,10.93,10.97,1.16,17,459,4043,1,7,10.5,4057,1,173.8,0.19,0,0,NORMAL,None,4.7,95.8
2026-09-01 04:15:00,IN-DELHI-01,43.9,19.6,45.4,1000.4,218.7,1.0,-0.07,10.64,10.69,0.88,163,1785,4080,0,4,6.0,4095,0,186.6,0.0,0,3,WILDFIRE,Extreme,98.0,93.8
2026-09-01 04:15:05,IN-DELHI-01,27.6,55.5,30.1,1000.2,220.1,1.07,-0.2,10.64,10.7,0.89,4,414,4081,0,9,13.5,4074,0,192.3,-0.19,0,0,NORMAL,None,10.0,92.9
2026-09-01 04:15:10,IN-DELHI-01,28.1,54.8,30.6,1001.7,207.4,0.94,-0.1,10.78,10.82,1.01,8,428,4019,2,15,22.5,4074,0,172.9,-0.13,0,0,NORMAL,None,6.2,93.8
2026-09-01 04:15:15,IN-DELHI-01,30.2,42.5,31.9,999.9,222.1,1.02,-0.21,10.6,10.65,0.84,2,407,4056,1,8,12.0,4043,1,191.8,0.12,0,0,NORMAL,None,16.2,95.7
2026-09-01 04:15:20,IN-DELHI-01,29.1,55.5,32.2,999.8,223.5,0.96,-0.12,10.61,10.65,0.84,0,400,4057,1,20,30.0,4038,1,172.9,0.09,0,0,NORMAL,None,5.8,93.9
2026-09-01 04:15:25,IN-DELHI-01,25.3,62.8,27.7,1005.8,172.5,0.93,-0.16,10.84,10.89,1.08,186,2632,3919,6,16,24.0,4062,1,188.3,0.0,0,4,HAZARDOUS_AIR_POLLUTION,Extreme,94.3,96.9
2026-09-01 04:15:30,IN-DELHI-01,28.9,63.8,32.9,1008.5,150.4,1.09,-0.14,10.89,10.95,1.14,205,2860,3887,7,16,24.0,4066,1,179.2,0.0,0,4,HAZARDOUS_AIR_POLLUTION,Extreme,96.6,92.0
2026-09-01 04:15:35,IN-DELHI-01,24.0,95.7,29.0,989.9,307.0,1.14,-0.44,11.1,11.17,1.36,19,466,1291,100,290,522.0,1256,98,40.5,-12.99,0,1,FLASH_FLOOD,Severe,91.9,97.4
2026-09-01 04:15:40,IN-DELHI-01,42.7,22.6,44.6,997.3,244.5,1.08,-0.21,10.74,10.79,0.98,135,1547,4085,0,0,0.0,4095,0,186.7,0.0,0,3,WILDFIRE,Extreme,94.4,96.1
2026-09-01 04:15:45,IN-DELHI-01,25.3,56.7,27.0,999.3,227.5,1.06,-0.11,10.74,10.79,0.98,1,403,4076,0,11,16.5,4065,1,176.4,0.19,0,0,NORMAL,None,7.3,97.6
2026-09-01 04:15:50,IN-DELHI-01,26.2,52.0,27.7,1002.3,202.5,1.0,-0.17,10.89,10.94,1.13,5,417,4095,0,12,18.0,4064,1,185.5,0.22,0,0,NORMAL,None,10.8,99.0
2026-09-01 04:15:55,IN-DELHI-01,21.2,88.7,24.3,992.9,281.8,3.98,1.2,8.11,9.11,0.7,11,438,1295,100,191,305.6,1366,94,140.1,-5.18,0,2,LANDSLIDE_PRECURSOR,Extreme,89.7,94.6
2026-09-01 04:16:00,IN-DELHI-01,23.7,95.3,28.5,990.7,300.3,1.26,-0.06,10.92,11.0,1.19,11,438,1331,98,302,543.6,1253,98,58.8,-15.94,0,1,FLASH_FLOOD,Severe,88.2,97.3
2026-09-01 04:16:05,IN-DELHI-01,39.8,16.2,39.8,999.1,229.0,1.06,-0.21,10.78,10.84,1.03,98,1233,4095,0,1,1.5,4095,0,187.9,0.0,0,3,WILDFIRE,Severe,84.3,93.4
2026-09-01 04:16:10,IN-DELHI-01,26.4,65.7,29.5,1000.4,217.9,1.01,-0.09,10.67,10.72,0.91,10,440,1866,79,701,1367.0,3747,12,30.0,-1.88,0,5,WATER_CONTAMINATION,Severe,92.3,87.3
2026-09-01 04:16:15,IN-DELHI-01,25.7,42.8,26.0,999.5,225.8,1.08,-0.23,10.82,10.88,1.07,1,403,4028,2,8,12.0,4052,1,181.0,0.05,0,0,NORMAL,None,7.1,94.2
2026-09-01 04:16:20,IN-DELHI-01,27.3,62.5,30.4,997.9,239.8,1.02,-0.19,10.83,10.88,1.07,28,512,1924,77,623,1214.8,3277,28,70.6,-1.17,0,5,WATER_CONTAMINATION,Severe,89.3,87.9
2026-09-01 04:16:25,IN-DELHI-01,27.7,58.0,30.4,1001.2,211.5,1.13,-0.29,10.56,10.63,0.82,1,403,4002,3,8,12.0,4047,1,182.6,0.25,0,0,NORMAL,None,13.8,99.0
2026-09-01 04:16:30,IN-DELHI-01,27.5,53.4,29.6,1000.4,218.4,1.25,-0.05,11.1,11.17,1.36,0,400,4030,2,12,18.0,4093,0,184.9,0.24,0,0,NORMAL,None,9.6,93.3
2026-09-01 04:16:35,IN-DELHI-01,22.5,87.5,25.9,991.8,291.2,5.01,1.76,10.44,11.71,1.9,8,428,1201,100,222,355.2,1702,82,156.0,-5.36,0,2,LANDSLIDE_PRECURSOR,Extreme,92.8,91.1
2026-09-01 04:16:40,IN-DELHI-01,23.1,96.5,27.8,995.7,257.9,8.59,2.99,12.21,15.23,5.42,7,424,1330,98,152,243.2,1529,88,139.8,-2.13,0,2,LANDSLIDE_PRECURSOR,Extreme,98.3,91.5
2026-09-01 04:16:45,IN-DELHI-01,23.6,88.1,27.8,987.2,329.5,1.15,-0.04,10.88,10.94,1.13,14,449,1273,100,297,534.6,1166,100,43.0,-14.0,1,1,FLASH_FLOOD,Severe,91.4,88.9
2026-09-01 04:16:50,IN-DELHI-01,40.5,16.7,40.5,999.4,226.6,1.15,-0.19,10.69,10.75,0.94,148,1658,4093,0,2,3.0,4095,0,189.4,0.0,0,3,WILDFIRE,Severe,86.7,93.5
2026-09-01 04:16:55,IN-DELHI-01,27.7,58.7,30.5,1006.6,166.2,1.11,-0.16,10.87,10.93,1.12,142,2104,3985,3,11,16.5,4054,1,181.6,0.0,0,4,HAZARDOUS_AIR_POLLUTION,Severe,89.0,94.8
2026-09-01 04:17:00,IN-DELHI-01,27.5,53.0,29.6,1001.6,208.0,1.07,-0.29,10.97,11.03,1.22,0,400,4037,2,18,27.0,4074,0,174.3,-0.35,0,0,NORMAL,None,3.8,93.3
2026-09-01 04:17:05,IN-DELHI-01,27.2,55.1,29.3,1000.0,221.4,0.95,-0.23,10.57,10.62,0.81,0,400,4048,1,17,25.5,4087,0,172.3,0.07,0,0,NORMAL,None,16.6,93.2
2026-09-01 04:17:10,IN-DELHI-01,21.6,84.8,24.4,990.1,304.9,7.04,2.69,10.57,12.99,3.18,13,445,1365,97,214,342.4,1514,89,109.1,-3.15,0,2,LANDSLIDE_PRECURSOR,Extreme,90.0,96.5
2026-09-01 04:17:15,IN-DELHI-01,23.2,84.5,26.8,993.9,272.8,-2.34,-2.74,12.96,13.45,3.64,16,456,1231,100,201,321.6,1540,88,125.2,-7.26,1,2,LANDSLIDE_PRECURSOR,Extreme,86.5,91.6
2026-09-01 04:17:20,IN-DELHI-01,29.5,49.4,31.8,1001.7,207.2,1.09,-0.18,10.71,10.77,0.96,4,414,4054,1,11,16.5,4076,0,190.7,0.22,0,0,NORMAL,None,2.4,92.2
2026-09-01 04:17:25,IN-DELHI-01,26.1,55.0,27.9,999.7,224.4,1.03,-0.21,10.9,10.95,1.14,10,435,4000,3,11,16.5,4032,2,177.8,-0.2,0,0,NORMAL,None,13.9,95.8
2026-09-01 04:17:30,IN-DELHI-01,23.5,87.0,27.5,987.9,323.6,1.11,-0.16,10.85,10.91,1.1,16,456,1375,97,261,469.8,1267,97,56.0,-6.84,1,1,FLASH_FLOOD,Severe,88.8,89.1
2026-09-01 04:17:35,IN-DELHI-01,23.7,47.5,23.9,1000.2,220.2,1.21,-0.16,10.93,11.0,1.19,0,400,4034,2,6,9.0,4079,0,183.9,0.01,0,0,NORMAL,None,12.8,95.9
2026-09-01 04:17:40,IN-DELHI-01,27.0,49.6,28.5,1002.6,200.0,1.05,-0.23,10.96,11.01,1.2,6,421,4016,2,19,28.5,4065,1,176.6,-0.2,0,0,NORMAL,None,3.5,94.6
2026-09-01 04:17:45,IN-DELHI-01,44.3,19.0,45.7,996.8,248.5,1.01,-0.15,10.96,11.0,1.19,119,1411,4088,0,3,4.5,4095,0,191.9,0.0,0,3,WILDFIRE,Extreme,98.0,89.8
2026-09-01 04:17:50,IN-DELHI-01,21.2,84.7,23.9,992.6,283.7,-1.35,-2.09,11.59,11.85,2.04,13,445,1273,100,222,355.2,1753,80,80.0,-4.62,1,2,LANDSLIDE_PRECURSOR,Extreme,95.1,87.8
2026-09-01 04:17:55,IN-DELHI-01,28.4,47.0,30.1,1002.6,199.7,1.03,-0.0,10.64,10.69,0.88,3,410,4085,0,6,9.0,4080,0,193.7,0.14,0,0,NORMAL,None,16.8,92.3
2026-09-01 04:18:00,IN-DELHI-01,27.8,72.8,32.4,1006.8,164.1,0.96,-0.15,10.71,10.76,0.95,169,2428,3988,3,6,9.0,4091,0,181.0,0.0,0,4,HAZARDOUS_AIR_POLLUTION,Severe,92.3,91.6
2026-09-01 04:18:05,IN-DELHI-01,31.2,58.1,35.6,1002.1,203.8,1.04,-0.27,10.74,10.79,0.98,0,400,4071,0,4,6.0,4094,0,181.1,0.29,0,0,NORMAL,None,17.6,92.4
2026-09-01 04:18:10,IN-DELHI-01,39.1,19.9,39.4,994.9,264.8,1.03,-0.24,10.87,10.92,1.11,100,1250,4090,0,0,0.0,4095,0,187.8,0.0,0,3,WILDFIRE,Severe,81.9,89.9
2026-09-01 04:18:15,IN-DELHI-01,26.2,48.3,27.2,1001.1,212.2,0.96,-0.27,10.67,10.72,0.91,2,407,4088,0,17,25.5,4094,0,177.3,-0.03,0,0,NORMAL,None,6.9,94.7
2026-09-01 04:18:20,IN-DELHI-01,27.0,53.2,28.9,1000.0,221.9,0.94,-0.19,10.57,10.61,0.8,1,403,4051,1,14,21.0,4030,2,168.7,0.09,0,0,NORMAL,None,16.5,95.4
2026-09-01 04:18:25,IN-DELHI-01,27.6,48.7,29.2,1001.0,213.0,1.01,-0.25,10.72,10.77,0.96,2,407,4001,3,13,19.5,4093,0,177.7,-0.05,0,0,NORMAL,None,11.6,93.6
2026-09-01 04:18:30,IN-DELHI-01,28.1,53.5,30.5,999.8,223.1,1.16,-0.14,10.6,10.67,0.86,2,407,4031,2,13,19.5,4088,0,193.3,0.19,0,0,NORMAL,None,13.7,96.4
2026-09-01 04:18:35,IN-DELHI-01,24.2,89.8,28.7,988.4,319.8,1.15,-0.17,10.45,10.52,0.71,12,442,1366,97,329,592.2,1295,96,32.5,-13.51,1,1,FLASH_FLOOD,Severe,93.5,94.5
2026-09-01 04:18:40,IN-DELHI-01,28.9,53.5,31.6,999.2,228.2,1.13,-0.06,10.94,11.0,1.19,0,400,3964,4,3,4.5,4062,1,191.9,0.04,0,0,NORMAL,None,2.2,96.0
2026-09-01 04:18:45,IN-DELHI-01,27.0,69.4,30.8,1003.8,189.8,1.07,-0.26,10.81,10.86,1.05,16,464,1971,75,640,1248.0,3400,24,75.5,-0.91,0,5,WATER_CONTAMINATION,Severe,90.0,85.3
2026-09-01 04:18:50,IN-DELHI-01,22.3,90.2,25.9,993.0,280.5,4.86,1.89,10.35,11.59,1.78,7,424,1300,100,216,345.6,1442,91,144.4,-2.86,1,2,LANDSLIDE_PRECURSOR,Extreme,89.3,95.7
2026-09-01 04:18:55,IN-DELHI-01,28.8,63.5,32.7,1001.8,206.1,0.94,-0.28,10.8,10.85,1.04,0,400,4013,2,4,6.0,4057,1,186.5,0.04,0,0,NORMAL,None,12.8,97.5
2026-09-01 04:19:00,IN-DELHI-01,23.0,91.8,27.1,989.1,313.5,1.1,-0.33,10.77,10.83,1.02,14,449,1415,95,337,606.6,1251,98,47.0,-12.45,1,1,FLASH_FLOOD,Severe,90.6,89.3
2026-09-01 04:19:05,IN-DELHI-01,27.1,73.2,31.4,999.8,223.2,1.03,-0.11,10.73,10.78,0.97,14,456,2215,67,862,1680.9,3376,24,85.1,-2.68,0,5,WATER_CONTAMINATION,Severe,96.0,94.1
2026-09-01 04:19:10,IN-DELHI-01,24.1,70.3,26.7,1000.7,215.6,1.14,-0.13,10.75,10.81,1.0,10,440,1957,76,792,1544.4,2807,44,119.0,-0.95,0,5,WATER_CONTAMINATION,Severe,95.9,88.0
2026-09-01 04:19:15,IN-DELHI-01,28.6,41.7,29.6,1001.9,206.0,1.05,-0.17,10.81,10.86,1.05,0,400,4076,0,13,19.5,4076,0,166.7,0.31,0,0,NORMAL,None,8.2,95.0
2026-09-01 04:19:20,IN-DELHI-01,25.4,59.5,27.4,1002.6,199.6,0.89,-0.17,10.81,10.85,1.04,7,424,4075,0,11,16.5,4043,1,181.2,0.04,0,0,NORMAL,None,6.4,97.2
2026-09-01 04:19:25,IN-DELHI-01,26.9,71.0,30.8,1002.0,205.1,1.04,-0.22,10.89,10.95,1.14,18,472,1856,80,530,1033.5,2399,58,34.6,-2.93,1,5,WATER_CONTAMINATION,Severe,85.7,93.8
2026-09-01 04:19:30,IN-DELHI-01,23.6,94.8,28.3,988.3,320.5,0.95,-0.2,10.97,11.02,1.21,15,452,1437,95,291,523.8,1205,99,15.0,-9.54,0,1,FLASH_FLOOD,Extreme,97.0,97.1
2026-09-01 04:19:35,IN-DELHI-01,27.8,52.0,29.9,1001.7,207.5,1.08,-0.17,10.69,10.75,0.94,1,403,4056,1,3,4.5,4041,1,187.1,0.05,0,0,NORMAL,None,4.7,95.6
2026-09-01 04:19:40,IN-DELHI-01,20.7,84.1,23.1,991.1,296.5,-2.33,-2.2,10.39,10.87,1.06,16,456,1338,98,230,368.0,1494,89,144.3,-7.61,1,2,LANDSLIDE_PRECURSOR,Extreme,90.3,92.6
2026-09-01 04:19:45,IN-DELHI-01,26.1,63.9,28.8,999.8,223.5,0.97,-0.26,10.59,10.64,0.83,11,444,1809,81,555,1082.2,3160,32,61.0,-2.78,0,5,WATER_CONTAMINATION,Severe,86.6,93.6
2026-09-01 04:19:50,IN-DELHI-01,24.1,89.2,28.6,984.3,354.1,1.07,-0.5,10.69,10.75,0.94,18,463,1392,96,307,552.6,1292,96,21.6,-10.72,1,1,FLASH_FLOOD,Extreme,95.7,92.8
2026-09-01 04:19:55,IN-DELHI-01,42.4,19.4,43.4,1000.4,218.7,0.9,-0.2,10.76,10.8,0.99,103,1275,4086,0,2,3.0,4095,0,184.2,0.0,0,3,WILDFIRE,Extreme,93.5,89.8
2026-09-01 04:20:00,IN-DELHI-01,25.3,64.0,27.8,1000.7,216.0,0.99,-0.18,10.62,10.66,0.85,13,452,2172,68,599,1168.0,3045,36,82.1,0.08,1,5,WATER_CONTAMINATION,Severe,88.4,85.3
2026-09-01 04:20:05,IN-DELHI-01,27.9,66.1,31.7,1006.9,163.6,1.0,-0.15,10.9,10.95,1.14,85,1420,3953,5,31,46.5,4078,0,194.5,0.0,1,4,HAZARDOUS_AIR_POLLUTION,Severe,82.2,98.3
2026-09-01 04:20:10,IN-DELHI-01,29.0,51.5,31.5,1002.9,197.7,1.02,-0.17,10.87,10.92,1.11,2,407,4059,1,12,18.0,4071,0,172.6,-0.02,0,0,NORMAL,None,9.7,94.6
2026-09-01 04:20:15,IN-DELHI-01,39.2,19.4,39.4,996.4,252.0,1.19,-0.18,10.78,10.84,1.03,165,1802,4081,0,4,6.0,4095,0,188.6,0.0,0,3,WILDFIRE,Severe,82.3,87.8
2026-09-01 04:20:20,IN-DELHI-01,29.5,67.0,34.3,1006.8,164.3,0.87,-0.14,10.82,10.86,1.05,180,2560,4066,1,24,36.0,4038,1,186.8,0.0,1,4,HAZARDOUS_AIR_POLLUTION,Extreme,93.6,93.2
2026-09-01 04:20:25,IN-DELHI-01,27.9,56.1,30.5,1000.5,217.9,1.02,-0.13,10.8,10.85,1.04,2,407,4043,1,3,4.5,4095,0,184.9,-0.23,0,0,NORMAL,None,12.2,92.2
2026-09-01 04:20:30,IN-DELHI-01,24.7,90.0,29.6,989.3,312.0,-1.79,-1.85,9.91,10.24,0.43,7,424,1287,100,207,331.2,1430,92,95.9,-4.1,1,2,LANDSLIDE_PRECURSOR,Extreme,91.8,87.5
2026-09-01 04:20:35,IN-DELHI-01,27.8,50.2,29.6,1000.0,221.5,1.01,-0.19,10.65,10.69,0.88,3,410,4011,3,13,19.5,4048,1,178.6,0.07,0,0,NORMAL,None,8.3,95.1
2026-09-01 04:20:40,IN-DELHI-01,25.4,75.1,29.0,1002.2,203.5,1.08,-0.18,10.65,10.71,0.9,21,484,2140,69,769,1499.5,2658,49,62.8,-1.45,1,5,WATER_CONTAMINATION,Severe,95.0,93.5
2026-09-01 04:20:45,IN-DELHI-01,24.0,56.0,25.2,1001.6,208.5,1.09,-0.16,10.58,10.64,0.83,6,421,4041,1,0,0.0,4067,0,186.6,-0.03,0,0,NORMAL,None,16.0,92.4
2026-09-01 04:20:50,IN-DELHI-01,18.6,86.2,20.3,995.4,260.9,7.18,2.25,10.48,12.91,3.1,16,456,1281,100,290,464.0,1523,88,173.4,-2.41,0,2,LANDSLIDE_PRECURSOR,Extreme,96.2,87.7
2026-09-01 04:20:55,IN-DELHI-01,24.1,90.9,28.7,991.0,297.9,1.25,-0.29,10.7,10.78,0.97,12,442,1394,96,301,541.8,1214,99,57.5,-13.63,1,1,FLASH_FLOOD,Severe,88.5,88.2
2026-09-01 04:21:00,IN-DELHI-01,23.3,50.1,23.7,1002.5,200.4,1.02,-0.16,10.82,10.86,1.05,2,407,4015,2,11,16.5,4051,1,169.8,-0.11,1,0,NORMAL,None,7.5,96.9
2026-09-01 04:21:05,IN-DELHI-01,37.8,22.8,38.3,998.9,231.0,1.04,-0.13,10.89,10.94,1.13,122,1437,4092,0,5,7.5,4095,0,197.2,0.0,0,3,WILDFIRE,Severe,77.2,87.4
2026-09-01 04:21:10,IN-DELHI-01,25.1,59.7,27.0,1005.0,179.2,1.1,-0.16,10.84,10.89,1.08,116,1792,3904,6,6,9.0,4082,0,171.1,0.0,0,4,HAZARDOUS_AIR_POLLUTION,Severe,85.9,91.9
2026-09-01 04:21:15,IN-DELHI-01,28.4,53.1,30.9,1000.4,218.7,0.97,-0.11,10.72,10.76,0.95,0,400,4050,1,19,28.5,4090,0,188.0,0.05,0,0,NORMAL,None,12.7,94.6
2026-09-01 04:21:20,IN-DELHI-01,24.3,57.0,25.6,1001.8,206.2,0.95,-0.16,10.79,10.83,1.02,2,407,4041,1,13,19.5,4044,1,182.3,0.31,0,0,NORMAL,None,17.2,98.2
2026-09-01 04:21:25,IN-DELHI-01,29.3,48.0,31.3,1002.5,200.5,0.94,-0.19,10.98,11.02,1.21,6,421,4009,3,7,10.5,4095,0,182.7,-0.09,0,0,NORMAL,None,13.5,95.4
2026-09-01 04:21:30,IN-DELHI-01,24.2,64.2,26.2,1005.4,175.8,1.01,-0.17,10.78,10.83,1.02,192,2704,4033,2,1,1.5,4028,2,174.6,0.0,0,4,HAZARDOUS_AIR_POLLUTION,Extreme,95.0,94.0
2026-09-01 04:21:35,IN-DELHI-01,23.7,95.6,28.6,991.2,296.2,1.04,-0.19,10.85,10.9,1.09,21,473,1354,98,304,547.2,1124,100,25.8,-12.53,0,1,FLASH_FLOOD,Extreme,94.8,91.6
2026-09-01 04:21:40,IN-DELHI-01,39.4,23.5,40.6,999.5,225.6,1.14,-0.1,10.68,10.74,0.93,174,1879,4079,0,7,10.5,4095,0,190.1,0.0,0,3,WILDFIRE,Severe,83.1,96.0
2026-09-01 04:21:45,IN-DELHI-01,26.4,54.1,28.1,1003.0,196.7,1.11,-0.15,10.76,10.82,1.01,1,403,3995,3,13,19.5,4067,0,182.0,-0.08,0,0,NORMAL,None,8.3,96.9
2026-09-01 04:21:50,IN-DELHI-01,26.9,44.7,27.7,1000.4,218.5,1.08,-0.22,10.57,10.63,0.82,3,410,4063,1,7,10.5,4058,1,175.8,-0.04,0,0,NORMAL,None,3.0,95.1
2026-09-01 04:21:55,IN-DELHI-01,28.1,53.7,30.5,999.6,224.9,0.94,-0.15,10.72,10.77,0.96,1,403,4077,0,8,12.0,4095,0,182.2,0.01,0,0,NORMAL,None,14.5,97.7
2026-09-01 04:22:00,IN-DELHI-01,26.6,64.7,29.6,997.0,247.3,1.06,-0.1,10.88,10.93,1.12,30,520,1701,85,617,1203.1,2580,52,84.3,-2.2,1,5,WATER_CONTAMINATION,Severe,89.1,87.4
2026-09-01 04:22:05,IN-DELHI-01,25.8,72.3,29.3,1003.8,189.6,0.92,-0.18,10.85,10.89,1.08,27,508,1949,76,518,1010.1,3625,16,77.1,-2.25,1,5,WATER_CONTAMINATION,Severe,85.2,95.0
2026-09-01 04:22:10,IN-DELHI-01,29.2,44.0,30.7,1002.9,197.3,1.07,-0.23,10.84,10.89,1.08,11,438,4003,3,5,7.5,4095,0,184.0,-0.04,0,0,NORMAL,None,8.7,96.3
2026-09-01 04:22:15,IN-DELHI-01,21.8,89.7,25.1,992.0,289.2,1.14,-0.07,11.01,11.07,1.26,13,445,1407,96,265,477.0,1247,98,56.3,-13.22,0,1,FLASH_FLOOD,Severe,88.7,89.9
2026-09-01 04:22:20,IN-DELHI-01,24.7,83.8,28.9,991.7,292.0,-2.4,-2.56,13.02,13.49,3.68,12,442,1215,100,200,320.0,1767,80,131.3,-1.77,0,2,LANDSLIDE_PRECURSOR,Extreme,92.7,92.2
2026-09-01 04:22:25,IN-DELHI-01,26.6,64.9,29.6,998.7,232.5,1.07,-0.16,10.85,10.9,1.09,25,500,1980,75,488,951.6,3735,12,34.9,-3.09,1,5,WATER_CONTAMINATION,Severe,84.0,89.1
2026-09-01 04:22:30,IN-DELHI-01,26.7,56.5,28.9,1001.8,206.2,1.17,-0.14,10.56,10.62,0.81,0,400,4065,1,17,25.5,4074,0,179.5,-0.22,0,0,NORMAL,None,4.0,94.9
2026-09-01 04:22:35,IN-DELHI-01,22.6,92.3,26.5,990.1,305.3,1.22,-0.17,11.01,11.08,1.27,26,491,1252,100,275,495.0,1295,96,47.0,-13.88,0,1,FLASH_FLOOD,Severe,90.6,89.9
2026-09-01 04:22:40,IN-DELHI-01,29.7,55.1,32.8,1001.9,206.0,0.89,-0.21,10.72,10.76,0.95,1,403,4035,2,0,0.0,4021,2,183.2,0.08,0,0,NORMAL,None,11.9,98.7
2026-09-01 04:22:45,IN-DELHI-01,19.0,87.3,21.0,991.3,294.8,-2.56,-2.62,10.83,11.43,1.62,10,435,1284,100,238,380.8,1630,85,138.6,-5.19,1,2,LANDSLIDE_PRECURSOR,Extreme,87.4,87.0
2026-09-01 04:22:50,IN-DELHI-01,27.0,71.3,30.9,1000.9,214.1,1.14,-0.12,10.81,10.87,1.06,20,480,1667,86,720,1404.0,3024,36,92.4,-0.35,0,5,WATER_CONTAMINATION,Severe,93.1,89.5
2026-09-01 04:22:55,IN-DELHI-01,20.7,61.8,21.4,1004.1,187.1,1.01,-0.11,10.7,10.75,0.94,155,2260,4030,2,2,3.0,4032,2,180.5,0.0,0,4,HAZARDOUS_AIR_POLLUTION,Severe,90.6,91.5
2026-09-01 04:23:00,IN-DELHI-01,26.1,71.2,29.7,1000.0,222.0,1.13,-0.24,10.76,10.82,1.01,26,504,1552,90,574,1119.3,3397,24,76.1,-1.38,0,5,WATER_CONTAMINATION,Severe,87.4,91.7
2026-09-01 04:23:05,IN-DELHI-01,24.8,94.6,30.1,984.7,350.8,1.21,-0.43,10.52,10.6,0.79,12,442,1310,99,280,504.0,1253,98,24.2,-11.97,1,1,FLASH_FLOOD,Extreme,95.2,88.8
2026-09-01 04:23:10,IN-DELHI-01,22.9,88.7,26.8,984.2,355.2,1.07,-0.04,10.65,10.7,0.89,13,445,1462,94,367,660.6,1261,97,15.0,-10.59,0,1,FLASH_FLOOD,Extreme,97.0,94.9
2026-09-01 04:23:15,IN-DELHI-01,28.5,59.8,31.7,1004.6,182.9,1.1,-0.14,10.88,10.94,1.13,200,2800,3992,3,12,18.0,4060,1,180.6,0.0,1,4,HAZARDOUS_AIR_POLLUTION,Extreme,96.0,93.2
2026-09-01 04:23:20,IN-DELHI-01,29.4,57.4,32.8,1006.1,170.2,1.06,-0.19,10.72,10.78,0.97,85,1420,3951,5,13,19.5,4049,1,180.5,0.0,0,4,HAZARDOUS_AIR_POLLUTION,Severe,82.2,91.0
2026-09-01 04:23:25,IN-DELHI-01,28.1,51.9,30.2,1002.8,198.2,1.06,-0.17,10.73,10.79,0.98,5,417,4020,2,18,27.0,4083,0,192.4,0.24,0,0,NORMAL,None,13.7,92.9
2026-09-01 04:23:30,IN-DELHI-01,29.9,53.6,33.0,1002.7,198.8,0.98,-0.16,10.9,10.95,1.14,0,400,4018,2,23,34.5,4054,1,169.8,0.04,0,0,NORMAL,None,16.5,96.4
2026-09-01 04:23:35,IN-DELHI-01,35.3,15.3,35.3,995.8,257.5,1.13,-0.2,10.65,10.71,0.9,116,1386,4077,0,3,4.5,4095,0,183.7,0.0,1,3,WILDFIRE,Severe,75.0,96.6
2026-09-01 04:23:40,IN-DELHI-01,23.1,55.0,23.8,1001.7,207.5,0.98,-0.23,10.62,10.67,0.86,10,435,3985,3,3,4.5,4076,0,186.5,-0.05,0,0,NORMAL,None,10.6,96.5
2026-09-01 04:23:45,IN-DELHI-01,21.8,70.1,23.5,997.1,246.1,1.16,-0.21,10.64,10.71,0.9,5,420,1623,88,755,1472.2,2703,48,63.1,-2.27,1,5,WATER_CONTAMINATION,Severe,94.4,85.2
2026-09-01 04:23:50,IN-DELHI-01,26.1,62.0,28.7,1000.0,221.8,0.99,-0.1,11.0,11.04,1.23,9,431,4048,1,9,13.5,4078,0,182.1,-0.04,0,0,NORMAL,None,8.5,97.9
2026-09-01 04:23:55,IN-DELHI-01,27.7,54.8,30.1,999.5,225.9,1.01,-0.2,10.76,10.8,0.99,4,414,4018,2,4,6.0,4074,0,180.0,0.12,0,0,NORMAL,None,12.1,96.0
2026-09-01 04:24:00,IN-DELHI-01,25.3,66.9,28.0,999.0,230.2,1.03,-0.14,10.66,10.71,0.9,19,476,1835,80,634,1236.3,3045,36,48.1,-2.16,1,5,WATER_CONTAMINATION,Severe,89.7,91.4
2026-09-01 04:24:05,IN-DELHI-01,28.4,48.8,30.3,1002.5,201.0,1.03,-0.17,10.73,10.78,0.97,7,424,4074,0,7,10.5,4080,0,177.7,-0.15,0,0,NORMAL,None,16.1,95.9
2026-09-01 04:24:10,IN-DELHI-01,23.1,58.3,24.1,1006.9,163.5,1.01,-0.15,10.72,10.77,0.96,172,2464,3978,4,7,10.5,4057,1,183.8,0.0,0,4,HAZARDOUS_AIR_POLLUTION,Severe,92.6,90.3
2026-09-01 04:24:15,IN-DELHI-01,26.8,49.7,28.2,1004.2,186.0,1.0,-0.17,10.73,10.78,0.97,1,403,4028,2,5,7.5,4070,0,187.2,0.06,0,0,NORMAL,None,7.0,94.0
2026-09-01 04:24:20,IN-DELHI-01,21.8,66.0,23.1,1004.1,186.8,1.01,-0.17,10.7,10.75,0.94,200,2800,4003,3,23,34.5,4041,1,188.2,0.0,0,4,HAZARDOUS_AIR_POLLUTION,Extreme,96.0,92.5
2026-09-01 04:24:25,IN-DELHI-01,26.0,58.3,28.1,1000.6,216.7,1.06,-0.17,10.8,10.85,1.04,8,428,4061,1,6,9.0,4067,0,178.2,-0.31,0,0,NORMAL,None,14.3,98.9
2026-09-01 04:24:30,IN-DELHI-01,27.5,64.9,31.0,1000.4,218.7,1.06,-0.13,10.86,10.91,1.1,14,456,1652,87,603,1175.8,3543,19,103.8,-0.67,0,5,WATER_CONTAMINATION,Severe,88.5,94.7
2026-09-01 04:24:35,IN-DELHI-01,24.0,94.6,29.0,988.5,318.5,1.15,-0.23,10.85,10.91,1.1,3,410,1412,95,245,441.0,1227,99,48.5,-16.18,0,1,FLASH_FLOOD,Severe,90.3,96.8
2026-09-01 04:24:40,IN-DELHI-01,25.9,53.6,27.4,1001.0,213.2,0.96,-0.25,10.46,10.51,0.7,0,400,4092,0,13,19.5,4095,0,179.2,-0.11,0,0,NORMAL,None,8.1,97.2
2026-09-01 04:24:45,IN-DELHI-01,25.5,48.2,26.3,999.3,227.9,1.04,-0.18,10.87,10.92,1.11,3,410,4086,0,6,9.0,4075,0,180.9,0.13,0,0,NORMAL,None,17.8,94.0
2026-09-01 04:24:50,IN-DELHI-01,32.3,52.0,36.2,1001.3,210.8,1.15,-0.28,10.75,10.81,1.0,2,407,4055,1,5,7.5,4084,0,178.2,-0.23,0,0,NORMAL,None,14.2,95.8
2026-09-01 04:24:55,IN-DELHI-01,40.1,14.6,40.1,994.3,269.4,1.01,-0.08,10.68,10.73,0.92,122,1437,4081,0,0,0.0,4095,0,194.4,0.0,1,3,WILDFIRE,Severe,85.3,91.2
2026-09-01 04:25:00,IN-DELHI-01,22.1,87.2,25.4,992.0,289.2,-4.55,-0.97,11.11,12.04,2.23,7,424,1288,100,187,299.2,1385,93,133.4,-5.34,1,2,LANDSLIDE_PRECURSOR,Extreme,87.0,93.8
2026-09-01 04:25:05,IN-DELHI-01,23.0,87.8,26.8,992.4,285.7,-1.85,-1.37,10.54,10.79,0.98,12,442,1303,99,230,368.0,1416,92,152.9,-4.69,0,2,LANDSLIDE_PRECURSOR,Extreme,93.0,94.8
2026-09-01 04:25:10,IN-DELHI-01,21.9,89.6,25.3,991.0,297.7,1.04,-0.28,10.75,10.8,0.99,20,470,1316,99,275,495.0,1310,96,74.3,-12.58,1,1,FLASH_FLOOD,Severe,85.1,97.3
2026-09-01 04:25:15,IN-DELHI-01,29.4,56.0,32.6,998.1,238.1,1.24,-0.12,10.81,10.88,1.07,1,403,4057,1,11,16.5,4038,1,178.7,-0.14,0,0,NORMAL,None,9.4,96.1
2026-09-01 04:25:20,IN-DELHI-01,39.8,16.2,39.8,995.7,258.2,1.06,-0.09,10.64,10.69,0.88,87,1139,4074,0,2,3.0,4095,0,186.2,0.0,0,3,WILDFIRE,Severe,84.2,95.0
2026-09-01 04:25:25,IN-DELHI-01,39.3,19.1,39.4,994.7,266.2,1.04,-0.16,10.65,10.7,0.89,124,1454,4080,0,0,0.0,4095,0,187.2,0.0,0,3,WILDFIRE,Severe,82.6,96.6
2026-09-01 04:25:30,IN-DELHI-01,22.8,87.7,26.5,994.0,272.0,-2.33,-0.81,11.21,11.48,1.67,6,421,1216,100,200,320.0,1524,88,105.4,-4.63,0,2,LANDSLIDE_PRECURSOR,Extreme,90.0,87.2
2026-09-01 04:25:35,IN-DELHI-01,39.4,17.6,39.4,992.9,281.2,1.03,-0.19,10.74,10.79,0.98,126,1471,4090,0,3,4.5,4095,0,193.2,0.0,0,3,WILDFIRE,Severe,82.8,93.8
2026-09-01 04:25:40,IN-DELHI-01,24.1,94.1,29.1,990.3,303.8,1.28,-0.37,10.94,11.02,1.21,14,449,1373,97,367,660.6,1276,97,15.0,-9.87,0,1,FLASH_FLOOD,Extreme,97.0,93.1
2026-09-01 04:25:45,IN-DELHI-01,24.6,86.8,29.1,992.4,285.8,-2.37,-1.61,11.37,11.73,1.92,8,428,1325,99,216,345.6,1747,81,157.3,-4.81,0,2,LANDSLIDE_PRECURSOR,Extreme,88.0,89.8
2026-09-01 04:25:50,IN-DELHI-01,25.3,62.2,27.5,1001.7,207.7,1.14,-0.16,10.79,10.85,1.04,152,2224,3947,5,13,19.5,4085,0,176.8,0.0,1,4,HAZARDOUS_AIR_POLLUTION,Severe,90.2,94.5
2026-09-01 04:25:55,IN-DELHI-01,23.1,93.3,27.5,986.8,332.9,0.96,-0.23,10.7,10.75,0.94,16,456,1339,98,314,565.2,1255,98,62.1,-15.2,0,1,FLASH_FLOOD,Severe,87.6,89.9
2026-09-01 04:26:00,IN-DELHI-01,41.8,15.0,41.8,999.5,225.9,1.09,-0.28,10.73,10.79,0.98,118,1403,4075,0,6,9.0,4095,0,186.5,0.0,0,3,WILDFIRE,Severe,91.3,94.1
2026-09-01 04:26:05,IN-DELHI-01,24.1,55.7,25.3,1008.5,150.4,1.05,-0.19,10.65,10.71,0.9,123,1876,3932,5,14,21.0,4047,1,172.8,0.0,1,4,HAZARDOUS_AIR_POLLUTION,Severe,86.8,95.9
2026-09-01 04:26:10,IN-DELHI-01,25.2,44.7,25.6,1000.9,214.0,1.06,-0.24,10.97,11.02,1.21,3,410,4028,2,19,28.5,4069,0,175.6,-0.11,0,0,NORMAL,None,6.6,97.6
2026-09-01 04:26:15,IN-DELHI-01,26.4,60.6,28.9,1000.9,214.3,0.99,-0.22,10.72,10.77,0.96,5,417,4010,3,2,3.0,4057,1,178.2,0.02,0,0,NORMAL,None,8.9,98.1
2026-09-01 04:26:20,IN-DELHI-01,22.9,91.7,27.0,993.8,273.8,1.08,-0.2,10.85,10.9,1.09,14,449,1357,97,273,491.4,1267,97,77.4,-10.01,0,1,FLASH_FLOOD,Severe,84.5,95.6
2026-09-01 04:26:25,IN-DELHI-01,20.8,64.3,21.7,1003.9,189.1,1.08,-0.13,10.63,10.69,0.88,175,2500,3967,4,4,6.0,4091,0,175.2,0.0,1,4,HAZARDOUS_AIR_POLLUTION,Severe,93.0,97.9
2026-09-01 04:26:30,IN-DELHI-01,43.6,18.9,44.7,996.6,250.7,1.06,-0.33,10.57,10.63,0.82,120,1420,4092,0,6,9.0,4095,0,193.5,0.0,0,3,WILDFIRE,Extreme,97.5,97.5
2026-09-01 04:26:35,IN-DELHI-01,21.0,86.2,23.7,986.9,331.8,1.19,-0.24,10.57,10.64,0.83,10,435,1429,95,244,439.2,1247,98,61.9,-14.55,1,1,FLASH_FLOOD,Severe,87.6,88.9
2026-09-01 04:26:40,IN-DELHI-01,25.4,82.3,29.9,1000.1,220.8,1.01,-0.1,10.81,10.86,1.05,31,524,1743,84,573,1117.3,3527,19,80.0,-1.99,0,5,WATER_CONTAMINATION,Severe,87.3,87.4
2026-09-01 04:26:45,IN-DELHI-01,27.0,49.6,28.5,1002.5,201.0,1.03,-0.19,10.95,11.0,1.19,4,414,4054,1,4,6.0,4077,0,194.3,0.11,0,0,NORMAL,None,5.3,98.3
2026-09-01 04:26:50,IN-DELHI-01,27.0,51.4,28.7,1003.9,188.5,1.04,-0.09,10.8,10.85,1.04,151,2212,3966,4,25,37.5,4010,2,177.5,0.0,0,4,HAZARDOUS_AIR_POLLUTION,Severe,90.1,97.1
2026-09-01 04:26:55,IN-DELHI-01,25.3,55.5,26.9,1001.4,209.6,0.89,-0.22,10.8,10.84,1.03,5,417,4006,3,14,21.0,4057,1,164.1,-0.01,0,0,NORMAL,None,14.5,93.3
2026-09-01 04:27:00,IN-DELHI-01,23.6,93.6,28.3,987.2,329.4,1.1,-0.23,10.84,10.9,1.09,21,473,1311,99,294,529.2,1231,98,33.2,-11.01,0,1,FLASH_FLOOD,Severe,93.4,91.4
2026-09-01 04:27:05,IN-DELHI-01,39.7,16.9,39.7,995.3,261.5,0.98,-0.23,10.73,10.78,0.97,159,1751,4082,0,5,7.5,4095,0,197.6,0.0,0,3,WILDFIRE,Severe,84.0,90.9
2026-09-01 04:27:10,IN-DELHI-01,21.4,94.1,24.9,989.1,313.3,1.25,-0.17,10.75,10.83,1.02,17,459,1336,98,260,468.0,1274,97,62.7,-11.69,1,1,FLASH_FLOOD,Severe,87.5,88.3
2026-09-01 04:27:15,IN-DELHI-01,26.7,69.4,30.3,1003.4,193.2,1.05,-0.14,10.75,10.8,0.99,17,468,1954,76,669,1304.5,3210,30,91.1,-2.97,0,5,WATER_CONTAMINATION,Severe,91.1,92.3
2026-09-01 04:27:20,IN-DELHI-01,24.1,94.0,29.1,986.3,337.3,1.2,-0.06,10.5,10.57,0.76,14,449,1337,98,314,565.2,1262,97,28.0,-12.74,0,1,FLASH_FLOOD,Extreme,94.4,92.3
2026-09-01 04:27:25,IN-DELHI-01,20.5,93.6,23.6,989.0,314.0,1.35,-0.53,10.59,10.69,0.88,4,414,1281,100,305,549.0,1305,96,15.0,-10.79,0,1,FLASH_FLOOD,Extreme,97.0,88.4
2026-09-01 04:27:30,IN-DELHI-01,27.0,54.3,29.1,1000.3,219.2,0.92,-0.31,10.64,10.68,0.87,1,403,4076,0,3,4.5,4091,0,183.3,0.1,1,0,NORMAL,None,14.2,98.1
2026-09-01 04:27:35,IN-DELHI-01,26.7,52.0,28.3,1002.7,198.6,1.07,-0.16,10.81,10.87,1.06,0,400,4007,3,3,4.5,4042,1,187.4,0.13,0,0,NORMAL,None,12.1,95.9
2026-09-01 04:27:40,IN-DELHI-01,30.5,49.5,33.3,1003.6,191.3,1.06,-0.21,10.74,10.79,0.98,1,403,4076,0,9,13.5,4036,2,179.5,0.13,0,0,NORMAL,None,5.1,98.2
2026-09-01 04:27:45,IN-DELHI-01,22.1,83.4,25.1,993.1,279.9,3.78,2.53,9.67,10.69,0.88,10,435,1206,100,206,329.6,1904,75,117.2,-3.38,0,2,LANDSLIDE_PRECURSOR,Extreme,92.8,92.9
2026-09-01 04:27:50,IN-DELHI-01,25.1,68.1,28.0,998.7,232.3,0.99,-0.1,10.77,10.82,1.01,18,472,2030,73,672,1310.4,3279,28,92.2,-2.05,0,5,WATER_CONTAMINATION,Severe,91.2,90.4
2026-09-01 04:27:55,IN-DELHI-01,37.8,13.0,37.8,993.5,276.1,0.85,-0.13,10.73,10.77,0.96,96,1216,4095,0,0,0.0,4095,0,190.5,0.0,0,3,WILDFIRE,Severe,77.4,96.6
2026-09-01 04:28:00,IN-DELHI-01,24.0,47.6,24.3,1002.7,199.3,0.96,-0.26,10.83,10.87,1.06,2,407,4069,0,16,24.0,4084,0,177.6,-0.06,0,0,NORMAL,None,2.6,98.1
2026-09-01 04:28:05,IN-DELHI-01,23.6,86.2,27.6,993.4,277.4,5.97,1.24,12.4,13.82,4.01,10,435,1317,99,229,366.4,1404,92,109.2,-2.61,0,2,LANDSLIDE_PRECURSOR,Extreme,91.0,89.8
2026-09-01 04:28:10,IN-DELHI-01,28.7,56.7,31.6,1008.5,149.7,1.08,-0.2,10.97,11.03,1.22,168,2416,3948,5,16,24.0,4051,1,177.1,0.0,0,4,HAZARDOUS_AIR_POLLUTION,Severe,92.2,92.3
2026-09-01 04:28:15,IN-DELHI-01,23.3,91.9,27.7,987.2,329.5,1.06,-0.25,10.72,10.78,0.97,15,452,1289,100,314,565.2,1228,99,23.3,-9.35,1,1,FLASH_FLOOD,Extreme,95.3,88.8
2026-09-01 04:28:20,IN-DELHI-01,23.4,94.7,28.1,988.8,315.9,1.06,-0.28,10.5,10.56,0.75,17,459,1470,93,284,511.2,1295,96,63.3,-15.4,0,1,FLASH_FLOOD,Severe,87.3,95.9
2026-09-01 04:28:25,IN-DELHI-01,27.7,45.0,28.9,1001.7,207.6,1.07,-0.1,10.77,10.82,1.01,5,417,4034,2,18,27.0,4084,0,188.0,-0.14,0,0,NORMAL,None,7.5,95.8
2026-09-01 04:28:30,IN-DELHI-01,33.1,56.1,38.1,1007.3,160.0,1.03,-0.17,10.82,10.87,1.06,150,2200,3942,5,11,16.5,4038,1,185.4,0.0,0,4,HAZARDOUS_AIR_POLLUTION,Severe,90.0,90.2
2026-09-01 04:28:35,IN-DELHI-01,22.2,89.3,25.7,994.4,269.3,3.2,1.3,9.39,10.0,0.19,13,445,1285,100,207,331.2,1812,78,163.2,-4.09,0,2,LANDSLIDE_PRECURSOR,Extreme,86.2,86.4
2026-09-01 04:28:40,IN-DELHI-01,22.1,92.8,25.8,990.2,304.6,0.81,-0.37,10.86,10.9,1.09,15,452,1413,95,291,523.8,1191,100,51.4,-12.51,0,1,FLASH_FLOOD,Severe,89.7,95.3
2026-09-01 04:28:45,IN-DELHI-01,26.9,50.0,28.4,1007.1,161.5,1.01,-0.22,10.71,10.76,0.95,147,2164,3969,4,20,30.0,4060,1,187.6,0.0,1,4,HAZARDOUS_AIR_POLLUTION,Severe,89.6,91.5
2026-09-01 04:28:50,IN-DELHI-01,28.2,48.0,29.9,1002.1,204.3,1.1,-0.21,10.65,10.7,0.89,11,438,4082,0,9,13.5,4057,1,182.7,-0.36,0,0,NORMAL,None,13.6,92.6
2026-09-01 04:28:55,IN-DELHI-01,29.7,56.7,33.1,1001.6,208.1,1.15,-0.15,10.59,10.66,0.85,2,407,4053,1,22,33.0,4095,0,184.7,-0.04,0,0,NORMAL,None,3.6,96.1
2026-09-01 04:29:00,IN-DELHI-01,24.7,57.7,26.3,1006.3,168.2,0.96,-0.15,10.67,10.72,0.91,239,3268,4000,3,18,27.0,4077,0,178.6,0.0,0,4,HAZARDOUS_AIR_POLLUTION,Extreme,99.0,94.5
2026-09-01 04:29:05,IN-DELHI-01,24.1,56.3,25.3,1000.1,220.8,1.19,-0.13,10.73,10.79,0.98,2,407,4067,1,11,16.5,4081,0,191.8,-0.18,0,0,NORMAL,None,9.3,92.1
2026-09-01 04:29:10,IN-DELHI-01,22.8,90.1,26.7,988.0,322.9,1.11,-0.18,10.8,10.86,1.05,12,442,1308,99,314,565.2,1212,99,40.7,-13.2,1,1,FLASH_FLOOD,Severe,91.9,92.9
2026-09-01 04:29:15,IN-DELHI-01,27.6,53.1,29.7,998.8,232.1,1.06,-0.17,11.14,11.19,1.38,6,421,4029,2,10,15.0,4072,0,177.1,-0.27,1,0,NORMAL,None,15.3,93.0
2026-09-01 04:29:20,IN-DELHI-01,28.2,60.6,31.5,1006.4,168.1,1.0,-0.2,10.76,10.81,1.0,187,2644,3994,3,11,16.5,4061,1,172.7,0.0,1,4,HAZARDOUS_AIR_POLLUTION,Extreme,94.4,95.0
2026-09-01 04:29:25,IN-DELHI-01,30.7,50.2,33.7,1000.5,217.1,1.1,-0.11,10.71,10.77,0.96,0,400,4038,2,15,22.5,4079,0,191.7,0.07,0,0,NORMAL,None,8.7,96.4
2026-09-01 04:29:30,IN-DELHI-01,25.3,50.7,26.3,999.4,226.8,0.99,-0.23,10.51,10.56,0.75,4,414,4064,1,17,25.5,4085,0,182.7,0.33,0,0,NORMAL,None,3.5,92.5
2026-09-01 04:29:35,IN-DELHI-01,28.4,54.6,31.0,1004.3,185.6,1.08,-0.21,10.49,10.54,0.73,183,2596,3976,4,10,15.0,4072,0,182.4,0.0,1,4,HAZARDOUS_AIR_POLLUTION,Extreme,94.0,91.1
2026-09-01 04:29:40,IN-DELHI-01,23.3,63.5,24.9,998.9,230.9,1.09,-0.13,10.8,10.86,1.05,33,532,1707,85,523,1019.9,2741,46,64.3,-0.9,0,5,WATER_CONTAMINATION,Severe,85.4,90.6
2026-09-01 04:29:45,IN-DELHI-01,26.8,52.9,28.6,1001.4,210.2,0.89,-0.17,10.68,10.72,0.91,3,410,4092,0,4,6.0,4075,0,180.4,0.08,0,0,NORMAL,None,15.0,96.7
2026-09-01 04:29:50,IN-DELHI-01,22.1,44.7,22.1,1006.3,168.2,1.09,-0.23,10.76,10.81,1.0,161,2332,3964,4,15,22.5,4060,1,183.5,0.0,1,4,HAZARDOUS_AIR_POLLUTION,Severe,91.3,95.5
2026-09-01 04:29:55,IN-DELHI-01,27.2,73.7,31.6,1000.6,217.1,1.07,-0.25,10.72,10.78,0.97,15,460,2032,73,660,1287.0,2548,53,67.6,-2.12,0,5,WATER_CONTAMINATION,Severe,90.7,92.5
2026-09-01 04:30:00,IN-DELHI-01,24.3,87.0,28.7,994.5,267.7,-2.22,-3.56,10.22,11.05,1.24,11,438,1332,98,285,456.0,1642,84,160.0,-3.35,0,2,LANDSLIDE_PRECURSOR,Extreme,95.6,87.8
2026-09-01 04:30:05,IN-DELHI-01,29.0,48.9,31.1,1002.1,203.9,1.02,-0.22,10.54,10.59,0.78,0,400,4095,0,13,19.5,4021,2,180.4,-0.21,0,0,NORMAL,None,13.8,93.1
2026-09-01 04:30:10,IN-DELHI-01,25.0,70.3,27.9,999.0,229.8,1.14,-0.2,10.77,10.83,1.02,10,440,1824,81,795,1550.2,3491,20,74.5,-1.93,0,5,WATER_CONTAMINATION,Severe,96.0,92.2
2026-09-01 04:30:15,IN-DELHI-01,23.5,46.3,23.6,1001.4,209.7,1.07,-0.15,10.6,10.66,0.85,1,403,4066,1,17,25.5,4077,0,180.3,0.35,0,0,NORMAL,None,5.7,92.9
2026-09-01 04:30:20,IN-DELHI-01,24.4,70.6,27.1,1001.0,213.3,1.03,-0.14,10.79,10.84,1.03,18,472,1813,81,551,1074.5,3544,19,87.6,-3.09,0,5,WATER_CONTAMINATION,Severe,86.5,90.0
2026-09-01 04:30:25,IN-DELHI-01,27.8,53.1,29.9,998.0,238.8,1.0,-0.26,10.75,10.8,0.99,0,400,4033,2,6,9.0,4067,0,191.1,-0.13,0,0,NORMAL,None,7.4,97.6
2026-09-01 04:30:30,IN-DELHI-01,21.6,87.4,24.7,992.8,282.6,-1.11,-0.74,9.24,9.34,0.47,7,424,1299,100,220,352.0,1693,82,110.4,-4.56,0,2,LANDSLIDE_PRECURSOR,Extreme,86.9,96.2
2026-09-01 04:30:35,IN-DELHI-01,41.2,14.8,41.2,997.4,243.2,0.94,-0.14,10.75,10.79,0.98,126,1471,4093,0,10,15.0,4095,0,188.8,0.0,0,3,WILDFIRE,Severe,89.2,93.8
2026-09-01 04:30:40,IN-DELHI-01,23.6,64.5,25.4,1000.4,218.1,1.03,-0.18,10.74,10.79,0.98,17,468,1718,85,933,1819.3,2790,45,47.7,-1.96,1,5,WATER_CONTAMINATION,Severe,96.0,90.2
2026-09-01 04:30:45,IN-DELHI-01,33.9,51.9,38.6,1002.8,197.9,1.17,-0.25,10.69,10.75,0.94,6,421,4038,2,5,7.5,4080,0,185.4,-0.11,0,0,NORMAL,None,2.6,94.0
2026-09-01 04:30:50,IN-DELHI-01,21.6,91.2,25.0,990.5,301.8,1.24,-0.29,10.7,10.78,0.97,16,456,1408,96,294,529.2,1224,99,55.5,-11.83,0,1,FLASH_FLOOD,Severe,88.9,95.7
2026-09-01 04:30:55,IN-DELHI-01,41.1,11.7,41.1,999.7,224.5,0.9,-0.18,10.83,10.87,1.06,108,1318,4072,0,3,4.5,4095,0,188.4,0.0,0,3,WILDFIRE,Severe,88.9,87.7
2026-09-01 04:31:00,IN-DELHI-01,25.8,65.6,28.6,999.4,226.9,1.13,-0.24,10.71,10.77,0.96,29,516,1967,76,557,1086.1,2931,40,58.0,-2.43,0,5,WATER_CONTAMINATION,Severe,86.7,85.8
2026-09-01 04:31:05,IN-DELHI-01,24.6,90.9,29.5,990.3,303.3,0.93,-0.48,10.53,10.58,0.77,0,400,1359,97,264,475.2,1230,98,42.7,-8.64,0,1,FLASH_FLOOD,Severe,91.5,91.1
2026-09-01 04:31:10,IN-DELHI-01,22.3,89.8,25.9,985.8,341.2,1.38,-0.22,10.76,10.85,1.04,17,459,1364,97,339,610.2,1132,100,32.3,-11.69,1,1,FLASH_FLOOD,Severe,93.5,96.3
2026-09-01 04:31:15,IN-DELHI-01,42.4,15.1,42.4,997.8,240.5,0.97,-0.27,10.76,10.8,0.99,65,952,4086,0,5,7.5,4095,0,187.2,0.0,0,3,WILDFIRE,Extreme,93.3,94.9
2026-09-01 04:31:20,IN-DELHI-01,27.6,71.1,31.9,998.9,231.0,1.0,-0.1,10.74,10.78,0.97,23,492,2216,67,622,1212.9,3144,32,68.9,-0.98,0,5,WATER_CONTAMINATION,Severe,89.3,91.3
2026-09-01 04:31:25,IN-DELHI-01,25.6,71.6,29.0,1003.1,195.8,1.01,-0.16,10.72,10.77,0.96,21,484,2033,73,800,1560.0,3137,33,79.2,-1.94,0,5,WATER_CONTAMINATION,Severe,96.0,92.4
2026-09-01 04:31:30,IN-DELHI-01,24.9,51.3,25.9,1001.8,206.5,1.12,-0.21,10.79,10.85,1.04,0,400,4035,2,16,24.0,4063,1,180.5,-0.12,0,0,NORMAL,None,5.8,96.0
2026-09-01 04:31:35,IN-DELHI-01,26.4,59.9,28.9,998.9,231.1,1.11,-0.18,10.69,10.75,0.94,24,496,1479,93,422,822.9,3483,21,78.1,-1.46,0,5,WATER_CONTAMINATION,Severe,81.5,86.0
2026-09-01 04:31:40,IN-DELHI-01,25.8,63.8,28.3,1000.5,217.1,1.08,-0.18,10.82,10.88,1.07,5,417,4095,0,12,18.0,4072,0,182.0,0.01,0,0,NORMAL,None,11.7,96.7
2026-09-01 04:31:45,IN-DELHI-01,21.7,93.9,25.3,987.1,330.1,1.16,-0.31,10.98,11.04,1.23,16,456,1324,99,290,522.0,1212,99,48.6,-8.3,1,1,FLASH_FLOOD,Severe,90.3,93.7
2026-09-01 04:31:50,IN-DELHI-01,24.3,50.6,25.1,1000.9,213.9,1.1,-0.21,10.77,10.83,1.02,3,410,3971,4,12,18.0,4087,0,174.0,0.04,1,0,NORMAL,None,3.8,93.6
2026-09-01 04:31:55,IN-DELHI-01,28.7,52.5,31.1,1001.7,207.0,1.0,-0.28,10.93,10.98,1.17,2,407,4024,2,11,16.5,4080,0,179.3,0.05,0,0,NORMAL,None,3.5,94.9
2026-09-01 04:32:00,IN-DELHI-01,27.1,41.8,27.7,998.7,232.3,1.05,-0.27,10.82,10.87,1.06,2,407,4080,0,14,21.0,4078,0,184.2,0.2,0,0,NORMAL,None,2.5,93.4
2026-09-01 04:32:05,IN-DELHI-01,29.6,58.8,33.3,1006.5,166.7,1.07,-0.15,10.62,10.68,0.87,184,2608,4058,1,8,12.0,4076,0,181.1,0.0,0,4,HAZARDOUS_AIR_POLLUTION,Extreme,94.1,96.0
2026-09-01 04:32:10,IN-DELHI-01,24.0,99.0,29.3,990.9,298.7,1.06,-0.12,10.8,10.86,1.05,11,438,1384,96,354,637.2,1263,97,60.1,-15.52,0,1,FLASH_FLOOD,Severe,88.0,93.7
2026-09-01 04:32:15,IN-DELHI-01,22.6,65.4,24.1,1000.2,220.1,1.05,-0.08,10.69,10.74,0.93,25,500,1846,80,694,1353.3,2996,37,57.1,-0.7,1,5,WATER_CONTAMINATION,Severe,92.1,91.8
2026-09-01 04:32:20,IN-DELHI-01,24.1,96.2,29.3,988.1,321.9,1.18,-0.15,10.69,10.75,0.94,5,417,1316,99,285,513.0,1312,96,48.9,-8.39,1,1,FLASH_FLOOD,Severe,90.2,97.0
2026-09-01 04:32:25,IN-DELHI-01,22.8,96.0,27.3,988.2,320.9,1.22,-0.05,11.05,11.12,1.31,12,442,1308,99,303,545.4,1324,95,24.8,-6.49,0,1,FLASH_FLOOD,Extreme,95.0,89.9
2026-09-01 04:32:30,IN-DELHI-01,25.1,89.9,30.2,991.5,293.6,-3.46,-1.58,11.56,12.17,2.36,10,435,1265,100,250,400.0,1489,90,144.9,-6.05,0,2,LANDSLIDE_PRECURSOR,Extreme,91.1,92.9
2026-09-01 04:32:35,IN-DELHI-01,21.4,87.1,24.3,988.6,317.5,1.17,-0.03,10.7,10.76,0.95,15,452,1370,97,306,550.8,1255,98,57.6,-18.53,0,1,FLASH_FLOOD,Severe,88.5,97.0
2026-09-01 04:32:40,IN-DELHI-01,41.8,23.2,43.6,996.0,255.7,1.05,-0.18,10.69,10.74,0.93,95,1207,4087,0,3,4.5,4095,0,186.6,0.0,0,3,WILDFIRE,Severe,91.2,90.1
2026-09-01 04:32:45,IN-DELHI-01,27.2,54.6,29.4,1000.1,220.6,1.02,-0.12,10.7,10.74,0.93,2,407,4058,1,13,19.5,4073,0,178.5,0.36,0,0,NORMAL,None,4.4,92.2
2026-09-01 04:32:50,IN-DELHI-01,20.9,87.8,23.6,993.4,277.1,6.73,3.25,11.58,13.78,3.97,12,442,1221,100,208,332.8,1636,84,157.9,-5.09,0,2,LANDSLIDE_PRECURSOR,Extreme,87.7,93.7
2026-09-01 04:32:55,IN-DELHI-01,21.5,87.8,24.5,990.1,305.2,-3.12,-1.97,10.78,11.4,1.59,10,435,1206,100,205,328.0,1826,78,88.3,-3.59,0,2,LANDSLIDE_PRECURSOR,Extreme,95.7,86.7
2026-09-01 04:33:00,IN-DELHI-01,29.4,53.5,32.3,1003.3,194.0,1.07,-0.15,10.82,10.87,1.06,3,410,4063,1,4,6.0,4053,1,179.2,0.05,0,0,NORMAL,None,11.5,93.1
2026-09-01 04:33:05,IN-DELHI-01,26.9,49.5,28.3,1001.1,212.0,1.1,-0.17,10.64,10.7,0.89,1,403,4082,0,2,3.0,4057,1,179.9,0.05,0,0,NORMAL,None,5.9,97.4
2026-09-01 04:33:10,IN-DELHI-01,22.3,57.0,23.0,1002.9,197.7,1.07,-0.25,10.71,10.77,0.96,125,1900,3951,5,22,33.0,4058,1,174.3,0.0,1,4,HAZARDOUS_AIR_POLLUTION,Severe,87.0,93.3
2026-09-01 04:33:15,IN-DELHI-01,27.2,57.3,29.6,1005.5,175.1,1.13,-0.12,10.81,10.87,1.06,97,1564,4000,3,8,12.0,4049,1,187.2,0.0,0,4,HAZARDOUS_AIR_POLLUTION,Severe,83.6,93.2
2026-09-01 04:33:20,IN-DELHI-01,21.9,88.8,25.3,988.7,317.3,6.14,1.67,12.29,13.84,4.03,15,452,1226,100,240,384.0,1420,92,148.7,-2.34,0,2,LANDSLIDE_PRECURSOR,Extreme,85.7,94.9
2026-09-01 04:33:25,IN-DELHI-01,23.1,89.1,27.0,992.2,287.8,-5.52,-2.98,11.29,12.92,3.11,11,438,1298,100,214,342.4,1533,88,164.1,-4.2,0,2,LANDSLIDE_PRECURSOR,Extreme,93.3,88.6
2026-09-01 04:33:30,IN-DELHI-01,29.1,52.5,31.7,1002.3,202.1,1.05,-0.11,10.7,10.76,0.95,1,403,4069,0,6,9.0,4077,0,178.5,0.24,0,0,NORMAL,None,10.9,96.6
2026-09-01 04:33:35,IN-DELHI-01,29.5,55.4,32.6,1002.1,203.7,1.16,-0.19,10.75,10.82,1.01,6,421,4033,2,15,22.5,4080,0,184.4,0.22,0,0,NORMAL,None,4.9,97.8
2026-09-01 04:33:40,IN-DELHI-01,41.3,12.9,41.3,997.9,239.5,1.05,-0.1,10.67,10.72,0.91,122,1437,4090,0,8,12.0,4095,0,190.8,0.0,0,3,WILDFIRE,Severe,89.5,95.1
2026-09-01 04:33:45,IN-DELHI-01,21.6,85.2,24.5,994.4,268.6,-1.88,-1.41,9.96,10.23,0.42,11,438,1351,98,283,452.8,1834,78,134.3,-5.32,0,2,LANDSLIDE_PRECURSOR,Extreme,96.2,88.5
2026-09-01 04:33:50,IN-DELHI-01,16.3,86.8,17.3,993.3,278.0,6.44,1.72,11.44,13.24,3.43,12,442,1259,100,242,387.2,1797,79,101.5,-6.42,1,2,LANDSLIDE_PRECURSOR,Extreme,85.8,87.9
2026-09-01 04:33:55,IN-DELHI-01,38.4,12.3,38.4,993.5,276.8,1.03,-0.09,10.61,10.66,0.85,97,1224,4070,0,0,0.0,4095,0,186.5,0.0,0,3,WILDFIRE,Severe,79.4,96.1
2026-09-01 04:34:00,IN-DELHI-01,29.0,54.5,31.8,1002.4,201.6,1.15,-0.27,10.93,11.0,1.19,4,414,4020,2,6,9.0,4083,0,190.0,0.1,1,0,NORMAL,None,3.8,93.0
2026-09-01 04:34:05,IN-DELHI-01,28.3,50.3,30.3,1001.7,207.0,1.13,-0.15,10.72,10.78,0.97,2,407,4057,1,3,4.5,4085,0,167.5,0.07,0,0,NORMAL,None,6.4,95.3
2026-09-01 04:34:10,IN-DELHI-01,24.2,62.9,26.1,1001.6,208.1,1.06,-0.25,10.63,10.69,0.88,14,456,1869,79,562,1095.9,2868,42,116.8,-0.89,1,5,WATER_CONTAMINATION,Severe,86.9,93.2
2026-09-01 04:34:15,IN-DELHI-01,24.6,62.5,26.6,1006.4,167.4,1.04,-0.21,10.73,10.78,0.97,5,420,1853,80,656,1279.2,3733,12,58.8,-2.94,1,5,WATER_CONTAMINATION,Severe,90.6,91.3
2026-09-01 04:34:20,IN-DELHI-01,28.2,48.7,30.0,1001.1,212.5,1.11,-0.2,10.86,10.92,1.11,2,407,4029,2,6,9.0,4077,0,173.4,0.04,0,0,NORMAL,None,2.3,92.1
2026-09-01 04:34:25,IN-DELHI-01,29.8,48.0,32.1,1000.3,219.0,1.03,-0.26,10.75,10.8,0.99,0,400,4083,0,14,21.0,4081,0,179.7,-0.09,1,0,NORMAL,None,2.4,97.4
2026-09-01 04:34:30,IN-DELHI-01,23.1,93.1,27.4,987.7,325.8,1.04,-0.26,10.63,10.69,0.88,12,442,1232,100,291,523.8,1356,94,40.6,-14.18,0,1,FLASH_FLOOD,Severe,91.9,88.3
2026-09-01 04:34:35,IN-DELHI-01,40.4,17.8,40.4,996.2,253.7,1.14,-0.17,10.72,10.78,0.97,143,1615,4089,0,3,4.5,4095,0,189.4,0.0,0,3,WILDFIRE,Severe,86.3,89.8
2026-09-01 04:34:40,IN-DELHI-01,29.1,53.5,31.9,1002.7,198.9,1.19,-0.25,10.75,10.82,1.01,0,400,4057,1,17,25.5,4087,0,173.9,-0.03,0,0,NORMAL,None,3.2,92.1
2026-09-01 04:34:45,IN-DELHI-01,26.3,69.8,29.8,1005.5,175.1,1.2,-0.24,10.6,10.67,0.86,168,2416,3991,3,12,18.0,4054,1,178.7,0.0,1,4,HAZARDOUS_AIR_POLLUTION,Severe,92.2,96.8
2026-09-01 04:34:50,IN-DELHI-01,24.2,87.7,28.6,989.1,313.5,-0.89,-2.15,10.46,10.71,0.9,9,431,1269,100,166,265.6,1874,76,122.7,-8.48,0,2,LANDSLIDE_PRECURSOR,Extreme,96.3,89.2
2026-09-01 04:34:55,IN-DELHI-01,28.2,41.8,29.2,1000.8,214.8,1.02,-0.15,10.71,10.76,0.95,2,407,4025,2,13,19.5,4089,0,173.6,0.13,0,0,NORMAL,None,8.7,92.7
2026-09-01 04:35:00,IN-DELHI-01,23.1,89.2,27.1,986.8,333.3,-3.28,-1.78,12.08,12.64,2.83,12,442,1241,100,168,268.8,1431,92,103.2,-3.32,0,2,LANDSLIDE_PRECURSOR,Extreme,93.8,94.5
2026-09-01 04:35:05,IN-DELHI-01,23.6,90.3,27.9,995.2,262.1,3.76,1.37,12.46,13.09,3.28,13,445,1332,98,152,243.2,1708,82,171.2,-6.2,0,2,LANDSLIDE_PRECURSOR,Extreme,92.5,94.8
2026-09-01 04:35:10,IN-DELHI-01,20.4,91.4,23.3,992.9,281.2,-3.88,-3.11,11.37,12.42,2.61,11,438,1226,100,184,294.4,1464,90,130.5,-1.26,0,2,LANDSLIDE_PRECURSOR,Extreme,85.0,93.5
2026-09-01 04:35:15,IN-DELHI-01,30.2,56.6,33.8,1000.1,220.7,1.06,-0.19,10.76,10.82,1.01,1,403,4050,1,21,31.5,4053,1,178.6,0.11,0,0,NORMAL,None,16.3,96.0
2026-09-01 04:35:20,IN-DELHI-01,28.7,54.4,31.4,1001.9,205.6,0.99,-0.18,10.68,10.73,0.92,1,403,4040,1,9,13.5,4067,0,169.5,0.13,1,0,NORMAL,None,12.9,95.2
2026-09-01 04:35:25,IN-DELHI-01,42.1,15.8,42.1,996.4,251.7,1.09,-0.09,10.86,10.91,1.1,136,1556,4081,0,4,6.0,4095,0,188.6,0.0,0,3,WILDFIRE,Extreme,92.2,89.9
2026-09-01 04:35:30,IN-DELHI-01,21.9,63.3,23.1,1000.6,217.0,0.92,-0.12,10.67,10.71,0.9,23,492,2054,73,875,1706.2,3012,37,52.0,0.13,0,5,WATER_CONTAMINATION,Severe,96.0,86.9
2026-09-01 04:35:35,IN-DELHI-01,23.6,86.9,27.6,988.8,316.5,7.07,1.81,10.01,12.39,2.58,9,431,1272,100,269,430.4,1359,94,97.1,-4.83,0,2,LANDSLIDE_PRECURSOR,Extreme,86.3,87.5
2026-09-01 04:35:40,IN-DELHI-01,22.9,95.6,27.3,984.1,355.5,1.1,-0.36,10.59,10.66,0.85,20,470,1372,97,266,478.8,1269,97,42.8,-14.99,0,1,FLASH_FLOOD,Severe,91.4,93.1
2026-09-01 04:35:45,IN-DELHI-01,42.2,17.8,42.7,993.8,274.1,1.05,-0.29,10.62,10.68,0.87,109,1326,4092,0,2,3.0,4095,0,194.2,0.0,0,3,WILDFIRE,Extreme,92.8,88.1
2026-09-01 04:35:50,IN-DELHI-01,40.7,21.0,41.6,998.5,234.0,1.02,-0.18,10.9,10.95,1.14,92,1182,4095,0,8,12.0,4095,0,190.9,0.0,0,3,WILDFIRE,Severe,87.3,96.0
2026-09-01 04:35:55,IN-DELHI-01,41.7,19.3,42.5,996.0,255.1,1.18,-0.19,10.6,10.67,0.86,105,1292,4095,0,8,12.0,4095,0,192.0,0.0,0,3,WILDFIRE,Severe,91.0,92.9
2026-09-01 04:36:00,IN-DELHI-01,26.3,60.5,28.7,1002.8,197.9,1.14,-0.28,10.79,10.85,1.04,197,2764,4032,2,30,45.0,4062,1,185.9,0.0,0,4,HAZARDOUS_AIR_POLLUTION,Extreme,95.6,92.1
2026-09-01 04:36:05,IN-DELHI-01,23.2,90.5,27.3,986.9,332.5,1.01,0.1,10.53,10.58,0.77,14,449,1369,97,317,570.6,1032,100,61.0,-16.02,1,1,FLASH_FLOOD,Severe,87.8,93.7
2026-09-01 04:36:10,IN-DELHI-01,39.3,19.7,39.5,997.9,239.8,0.94,-0.04,10.82,10.86,1.05,117,1394,4084,0,0,0.0,4095,0,183.8,0.0,0,3,WILDFIRE,Severe,82.5,93.7
2026-09-01 04:36:15,IN-DELHI-01,23.2,52.6,23.8,1002.8,198.3,1.05,-0.14,10.71,10.77,0.96,145,2140,3985,3,25,37.5,4063,1,186.2,0.0,1,4,HAZARDOUS_AIR_POLLUTION,Severe,89.4,97.1
2026-09-01 04:36:20,IN-DELHI-01,24.0,87.7,28.3,990.7,300.1,6.14,2.44,12.29,13.95,4.14,11,438,1333,98,230,368.0,1465,90,160.5,-0.54,0,2,LANDSLIDE_PRECURSOR,Extreme,85.3,94.4
2026-09-01 04:36:25,IN-DELHI-01,21.3,67.8,22.6,1002.4,201.1,0.97,-0.1,10.79,10.84,1.03,14,456,1932,77,884,1723.8,2930,40,83.9,-1.07,1,5,WATER_CONTAMINATION,Severe,96.0,93.8
2026-09-01 04:36:30,IN-DELHI-01,28.9,54.2,31.7,1001.1,212.6,1.01,-0.11,10.82,10.86,1.05,3,410,4009,3,13,19.5,4071,0,193.4,0.05,0,0,NORMAL,None,13.3,96.9
2026-09-01 04:36:35,IN-DELHI-01,30.1,50.6,32.9,1001.7,207.2,1.16,-0.15,11.0,11.06,1.25,1,403,4072,0,9,13.5,4072,0,177.0,-0.33,0,0,NORMAL,None,8.7,95.3
2026-09-01 04:36:40,IN-DELHI-01,28.4,56.1,31.2,1000.5,217.2,1.0,-0.19,10.77,10.82,1.01,5,417,4066,1,6,9.0,4069,0,176.7,-0.16,0,0,NORMAL,None,10.8,92.2
2026-09-01 04:36:45,IN-DELHI-01,20.1,89.4,22.7,990.8,299.3,4.98,1.71,9.69,11.03,1.22,6,421,1340,98,173,276.8,1779,80,114.6,-4.79,0,2,LANDSLIDE_PRECURSOR,Extreme,88.4,90.1
2026-09-01 04:36:50,IN-DELHI-01,28.5,68.3,32.9,1003.8,189.5,0.9,-0.14,10.8,10.84,1.03,179,2548,4029,2,20,30.0,4057,1,184.9,0.0,0,4,HAZARDOUS_AIR_POLLUTION,Severe,93.5,93.3
2026-09-01 04:36:55,IN-DELHI-01,28.9,53.7,31.6,1001.0,213.4,1.01,-0.05,10.68,10.73,0.92,2,407,4017,2,6,9.0,4077,0,171.5,0.08,0,0,NORMAL,None,18.0,93.4
2026-09-01 04:37:00,IN-DELHI-01,37.3,16.7,37.3,1001.5,209.3,1.05,-0.15,10.84,10.9,1.09,91,1173,4081,0,8,12.0,4095,0,189.4,0.0,0,3,WILDFIRE,Severe,75.6,95.7
2026-09-01 04:37:05,IN-DELHI-01,23.3,68.0,25.3,1006.6,166.1,0.94,-0.18,10.76,10.8,0.99,156,2272,3969,4,18,27.0,4043,1,175.9,0.0,1,4,HAZARDOUS_AIR_POLLUTION,Severe,90.7,97.0
2026-09-01 04:37:10,IN-DELHI-01,21.7,89.5,25.0,995.7,258.3,3.63,0.07,10.89,11.48,1.67,8,428,1294,100,227,363.2,1763,80,109.3,-3.75,0,2,LANDSLIDE_PRECURSOR,Extreme,92.0,94.8
2026-09-01 04:37:15,IN-DELHI-01,29.0,71.5,34.1,1006.9,163.8,1.04,-0.25,10.59,10.65,0.84,191,2692,4010,3,12,18.0,4079,0,172.3,0.0,0,4,HAZARDOUS_AIR_POLLUTION,Extreme,94.9,90.9
2026-09-01 04:37:20,IN-DELHI-01,28.4,45.0,29.8,999.5,226.0,1.01,-0.21,10.76,10.81,1.0,9,431,4037,2,4,6.0,4078,0,178.7,-0.09,0,0,NORMAL,None,8.2,98.3
2026-09-01 04:37:25,IN-DELHI-01,24.8,95.5,30.3,991.0,297.4,1.09,-0.33,10.6,10.66,0.85,14,449,1388,96,208,374.4,1282,97,40.7,-14.35,0,1,FLASH_FLOOD,Severe,91.9,89.7
2026-09-01 04:37:30,IN-DELHI-01,21.7,87.7,24.9,991.1,296.7,-2.93,-2.21,10.52,11.14,1.33,16,456,1355,98,233,372.8,1451,91,125.0,-5.44,0,2,LANDSLIDE_PRECURSOR,Extreme,91.3,91.1
2026-09-01 04:37:35,IN-DELHI-01,21.0,92.2,24.2,986.4,336.4,1.01,-0.24,10.71,10.76,0.95,11,438,1443,94,317,570.6,1371,94,57.9,-14.91,0,1,FLASH_FLOOD,Severe,88.4,94.9
2026-09-01 04:37:40,IN-DELHI-01,26.1,49.6,27.3,1000.4,218.6,0.95,-0.22,10.63,10.68,0.87,2,407,4044,1,10,15.0,4056,1,171.2,-0.12,0,0,NORMAL,None,10.2,97.3
2026-09-01 04:37:45,IN-DELHI-01,22.5,89.3,26.2,990.5,301.6,-2.99,-2.24,12.79,13.32,3.51,8,428,1273,100,166,265.6,1549,87,137.7,-3.87,0,2,LANDSLIDE_PRECURSOR,Extreme,96.4,92.0
2026-09-01 04:37:50,IN-DELHI-01,17.2,86.6,18.4,992.5,284.9,4.21,1.48,9.78,10.75,0.94,19,466,1218,100,180,288.0,1511,89,147.3,-4.14,0,2,LANDSLIDE_PRECURSOR,Extreme,97.7,96.2
2026-09-01 04:37:55,IN-DELHI-01,28.9,56.3,31.9,1000.9,214.3,1.09,-0.11,10.68,10.74,0.93,0,400,4040,1,14,21.0,4064,1,181.1,-0.23,0,0,NORMAL,None,2.6,98.7
2026-09-01 04:38:00,IN-DELHI-01,27.2,50.9,28.9,1001.5,209.4,1.13,-0.11,10.7,10.76,0.95,2,407,4069,0,14,21.0,4073,0,187.4,0.09,0,0,NORMAL,None,17.9,95.4
2026-09-01 04:38:05,IN-DELHI-01,27.9,43.1,28.8,999.7,224.3,1.08,-0.16,10.77,10.82,1.01,0,400,4090,0,23,34.5,4049,1,185.3,-0.07,0,0,NORMAL,None,6.6,93.1
2026-09-01 04:38:10,IN-DELHI-01,25.6,94.9,31.4,990.7,299.8,5.52,1.8,11.09,12.51,2.7,4,414,1304,99,218,348.8,1774,80,127.3,-4.96,0,2,LANDSLIDE_PRECURSOR,Extreme,91.3,90.6
2026-09-01 04:38:15,IN-DELHI-01,20.6,88.5,23.3,995.6,258.5,6.08,2.3,10.68,12.5,2.69,5,417,1230,100,186,297.6,1526,88,126.6,-2.8,0,2,LANDSLIDE_PRECURSOR,Extreme,97.3,87.6
2026-09-01 04:38:20,IN-DELHI-01,25.5,96.3,31.6,986.9,331.7,0.87,-0.23,10.86,10.9,1.09,16,456,1320,99,323,581.4,1380,93,71.2,-12.05,0,1,FLASH_FLOOD,Severe,85.8,92.3
2026-09-01 04:38:25,IN-DELHI-01,25.5,43.8,25.8,1001.6,208.2,1.01,-0.27,10.71,10.76,0.95,0,400,3986,3,12,18.0,4057,1,180.5,-0.13,0,0,NORMAL,None,17.2,94.3
2026-09-01 04:38:30,IN-DELHI-01,42.3,17.7,42.8,997.1,246.1,1.09,-0.14,10.62,10.68,0.87,88,1148,4089,0,3,4.5,4095,0,188.2,0.0,1,3,WILDFIRE,Extreme,93.1,90.3
2026-09-01 04:38:35,IN-DELHI-01,23.4,90.5,27.5,987.6,326.3,0.95,-0.16,11.23,11.27,1.46,19,466,1334,98,296,532.8,1287,96,47.3,-12.17,0,1,FLASH_FLOOD,Severe,90.5,89.8
2026-09-01 04:38:40,IN-DELHI-01,22.0,92.1,25.6,987.7,325.5,1.03,-0.17,10.91,10.96,1.15,15,452,1297,100,350,630.0,1175,100,54.4,-11.63,1,1,FLASH_FLOOD,Severe,89.1,89.0
2026-09-01 04:38:45,IN-DELHI-01,28.6,57.0,31.5,1000.3,218.9,1.07,-0.09,10.51,10.57,0.76,3,410,4012,2,10,15.0,4041,1,187.9,0.04,0,0,NORMAL,None,9.9,94.7
2026-09-01 04:38:50,IN-DELHI-01,22.5,65.6,24.0,1003.9,188.9,0.97,-0.24,10.73,10.78,0.97,141,2092,4008,3,4,6.0,4065,1,176.8,0.0,0,4,HAZARDOUS_AIR_POLLUTION,Severe,88.9,96.0
2026-09-01 04:38:55,IN-DELHI-01,22.3,94.0,26.3,987.7,325.3,1.13,-0.15,10.83,10.89,1.08,22,477,1446,94,314,565.2,1249,98,46.6,-12.41,0,1,FLASH_FLOOD,Severe,90.7,89.3
2026-09-01 04:39:00,IN-DELHI-01,29.2,51.7,31.7,1001.5,209.1,1.09,-0.22,10.73,10.78,0.97,5,417,4005,3,16,24.0,4045,1,180.4,-0.04,0,0,NORMAL,None,3.9,97.9
2026-09-01 04:39:05,IN-DELHI-01,29.2,50.0,31.5,1003.3,193.6,1.11,-0.08,10.87,10.92,1.11,3,410,3983,4,12,18.0,4075,0,173.0,0.02,0,0,NORMAL,None,8.7,92.4
2026-09-01 04:39:10,IN-DELHI-01,19.5,87.5,21.6,989.6,309.8,6.26,3.03,13.19,14.91,5.1,13,445,1324,99,228,364.8,2012,71,161.8,-3.0,0,2,LANDSLIDE_PRECURSOR,Extreme,89.8,90.1
2026-09-01 04:39:15,IN-DELHI-01,28.9,55.6,31.8,1001.2,211.4,1.03,-0.21,10.58,10.63,0.82,0,400,4095,0,2,3.0,4044,1,167.8,-0.09,0,0,NORMAL,None,13.9,95.0
2026-09-01 04:39:20,IN-DELHI-01,22.4,90.7,26.2,989.8,308.1,0.86,-0.15,11.07,11.1,1.29,10,435,1347,98,388,698.4,1305,96,39.5,-13.16,1,1,FLASH_FLOOD,Severe,92.1,96.9
2026-09-01 04:39:25,IN-DELHI-01,26.0,53.1,27.5,1000.5,217.4,1.06,-0.33,10.74,10.8,0.99,1,403,4087,0,9,13.5,4066,1,173.8,0.03,0,0,NORMAL,None,17.3,93.0
2026-09-01 04:39:30,IN-DELHI-01,27.6,65.3,31.1,1000.5,217.2,1.0,-0.26,10.82,10.87,1.06,25,500,2150,69,671,1308.5,3026,36,71.5,-0.79,1,5,WATER_CONTAMINATION,Severe,91.2,87.8
2026-09-01 04:39:35,IN-DELHI-01,20.3,88.1,22.8,989.8,308.0,3.65,1.15,10.41,11.09,1.28,15,452,1284,100,321,513.6,1813,78,108.8,-4.36,0,2,LANDSLIDE_PRECURSOR,Extreme,88.8,92.4
2026-09-01 04:39:40,IN-DELHI-01,25.7,47.6,26.5,1001.3,210.9,1.12,-0.19,10.71,10.77,0.96,0,400,4013,2,14,21.0,4046,1,165.9,0.05,0,0,NORMAL,None,13.2,96.4
2026-09-01 04:39:45,IN-DELHI-01,25.4,53.4,26.7,1005.6,174.6,0.98,-0.18,10.77,10.81,1.0,115,1780,4036,2,22,33.0,4095,0,187.3,0.0,1,4,HAZARDOUS_AIR_POLLUTION,Severe,85.8,96.2
2026-09-01 04:39:50,IN-DELHI-01,29.4,50.0,31.8,1000.2,219.6,0.96,-0.19,10.87,10.91,1.1,10,435,4042,1,12,18.0,4078,0,190.3,0.0,0,0,NORMAL,None,12.8,98.0
2026-09-01 04:39:55,IN-DELHI-01,43.6,19.7,45.0,996.6,250.4,1.08,-0.01,10.73,10.79,0.98,65,952,4082,0,5,7.5,4095,0,194.5,0.0,0,3,WILDFIRE,Extreme,97.6,89.7
2026-09-01 04:40:00,IN-DELHI-01,18.5,87.3,20.3,991.3,295.0,4.29,2.02,11.26,12.22,2.41,4,414,1251,100,222,355.2,1549,87,125.8,-2.87,0,2,LANDSLIDE_PRECURSOR,Extreme,94.1,91.0
2026-09-01 04:40:05,IN-DELHI-01,23.2,88.5,27.1,990.1,305.0,1.07,-0.39,10.8,10.86,1.05,13,445,1332,98,280,504.0,1146,100,44.1,-16.17,0,1,FLASH_FLOOD,Severe,91.2,91.8
2026-09-01 04:40:10,IN-DELHI-01,29.1,58.3,32.5,1002.0,204.9,0.96,-0.21,10.79,10.83,1.02,0,400,4060,1,2,3.0,4072,0,179.8,0.13,0,0,NORMAL,None,2.4,95.5
2026-09-01 04:40:15,IN-DELHI-01,30.3,51.5,33.2,1002.0,205.1,1.24,-0.33,10.59,10.67,0.86,0,400,4025,2,5,7.5,4048,1,178.0,-0.18,0,0,NORMAL,None,8.3,95.0
2026-09-01 04:40:20,IN-DELHI-01,29.0,57.4,32.2,1000.0,221.9,1.11,-0.32,10.91,10.98,1.17,0,400,4029,2,20,30.0,4076,0,183.6,-0.31,0,0,NORMAL,None,4.5,97.4
2026-09-01 04:40:25,IN-DELHI-01,41.6,17.0,41.7,998.1,237.8,1.19,-0.28,10.72,10.79,0.98,106,1301,4071,0,1,1.5,4095,0,192.1,0.0,0,3,WILDFIRE,Severe,90.6,89.8
2026-09-01 04:40:30,IN-DELHI-01,21.6,89.8,24.8,989.9,306.6,0.97,-0.26,10.91,10.95,1.14,25,487,1334,98,321,577.8,1281,97,21.5,-16.18,1,1,FLASH_FLOOD,Extreme,95.7,94.9
2026-09-01 04:40:35,IN-DELHI-01,30.7,48.6,33.4,1001.5,209.2,0.97,-0.17,10.65,10.7,0.89,2,407,4075,0,2,3.0,4088,0,197.3,-0.35,0,0,NORMAL,None,12.6,92.6
2026-09-01 04:40:40,IN-DELHI-01,21.9,86.5,25.1,992.3,286.7,-2.02,-1.77,12.68,12.96,3.15,7,424,1231,100,238,380.8,1500,89,163.5,-4.17,0,2,LANDSLIDE_PRECURSOR,Extreme,92.0,92.7
2026-09-01 04:40:45,IN-DELHI-01,29.5,53.6,32.5,1001.0,212.9,1.05,-0.3,10.82,10.88,1.07,7,424,4063,1,8,12.0,4058,1,191.7,0.19,0,0,NORMAL,None,6.1,92.1
2026-09-01 04:40:50,IN-DELHI-01,26.9,42.5,27.6,1002.0,204.5,0.93,-0.21,10.73,10.77,0.96,4,414,3997,3,6,9.0,4080,0,183.9,0.04,0,0,NORMAL,None,6.0,95.1
2026-09-01 04:40:55,IN-DELHI-01,17.8,90.9,19.5,991.4,294.1,-2.0,-2.94,10.23,10.83,1.02,16,456,1313,99,195,312.0,1533,88,104.4,-3.36,0,2,LANDSLIDE_PRECURSOR,Extreme,89.6,94.0
2026-09-01 04:41:00,IN-DELHI-01,22.3,92.1,26.1,988.1,322.4,1.46,-0.21,10.97,11.07,1.26,17,459,1345,98,243,437.4,1157,100,28.2,-12.97,0,1,FLASH_FLOOD,Extreme,94.4,90.1
2026-09-01 04:41:05,IN-DELHI-01,41.3,22.4,42.7,994.8,265.9,0.99,-0.13,10.65,10.7,0.89,104,1284,4088,0,0,0.0,4095,0,186.5,0.0,0,3,WILDFIRE,Severe,89.4,91.5
2026-09-01 04:41:10,IN-DELHI-01,25.7,56.8,27.6,1005.1,178.3,1.13,-0.26,10.86,10.92,1.11,113,1756,4069,0,12,18.0,4046,1,173.3,0.0,0,4,HAZARDOUS_AIR_POLLUTION,Severe,85.6,95.4
2026-09-01 04:41:15,IN-DELHI-01,25.4,63.4,27.8,1003.8,189.7,0.99,-0.11,10.68,10.73,0.92,13,452,2075,72,365,711.8,3507,20,38.1,-2.54,0,5,WATER_CONTAMINATION,Moderate,79.2,89.8
2026-09-01 04:41:20,IN-DELHI-01,23.7,52.6,24.4,1005.5,175.4,1.05,-0.19,10.76,10.81,1.0,179,2548,3929,5,19,28.5,4090,0,180.7,0.0,0,4,HAZARDOUS_AIR_POLLUTION,Severe,93.5,94.8
2026-09-01 04:41:25,IN-DELHI-01,22.1,90.6,25.7,988.4,319.4,1.27,-0.09,10.9,10.97,1.16,19,466,1239,100,319,574.2,1172,100,51.2,-15.2,0,1,FLASH_FLOOD,Severe,89.8,90.5
2026-09-01 04:41:30,IN-DELHI-01,20.2,93.8,23.2,992.1,288.6,6.34,1.01,11.3,13.0,3.19,11,438,1280,100,223,356.8,1476,90,164.2,-5.12,0,2,LANDSLIDE_PRECURSOR,Extreme,92.1,95.3
2026-09-01 04:41:35,IN-DELHI-01,25.3,59.7,27.3,1000.8,215.1,1.15,-0.21,10.79,10.86,1.05,5,417,4021,2,12,18.0,4051,1,182.1,-0.05,0,0,NORMAL,None,5.4,97.7
2026-09-01 04:41:40,IN-DELHI-01,24.8,54.7,26.1,1000.7,216.2,0.9,-0.23,10.56,10.61,0.8,0,400,4087,0,16,24.0,4059,1,176.8,-0.05,0,0,NORMAL,None,3.3,97.8
2026-09-01 04:41:45,IN-DELHI-01,25.0,95.6,30.7,986.3,337.3,0.86,-0.49,10.73,10.78,0.97,22,477,1320,99,321,577.8,1130,100,56.4,-13.65,1,1,FLASH_FLOOD,Severe,88.7,93.6
2026-09-01 04:41:50,IN-DELHI-01,29.6,51.8,32.4,1002.3,202.7,1.15,-0.32,10.95,11.02,1.21,1,403,3977,4,7,10.5,4075,0,178.4,-0.22,0,0,NORMAL,None,9.3,93.9
2026-09-01 04:41:55,IN-DELHI-01,21.2,86.7,24.0,991.6,292.4,-2.16,-0.7,12.08,12.29,2.48,8,428,1309,99,293,468.8,1708,82,151.8,-2.96,0,2,LANDSLIDE_PRECURSOR,Extreme,85.1,94.3
2026-09-01 04:42:00,IN-DELHI-01,22.5,62.3,23.7,1003.1,195.9,1.17,-0.2,10.76,10.82,1.01,10,440,1875,79,896,1747.2,2810,44,74.3,-1.24,1,5,WATER_CONTAMINATION,Severe,96.0,90.6
2026-09-01 04:42:05,IN-DELHI-01,24.3,65.1,26.4,1006.6,166.3,1.11,-0.09,10.89,10.95,1.14,184,2608,3997,3,33,49.5,4089,0,183.1,0.0,1,4,HAZARDOUS_AIR_POLLUTION,Extreme,94.1,93.5
2026-09-01 04:42:10,IN-DELHI-01,22.5,91.2,26.3,989.7,308.7,1.13,-0.28,10.8,10.86,1.05,17,459,1406,96,315,567.0,1368,94,59.5,-12.32,1,1,FLASH_FLOOD,Severe,88.1,94.2
2026-09-01 04:42:15,IN-DELHI-01,19.0,89.9,21.2,995.2,262.5,3.14,1.34,9.76,10.34,0.53,11,438,1379,97,251,401.6,1590,86,149.5,-2.59,0,2,LANDSLIDE_PRECURSOR,Extreme,85.9,91.9
2026-09-01 04:42:20,IN-DELHI-01,21.1,85.7,23.8,993.7,275.2,3.03,1.5,8.96,9.58,0.23,15,452,1289,100,175,280.0,1536,88,129.5,-3.11,0,2,LANDSLIDE_PRECURSOR,Extreme,89.8,88.9
2026-09-01 04:42:25,IN-DELHI-01,22.2,89.9,25.8,987.2,329.5,1.11,-0.25,10.85,10.91,1.1,10,435,1417,95,287,516.6,1225,99,34.6,-15.99,0,1,FLASH_FLOOD,Severe,93.1,90.6
2026-09-01 04:42:30,IN-DELHI-01,24.6,96.8,30.1,986.7,333.6,1.01,-0.26,10.78,10.83,1.02,9,431,1357,97,286,514.8,1277,97,41.2,-7.76,0,1,FLASH_FLOOD,Severe,91.8,96.2
2026-09-01 04:42:35,IN-DELHI-01,22.5,89.1,26.2,985.1,347.4,7.05,3.5,10.82,13.38,3.57,5,417,1273,100,168,268.8,1526,88,124.1,-3.37,0,2,LANDSLIDE_PRECURSOR,Extreme,98.9,95.0
2026-09-01 04:42:40,IN-DELHI-01,27.6,45.3,28.7,1000.2,220.0,1.08,-0.14,10.86,10.92,1.11,1,403,4039,2,13,19.5,4069,0,175.7,-0.05,0,0,NORMAL,None,3.9,98.9
2026-09-01 04:42:45,IN-DELHI-01,42.4,20.2,43.6,996.2,253.5,1.03,-0.3,10.74,10.79,0.98,120,1420,4084,0,7,10.5,4095,0,188.4,0.0,0,3,WILDFIRE,Extreme,93.4,92.9
2026-09-01 04:42:50,IN-DELHI-01,23.0,95.7,27.5,991.2,295.5,3.6,1.01,10.77,11.4,1.59,10,435,1287,100,210,336.0,1453,91,90.0,-3.8,1,2,LANDSLIDE_PRECURSOR,Extreme,87.0,96.0
2026-09-01 04:42:55,IN-DELHI-01,27.9,62.8,31.2,1000.6,217.1,0.95,-0.18,10.83,10.88,1.07,0,400,4071,0,7,10.5,4041,1,186.6,-0.16,0,0,NORMAL,None,7.0,94.5
2026-09-01 04:43:00,IN-DELHI-01,25.3,66.7,28.0,1006.2,169.5,1.19,-0.23,10.83,10.89,1.08,165,2380,3974,4,23,34.5,4026,2,180.2,0.0,0,4,HAZARDOUS_AIR_POLLUTION,Severe,91.8,91.4
2026-09-01 04:43:05,IN-DELHI-01,24.8,59.6,26.6,1005.1,178.9,1.04,-0.19,10.87,10.92,1.11,166,2392,3961,4,16,24.0,4069,0,176.6,0.0,0,4,HAZARDOUS_AIR_POLLUTION,Severe,91.9,95.5
2026-09-01 04:43:10,IN-DELHI-01,26.1,72.2,29.8,1002.6,199.8,1.13,-0.22,10.68,10.74,0.93,170,2440,4006,3,14,21.0,4095,0,173.0,0.0,1,4,HAZARDOUS_AIR_POLLUTION,Severe,92.4,97.3
2026-09-01 04:43:15,IN-DELHI-01,24.0,54.6,25.0,1000.8,214.8,0.97,-0.18,10.68,10.73,0.92,1,403,4014,2,31,46.5,4095,0,177.1,0.17,0,0,NORMAL,None,11.8,93.9
2026-09-01 04:43:20,IN-DELHI-01,21.2,87.7,24.1,992.9,281.2,4.6,1.86,9.93,11.1,1.29,16,456,1274,100,210,336.0,1568,87,117.0,-4.73,0,2,LANDSLIDE_PRECURSOR,Extreme,86.8,89.1
2026-09-01 04:43:25,IN-DELHI-01,28.4,48.1,30.2,999.3,227.7,1.04,-0.12,10.61,10.66,0.85,1,403,4028,2,17,25.5,4070,0,179.5,-0.16,0,0,NORMAL,None,14.9,95.5
2026-09-01 04:43:30,IN-DELHI-01,24.1,67.3,26.4,1000.1,220.5,1.12,-0.14,10.7,10.76,0.95,13,452,2134,70,712,1388.4,3424,23,71.9,-1.34,1,5,WATER_CONTAMINATION,Severe,92.8,93.3
2026-09-01 04:43:35,IN-DELHI-01,23.4,87.8,27.4,993.8,273.6,3.47,0.57,10.59,11.15,1.34,13,445,1296,100,242,387.2,1749,81,132.5,-9.52,0,2,LANDSLIDE_PRECURSOR,Extreme,89.5,90.5
2026-09-01 04:43:40,IN-DELHI-01,27.0,43.2,27.7,1000.7,216.2,1.04,-0.14,10.92,10.97,1.16,4,414,4078,0,3,4.5,4057,1,181.6,0.2,0,0,NORMAL,None,4.8,92.8
2026-09-01 04:43:45,IN-DELHI-01,26.0,59.7,28.2,1003.7,190.6,1.06,-0.21,10.71,10.76,0.95,185,2620,3951,5,12,18.0,4057,1,174.2,0.0,0,4,HAZARDOUS_AIR_POLLUTION,Extreme,94.2,91.1
2026-09-01 04:43:50,IN-DELHI-01,43.4,18.2,44.3,1000.2,220.2,1.07,-0.14,10.72,10.78,0.97,65,952,4074,0,7,10.5,4095,0,190.9,0.0,0,3,WILDFIRE,Extreme,96.9,97.7
2026-09-01 04:43:55,IN-DELHI-01,43.7,12.3,43.7,997.0,246.6,1.19,-0.22,10.61,10.68,0.87,119,1411,4090,0,4,6.0,4095,0,188.4,0.0,0,3,WILDFIRE,Extreme,98.0,88.9
2026-09-01 04:44:00,IN-DELHI-01,24.1,49.2,24.7,999.3,227.5,1.07,-0.11,10.76,10.81,1.0,3,410,3988,3,10,15.0,4088,0,184.1,-0.06,1,0,NORMAL,None,10.2,99.0
2026-09-01 04:44:05,IN-DELHI-01,43.1,15.3,43.1,998.7,232.4,1.07,-0.19,10.65,10.71,0.9,184,1964,4089,0,6,9.0,4095,0,185.1,0.0,0,3,WILDFIRE,Extreme,95.9,97.6
2026-09-01 04:44:10,IN-DELHI-01,25.8,57.8,27.8,1000.6,216.3,1.01,-0.33,10.73,10.78,0.97,0,400,4077,0,10,15.0,4060,1,196.9,-0.02,0,0,NORMAL,None,6.7,98.4
2026-09-01 04:44:15,IN-DELHI-01,23.0,68.4,24.9,1000.2,220.1,0.96,-0.15,10.6,10.65,0.84,20,480,1798,82,527,1027.6,2979,38,65.0,-0.3,0,5,WATER_CONTAMINATION,Severe,85.6,87.3
2026-09-01 04:44:20,IN-DELHI-01,31.6,51.1,35.1,1000.4,218.1,0.96,-0.23,10.61,10.65,0.84,0,400,4018,2,23,34.5,4062,1,178.3,0.12,0,0,NORMAL,None,16.4,96.7
2026-09-01 04:44:25,IN-DELHI-01,37.8,18.1,37.8,995.4,260.4,0.91,-0.17,10.71,10.75,0.94,162,1777,4083,0,3,4.5,4095,0,186.3,0.0,0,3,WILDFIRE,Severe,77.4,95.2
2026-09-01 04:44:30,IN-DELHI-01,25.2,67.9,28.0,1000.4,218.0,1.02,-0.15,10.83,10.88,1.07,6,424,1836,80,581,1133.0,3401,23,65.4,-1.7,0,5,WATER_CONTAMINATION,Severe,87.7,85.9
2026-09-01 04:44:35,IN-DELHI-01,26.0,88.3,31.4,987.2,329.8,0.71,-0.31,10.51,10.54,0.73,18,463,1417,95,366,658.8,1242,98,57.6,-15.82,1,1,FLASH_FLOOD,Severe,88.5,90.9
2026-09-01 04:44:40,IN-DELHI-01,27.9,59.3,30.8,1002.7,199.2,0.96,-0.19,10.81,10.85,1.04,3,410,4004,3,16,24.0,4052,1,180.9,-0.15,0,0,NORMAL,None,7.4,95.3
2026-09-01 04:44:45,IN-DELHI-01,26.1,54.8,27.8,1000.8,215.0,1.09,-0.17,10.83,10.89,1.08,2,407,4040,1,28,42.0,4068,0,171.1,-0.05,0,0,NORMAL,None,3.7,98.3
2026-09-01 04:44:50,IN-DELHI-01,27.2,49.3,28.8,1000.7,215.4,1.08,-0.22,10.6,10.65,0.84,13,445,4090,0,1,1.5,4056,1,189.4,0.09,0,0,NORMAL,None,10.0,96.5
2026-09-01 04:44:55,IN-DELHI-01,19.3,88.0,21.5,992.5,284.8,5.44,1.42,12.59,13.79,3.98,7,424,1313,99,241,385.6,1313,96,144.0,-4.95,0,2,LANDSLIDE_PRECURSOR,Extreme,88.6,96.0
2026-09-01 04:45:00,IN-DELHI-01,33.3,54.6,38.2,1000.7,215.7,1.03,-0.06,10.82,10.87,1.06,0,400,4095,0,10,15.0,4049,1,187.1,-0.19,0,0,NORMAL,None,17.5,98.3
2026-09-01 04:45:05,IN-DELHI-01,25.8,47.2,26.6,1002.0,205.2,1.05,-0.24,10.73,10.79,0.98,9,431,4054,1,7,10.5,4040,1,181.5,0.0,0,0,NORMAL,None,11.2,92.2
2026-09-01 04:45:10,IN-DELHI-01,21.6,92.2,25.1,994.2,270.4,-3.18,-2.98,11.13,11.96,2.15,17,459,1326,99,274,438.4,1591,86,132.4,-4.4,0,2,LANDSLIDE_PRECURSOR,Extreme,88.0,91.2
2026-09-01 04:45:15,IN-DELHI-01,41.0,22.6,42.5,996.7,249.3,1.0,-0.15,10.85,10.9,1.09,152,1692,4075,0,0,0.0,4095,0,192.2,0.0,0,3,WILDFIRE,Severe,88.7,93.2
2026-09-01 04:45:20,IN-DELHI-01,27.4,57.0,29.9,998.9,231.2,1.04,-0.17,10.63,10.68,0.87,3,410,4049,1,9,13.5,4045,1,173.0,-0.02,0,0,NORMAL,None,13.3,96.7
2026-09-01 04:45:25,IN-DELHI-01,23.8,57.7,25.1,1001.6,208.3,1.19,-0.15,10.92,10.98,1.17,2,407,4057,1,3,4.5,4074,0,182.0,0.24,0,0,NORMAL,None,16.7,95.8
2026-09-01 04:45:30,IN-DELHI-01,25.8,46.3,26.5,1000.6,216.9,1.02,-0.19,10.62,10.67,0.86,0,400,4039,2,12,18.0,4095,0,186.5,0.08,0,0,NORMAL,None,9.5,97.5
2026-09-01 04:45:35,IN-DELHI-01,26.3,60.4,28.8,1001.9,205.6,1.19,-0.22,10.68,10.74,0.93,2,407,4081,0,6,9.0,4070,0,181.4,0.31,0,0,NORMAL,None,14.8,95.1
2026-09-01 04:45:40,IN-DELHI-01,28.3,61.2,31.7,1005.5,175.7,1.04,-0.28,10.65,10.71,0.9,236,3232,3989,3,26,39.0,4057,1,179.3,0.0,0,4,HAZARDOUS_AIR_POLLUTION,Extreme,99.0,90.2
2026-09-01 04:45:45,IN-DELHI-01,24.8,95.3,30.3,987.1,330.4,1.19,-0.32,10.56,10.63,0.82,4,414,1367,97,338,608.4,1194,100,63.5,-10.74,0,1,FLASH_FLOOD,Severe,87.3,95.7
2026-09-01 04:45:50,IN-DELHI-01,25.7,55.4,27.4,997.8,239.9,1.08,-0.27,10.63,10.69,0.88,5,417,4059,1,0,0.0,4072,0,187.8,-0.18,0,0,NORMAL,None,17.5,93.7
2026-09-01 04:45:55,IN-DELHI-01,24.0,74.0,26.9,999.2,228.7,1.05,-0.11,10.66,10.71,0.9,42,568,2154,69,588,1146.6,3780,10,75.5,-2.32,1,5,WATER_CONTAMINATION,Severe,87.9,87.2
2026-09-01 04:46:00,IN-DELHI-01,26.4,46.4,27.3,1001.0,213.6,1.02,-0.15,10.79,10.84,1.03,0,400,4094,0,17,25.5,4058,1,184.4,0.18,0,0,NORMAL,None,16.5,92.0
2026-09-01 04:46:05,IN-DELHI-01,20.6,96.8,24.0,991.9,289.9,-4.92,-2.34,11.14,12.4,2.59,9,431,1292,100,178,284.8,1675,83,159.9,-4.07,0,2,LANDSLIDE_PRECURSOR,Extreme,96.8,86.1
2026-09-01 04:46:10,IN-DELHI-01,27.4,77.9,32.3,1005.6,174.3,1.0,-0.19,10.63,10.68,0.87,98,1576,3919,6,1,1.5,4076,0,181.4,0.0,0,4,HAZARDOUS_AIR_POLLUTION,Severe,83.8,91.9
2026-09-01 04:46:15,IN-DELHI-01,24.2,87.7,28.5,984.7,350.5,1.24,-0.05,10.82,10.89,1.08,5,417,1321,99,310,558.0,1179,100,48.3,-6.62,1,1,FLASH_FLOOD,Severe,90.3,90.8
2026-09-01 04:46:20,IN-DELHI-01,22.7,94.7,26.9,993.8,273.5,5.94,1.26,9.0,10.85,1.04,11,438,1384,96,237,379.2,1515,89,127.1,-2.89,0,2,LANDSLIDE_PRECURSOR,Extreme,96.5,95.1
2026-09-01 04:46:25,IN-DELHI-01,39.7,19.5,40.0,994.0,272.1,1.03,-0.21,10.79,10.84,1.03,83,1105,4076,0,5,7.5,4095,0,190.1,0.0,1,3,WILDFIRE,Severe,83.9,95.3
2026-09-01 04:46:30,IN-DELHI-01,40.9,14.5,40.9,996.2,253.6,1.06,-0.06,10.99,11.04,1.23,147,1649,4072,0,7,10.5,4095,0,185.5,0.0,0,3,WILDFIRE,Severe,88.1,97.7
2026-09-01 04:46:35,IN-DELHI-01,27.1,63.7,30.3,1006.6,166.2,0.99,-0.15,10.86,10.91,1.1,190,2680,4067,1,15,22.5,4063,1,176.7,0.0,0,4,HAZARDOUS_AIR_POLLUTION,Extreme,94.8,95.0
2026-09-01 04:46:40,IN-DELHI-01,21.9,92.5,25.6,991.8,290.4,1.03,-0.09,10.61,10.66,0.85,14,449,1289,100,362,651.6,1239,98,35.0,-11.35,1,1,FLASH_FLOOD,Severe,93.0,92.6
2026-09-01 04:46:45,IN-DELHI-01,26.9,70.4,30.7,1002.0,205.0,1.16,-0.19,10.68,10.74,0.93,20,480,1580,89,406,791.7,3026,36,83.9,-0.78,0,5,WATER_CONTAMINATION,Severe,80.8,87.1
2026-09-01 04:46:50,IN-DELHI-01,25.6,54.3,27.1,1001.2,211.7,1.04,-0.14,10.79,10.84,1.03,0,400,4095,0,15,22.5,4069,0,192.3,-0.02,0,0,NORMAL,None,14.8,98.7
2026-09-01 04:46:55,IN-DELHI-01,24.9,90.2,29.9,986.0,339.4,0.99,-0.21,10.4,10.45,0.64,17,459,1371,97,386,694.8,1223,99,15.0,-10.09,0,1,FLASH_FLOOD,Extreme,97.0,97.2
2026-09-01 04:47:00,IN-DELHI-01,22.5,57.4,23.2,1004.2,186.2,1.09,-0.2,10.71,10.77,0.96,117,1804,3926,6,18,27.0,4028,2,189.4,0.0,0,4,HAZARDOUS_AIR_POLLUTION,Severe,86.0,97.3
2026-09-01 04:47:05,IN-DELHI-01,29.7,53.6,32.8,1001.2,211.4,1.02,-0.2,10.95,11.0,1.19,1,403,4033,2,15,22.5,4075,0,180.7,-0.04,0,0,NORMAL,None,15.2,98.3
2026-09-01 04:47:10,IN-DELHI-01,42.8,13.6,42.8,998.0,238.4,1.08,-0.14,10.68,10.73,0.92,78,1063,4086,0,9,13.5,4095,0,193.2,0.0,0,3,WILDFIRE,Extreme,94.8,89.5
2026-09-01 04:47:15,IN-DELHI-01,44.5,15.3,44.8,998.6,233.2,1.05,-0.17,10.83,10.88,1.07,82,1097,4083,0,9,13.5,4095,0,186.0,0.0,0,3,WILDFIRE,Extreme,98.0,93.6
2026-09-01 04:47:20,IN-DELHI-01,24.6,63.4,26.7,999.2,228.4,1.06,-0.2,10.86,10.91,1.1,36,544,1795,82,572,1115.4,3146,32,42.9,-0.87,1,5,WATER_CONTAMINATION,Severe,87.3,91.6
2026-09-01 04:47:25,IN-DELHI-01,22.5,94.8,26.7,984.8,349.5,1.15,-0.32,10.47,10.54,0.73,15,452,1359,97,378,680.4,1269,97,36.3,-16.03,0,1,FLASH_FLOOD,Severe,92.7,89.1
2026-09-01 04:47:30,IN-DELHI-01,28.3,54.5,30.8,1000.6,216.7,0.93,-0.25,10.59,10.63,0.82,1,403,4062,1,1,1.5,4064,1,187.6,-0.14,0,0,NORMAL,None,14.7,97.1
2026-09-01 04:47:35,IN-DELHI-01,24.4,94.2,29.5,987.8,324.4,1.09,-0.13,10.73,10.79,0.98,16,456,1348,98,297,534.6,1330,95,66.2,-14.94,0,1,FLASH_FLOOD,Severe,86.8,88.8
2026-09-01 04:47:40,IN-DELHI-01,27.7,53.9,29.9,1000.6,216.3,1.0,-0.15,10.52,10.57,0.76,0,400,4095,0,9,13.5,4051,1,181.0,0.25,0,0,NORMAL,None,16.7,98.3
2026-09-01 04:47:45,IN-DELHI-01,24.2,66.9,26.5,1001.3,210.8,1.09,-0.09,10.71,10.77,0.96,22,488,1713,85,669,1304.5,3011,37,113.3,-2.21,0,5,WATER_CONTAMINATION,Severe,91.1,85.3
2026-09-01 04:47:50,IN-DELHI-01,24.7,59.3,26.4,1004.5,183.4,1.09,-0.13,10.79,10.84,1.03,255,3460,3958,4,1,1.5,4045,1,186.3,0.0,0,4,HAZARDOUS_AIR_POLLUTION,Extreme,99.0,98.1
2026-09-01 04:47:55,IN-DELHI-01,43.2,21.3,44.9,996.1,254.5,0.99,-0.3,10.61,10.66,0.85,116,1386,4094,0,0,0.0,4095,0,190.9,0.0,0,3,WILDFIRE,Extreme,96.1,92.9
2026-09-01 04:48:00,IN-DELHI-01,23.1,91.5,27.2,990.0,305.9,1.05,-0.16,10.86,10.91,1.1,15,452,1292,100,348,626.4,1174,100,44.7,-8.95,1,1,FLASH_FLOOD,Severe,91.1,96.9
2026-09-01 04:48:05,IN-DELHI-01,24.8,68.3,27.4,996.9,247.9,0.99,-0.27,10.78,10.83,1.02,24,496,1807,81,618,1205.1,3425,23,61.7,-2.55,0,5,WATER_CONTAMINATION,Severe,89.1,85.8
2026-09-01 04:48:10,IN-DELHI-01,30.3,47.9,32.7,1000.3,219.4,1.06,-0.16,10.72,10.77,0.96,0,400,4083,0,4,6.0,4065,1,179.3,0.26,0,0,NORMAL,None,12.5,93.0
2026-09-01 04:48:15,IN-DELHI-01,30.4,60.3,34.7,1004.7,181.9,0.98,-0.21,10.73,10.77,0.96,169,2428,3990,3,8,12.0,4081,0,186.1,0.0,0,4,HAZARDOUS_AIR_POLLUTION,Severe,92.3,92.0
2026-09-01 04:48:20,IN-DELHI-01,42.5,16.7,42.8,994.5,268.1,1.1,-0.08,10.86,10.92,1.11,184,1964,4083,0,6,9.0,4095,0,183.9,0.0,0,3,WILDFIRE,Extreme,93.7,91.8
2026-09-01 04:48:25,IN-DELHI-01,26.0,55.9,27.8,1007.3,160.5,1.04,-0.21,10.83,10.88,1.07,213,2956,3964,4,15,22.5,4086,0,176.9,0.0,0,4,HAZARDOUS_AIR_POLLUTION,Extreme,97.6,98.4
2026-09-01 04:48:30,IN-DELHI-01,20.4,88.2,23.0,993.7,274.5,3.46,0.99,9.47,10.13,0.32,6,421,1240,100,237,379.2,1675,83,123.0,-2.88,1,2,LANDSLIDE_PRECURSOR,Extreme,89.7,88.7
2026-09-01 04:48:35,IN-DELHI-01,26.2,53.4,27.9,1000.2,219.8,1.07,-0.12,10.8,10.86,1.05,1,403,4023,2,11,16.5,4072,0,184.9,-0.1,1,0,NORMAL,None,13.6,98.4
2026-09-01 04:48:40,IN-DELHI-01,22.9,97.8,27.6,986.8,333.2,1.07,-0.2,10.91,10.97,1.16,10,435,1385,96,316,568.8,1092,100,73.7,-12.94,0,1,FLASH_FLOOD,Severe,85.3,96.4
2026-09-01 04:48:45,IN-DELHI-01,21.3,95.0,24.8,986.4,336.4,1.24,-0.2,10.93,11.0,1.19,12,442,1312,99,354,637.2,1199,100,43.2,-15.53,1,1,FLASH_FLOOD,Severe,91.4,93.3
2026-09-01 04:48:50,IN-DELHI-01,23.8,93.8,28.6,984.8,349.9,1.28,-0.24,10.89,10.97,1.16,4,414,1298,100,272,489.6,1231,98,27.2,-16.01,1,1,FLASH_FLOOD,Extreme,94.6,88.3
2026-09-01 04:48:55,IN-DELHI-01,28.1,55.8,30.8,1002.1,203.6,1.14,-0.23,10.67,10.73,0.92,153,2236,3968,4,19,28.5,4048,1,186.8,0.0,0,4,HAZARDOUS_AIR_POLLUTION,Severe,90.4,93.6
2026-09-01 04:49:00,IN-DELHI-01,29.6,46.4,31.5,999.1,229.5,1.11,-0.09,10.72,10.77,0.96,0,400,4023,2,4,6.0,4069,0,185.8,0.3,0,0,NORMAL,None,15.1,98.0
2026-09-01 04:49:05,IN-DELHI-01,28.2,54.6,30.7,1002.5,200.4,1.05,-0.19,10.9,10.95,1.14,21,473,4034,2,4,6.0,4057,1,181.2,-0.18,0,0,NORMAL,None,16.9,95.6
2026-09-01 04:49:10,IN-DELHI-01,43.1,19.6,44.4,994.6,267.4,0.97,-0.15,10.71,10.75,0.94,137,1564,4075,0,1,1.5,4095,0,189.1,0.0,1,3,WILDFIRE,Extreme,96.0,88.2
2026-09-01 04:49:15,IN-DELHI-01,22.4,93.0,26.4,991.0,297.6,1.11,-0.19,10.49,10.55,0.74,5,417,1375,97,325,585.0,1104,100,69.6,-9.96,0,1,FLASH_FLOOD,Severe,86.1,93.6
2026-09-01 04:49:20,IN-DELHI-01,28.1,53.7,30.4,1000.2,220.1,0.98,-0.18,10.72,10.76,0.95,0,400,4023,2,8,12.0,4095,0,182.9,0.13,0,0,NORMAL,None,14.5,96.8
2026-09-01 04:49:25,IN-DELHI-01,38.7,16.1,38.7,999.9,222.6,0.99,-0.21,10.86,10.91,1.1,95,1207,4086,0,2,3.0,4095,0,192.5,0.0,1,3,WILDFIRE,Severe,80.6,96.7
2026-09-01 04:49:30,IN-DELHI-01,22.6,87.3,26.1,988.3,320.4,1.07,-0.05,10.81,10.86,1.05,19,466,1434,95,279,502.2,1256,98,25.7,-14.52,0,1,FLASH_FLOOD,Extreme,94.9,89.0
2026-09-01 04:49:35,IN-DELHI-01,24.0,93.1,28.9,988.9,315.0,1.17,-0.21,11.11,11.18,1.37,11,438,1275,100,386,694.8,1290,96,44.4,-8.81,0,1,FLASH_FLOOD,Severe,91.1,92.7
2026-09-01 04:49:40,IN-DELHI-01,22.9,85.1,26.4,991.4,293.9,-2.43,-2.28,11.23,11.71,1.9,13,445,1303,99,231,369.6,1890,76,106.4,-7.04,0,2,LANDSLIDE_PRECURSOR,Extreme,93.0,94.1
2026-09-01 04:49:45,IN-DELHI-01,27.1,53.7,29.1,1001.2,211.3,1.05,-0.2,10.86,10.92,1.11,1,403,4068,0,9,13.5,4095,0,192.7,-0.01,0,0,NORMAL,None,3.5,96.1
2026-09-01 04:49:50,IN-DELHI-01,23.6,91.7,28.0,986.4,336.4,1.1,-0.1,10.86,10.91,1.1,16,456,1279,100,313,563.4,1380,93,44.9,-16.67,1,1,FLASH_FLOOD,Severe,91.0,92.7
2026-09-01 04:49:55,IN-DELHI-01,42.6,21.3,44.2,997.4,243.2,0.96,-0.19,10.66,10.7,0.89,113,1360,4091,0,6,9.0,4095,0,191.1,0.0,0,3,WILDFIRE,Extreme,94.2,97.4
2026-09-01 04:50:00,IN-DELHI-01,22.6,92.0,26.5,986.2,338.4,1.33,-0.24,10.98,11.06,1.25,11,438,1330,98,357,642.6,1184,100,37.6,-16.83,1,1,FLASH_FLOOD,Severe,92.5,95.4
2026-09-01 04:50:05,IN-DELHI-01,25.1,70.5,28.1,1003.4,193.3,1.01,-0.12,10.73,10.78,0.97,10,440,2047,73,697,1359.1,4095,0,70.4,-2.14,1,5,WATER_CONTAMINATION,Severe,92.2,89.4
2026-09-01 04:50:10,IN-DELHI-01,23.3,92.3,27.6,990.5,302.0,1.36,-0.11,10.82,10.9,1.09,0,400,1332,98,244,439.2,1344,95,15.0,-12.59,0,1,FLASH_FLOOD,Extreme,97.0,90.6
2026-09-01 04:50:15,IN-DELHI-01,26.4,52.9,28.0,1000.4,218.5,0.94,-0.3,10.67,10.71,0.9,9,431,4028,2,6,9.0,4057,1,172.3,-0.11,0,0,NORMAL,None,6.2,95.2
2026-09-01 04:50:20,IN-DELHI-01,32.2,46.6,35.2,1003.1,195.6,1.02,-0.21,10.77,10.82,1.01,5,417,4045,1,17,25.5,4073,0,183.1,-0.08,0,0,NORMAL,None,4.3,98.7
2026-09-01 04:50:25,IN-DELHI-01,30.1,52.6,33.1,999.8,223.7,0.99,-0.24,10.82,10.86,1.05,6,421,4067,1,13,19.5,4063,1,187.6,0.08,0,0,NORMAL,None,4.7,92.9
2026-09-01 04:50:30,IN-DELHI-01,41.5,21.3,42.8,998.5,234.1,1.11,-0.01,10.82,10.88,1.07,69,986,4087,0,0,0.0,4095,0,187.5,0.0,0,3,WILDFIRE,Severe,90.4,88.6
2026-09-01 04:50:35,IN-DELHI-01,22.3,92.9,26.2,990.0,306.2,1.33,-0.37,10.93,11.01,1.2,9,431,1218,100,279,502.2,1221,99,33.0,-17.37,1,1,FLASH_FLOOD,Severe,93.4,96.9
2026-09-01 04:50:40,IN-DELHI-01,26.8,54.7,28.8,1001.0,213.6,1.03,-0.22,10.88,10.93,1.12,1,403,4095,0,10,15.0,4011,2,188.8,0.14,0,0,NORMAL,None,2.7,97.0
2026-09-01 04:50:45,IN-DELHI-01,23.8,67.8,26.0,1004.6,182.8,0.99,-0.18,10.81,10.86,1.05,29,516,1792,82,584,1138.8,2683,48,83.6,-0.25,0,5,WATER_CONTAMINATION,Severe,87.8,88.6
2026-09-01 04:50:50,IN-DELHI-01,23.0,94.6,27.3,984.1,355.9,1.13,0.1,10.41,10.47,0.66,23,480,1276,100,220,396.0,1075,100,55.0,-18.2,1,1,FLASH_FLOOD,Severe,89.0,89.7
2026-09-01 04:50:55,IN-DELHI-01,21.2,89.1,24.2,988.5,318.3,1.19,-0.21,11.16,11.22,1.41,12,442,1364,97,352,633.6,1451,91,63.6,-18.23,1,1,FLASH_FLOOD,Severe,87.3,88.5
2026-09-01 04:51:00,IN-DELHI-01,27.4,52.2,29.3,1000.1,220.9,0.97,-0.03,10.75,10.8,0.99,2,407,4095,0,7,10.5,4045,1,190.0,0.13,0,0,NORMAL,None,16.5,98.7
2026-09-01 04:51:05,IN-DELHI-01,24.5,67.2,27.0,998.1,237.9,1.0,-0.17,10.78,10.83,1.02,43,572,1688,86,618,1205.1,4095,0,61.3,-1.1,0,5,WATER_CONTAMINATION,Severe,89.1,92.5
2026-09-01 04:51:10,IN-DELHI-01,24.4,93.2,29.4,987.2,329.9,0.89,-0.11,10.71,10.75,0.94,9,431,1361,97,197,354.6,1336,95,82.2,-11.17,0,1,FLASH_FLOOD,Severe,83.6,96.6
2026-09-01 04:51:15,IN-DELHI-01,21.4,85.2,24.2,990.6,300.7,6.35,1.28,10.36,12.22,2.41,13,445,1238,100,164,262.4,1567,87,139.6,-5.43,0,2,LANDSLIDE_PRECURSOR,Extreme,87.1,86.8
2026-09-01 04:51:20,IN-DELHI-01,25.4,63.8,27.9,997.0,247.3,1.12,-0.16,10.7,10.76,0.95,15,460,1744,84,696,1357.2,3127,33,83.1,-0.22,0,5,WATER_CONTAMINATION,Severe,92.1,88.0
2026-09-01 04:51:25,IN-DELHI-01,24.6,92.7,29.7,991.4,294.2,0.97,-0.3,11.11,11.16,1.35,13,445,1319,99,321,577.8,1165,100,60.1,-19.19,0,1,FLASH_FLOOD,Severe,88.0,88.5
2026-09-01 04:51:30,IN-DELHI-01,27.1,56.6,29.4,997.9,239.1,1.15,-0.19,10.87,10.93,1.12,5,417,4089,0,10,15.0,4069,0,183.3,0.12,0,0,NORMAL,None,9.7,98.8
2026-09-01 04:51:35,IN-DELHI-01,24.3,71.9,27.2,998.7,232.2,0.85,-0.16,10.87,10.9,1.09,32,528,2016,74,403,785.9,3158,32,100.0,-1.42,0,5,WATER_CONTAMINATION,Severe,80.7,86.1
2026-09-01 04:51:40,IN-DELHI-01,26.3,53.1,28.0,1002.1,204.0,1.15,-0.24,10.89,10.95,1.14,6,421,4040,1,22,33.0,4032,2,168.4,-0.01,0,0,NORMAL,None,10.0,94.6
2026-09-01 04:51:45,IN-DELHI-01,40.5,16.4,40.5,997.2,245.1,1.1,-0.1,10.82,10.88,1.07,95,1207,4095,0,6,9.0,4095,0,190.4,0.0,0,3,WILDFIRE,Severe,86.6,94.3
2026-09-01 04:51:50,IN-DELHI-01,40.6,13.1,40.6,999.2,228.2,1.07,-0.17,10.78,10.84,1.03,141,1598,4076,0,6,9.0,4095,0,185.7,0.0,1,3,WILDFIRE,Severe,87.1,89.4
2026-09-01 04:51:55,IN-DELHI-01,28.1,55.5,30.7,999.7,224.0,1.16,-0.23,10.62,10.68,0.87,2,407,4038,2,3,4.5,4088,0,175.0,-0.04,0,0,NORMAL,None,6.1,97.8
2026-09-01 04:52:00,IN-DELHI-01,44.0,19.5,45.5,997.7,240.7,1.07,-0.18,10.8,10.86,1.05,123,1445,4080,0,2,3.0,4095,0,191.8,0.0,1,3,WILDFIRE,Extreme,98.0,88.1
2026-09-01 04:52:05,IN-DELHI-01,22.0,83.7,24.9,993.7,274.7,-3.82,-2.57,10.82,11.76,1.95,10,435,1177,100,242,387.2,1559,87,115.0,-7.52,1,2,LANDSLIDE_PRECURSOR,Extreme,94.6,94.8
2026-09-01 04:52:10,IN-DELHI-01,23.0,52.9,23.5,1003.5,192.3,1.02,-0.17,10.79,10.84,1.03,0,400,4047,1,14,21.0,4067,0,175.2,0.12,0,0,NORMAL,None,9.0,94.6
2026-09-01 04:52:15,IN-DELHI-01,39.4,14.9,39.4,997.8,240.7,0.94,-0.16,10.68,10.72,0.91,118,1403,4090,0,5,7.5,4095,0,196.8,0.0,0,3,WILDFIRE,Severe,83.0,90.6
2026-09-01 04:52:20,IN-DELHI-01,20.0,86.7,22.3,995.6,258.6,-3.46,-2.92,10.25,11.21,1.4,7,424,1221,100,241,385.6,1537,88,129.8,-5.14,0,2,LANDSLIDE_PRECURSOR,Extreme,87.2,87.3
2026-09-01 04:52:25,IN-DELHI-01,24.7,52.4,25.7,999.6,224.8,1.1,-0.08,10.66,10.71,0.9,3,410,4095,0,25,37.5,4038,1,184.5,-0.03,1,0,NORMAL,None,2.5,97.9
2026-09-01 04:52:30,IN-DELHI-01,17.3,85.6,18.6,995.1,263.0,-3.12,-2.46,12.25,12.88,3.07,16,456,1304,99,214,342.4,1560,87,142.0,-4.68,1,2,LANDSLIDE_PRECURSOR,Extreme,92.2,92.6
2026-09-01 04:52:35,IN-DELHI-01,26.8,50.2,28.2,998.6,233.6,1.08,-0.25,10.55,10.61,0.8,1,403,4030,2,0,0.0,4066,1,187.6,-0.09,0,0,NORMAL,None,9.9,96.2
2026-09-01 04:52:40,IN-DELHI-01,27.6,50.0,29.3,1003.1,195.8,1.1,-0.27,10.54,10.6,0.79,2,407,4066,1,23,34.5,4076,0,174.9,-0.06,0,0,NORMAL,None,13.9,92.9
2026-09-01 04:52:45,IN-DELHI-01,26.8,48.0,28.0,1001.2,211.2,1.13,-0.06,10.71,10.77,0.96,0,400,4003,3,17,25.5,4095,0,196.1,-0.25,0,0,NORMAL,None,16.6,95.8
2026-09-01 04:52:50,IN-DELHI-01,38.6,20.2,38.8,995.4,260.7,1.08,-0.18,10.71,10.77,0.96,119,1411,4095,0,1,1.5,4095,0,190.2,0.0,0,3,WILDFIRE,Severe,80.2,97.6
2026-09-01 04:52:55,IN-DELHI-01,40.6,20.4,41.3,998.2,236.5,1.09,-0.16,10.8,10.85,1.04,109,1326,4081,0,0,0.0,4095,0,187.5,0.0,0,3,WILDFIRE,Severe,87.0,91.6
2026-09-01 04:53:00,IN-DELHI-01,22.5,63.9,23.9,1000.9,213.9,1.06,-0.11,10.77,10.82,1.01,15,460,2017,74,576,1123.2,3173,31,61.9,-0.68,1,5,WATER_CONTAMINATION,Severe,87.5,85.4
2026-09-01 04:53:05,IN-DELHI-01,30.8,54.3,34.3,1002.4,201.3,1.09,-0.17,10.75,10.81,1.0,1,403,4032,2,15,22.5,4059,1,168.5,0.16,0,0,NORMAL,None,10.2,92.2
2026-09-01 04:53:10,IN-DELHI-01,25.1,52.4,26.2,1000.8,214.7,1.16,-0.14,11.11,11.18,1.37,1,403,4058,1,16,24.0,4089,0,176.5,0.06,0,0,NORMAL,None,12.4,97.0
2026-09-01 04:53:15,IN-DELHI-01,22.9,63.3,24.4,1002.6,200.0,1.17,-0.28,10.6,10.66,0.85,15,460,1994,75,646,1259.7,2216,64,67.2,-0.17,0,5,WATER_CONTAMINATION,Severe,90.2,92.9
2026-09-01 04:53:20,IN-DELHI-01,22.9,96.3,27.4,989.8,308.0,1.42,-0.12,10.51,10.6,0.79,11,438,1287,100,394,709.2,1204,99,38.8,-12.61,1,1,FLASH_FLOOD,Severe,92.2,95.9
2026-09-01 04:53:25,IN-DELHI-01,25.8,95.5,31.9,985.6,342.9,1.0,-0.57,10.72,10.78,0.97,11,438,1432,95,240,432.0,1130,100,50.0,-12.79,0,1,FLASH_FLOOD,Severe,90.0,91.2
2026-09-01 04:53:30,IN-DELHI-01,27.0,58.5,29.5,999.6,224.7,0.96,-0.29,10.8,10.85,1.04,1,403,4086,0,16,24.0,4049,1,176.0,-0.06,0,0,NORMAL,None,2.2,96.8
2026-09-01 04:53:35,IN-DELHI-01,20.0,86.0,22.3,990.1,304.8,8.0,3.26,11.98,14.77,4.96,7,424,1298,100,222,355.2,1619,85,86.3,-2.54,0,2,LANDSLIDE_PRECURSOR,Extreme,92.6,90.2
2026-09-01 04:53:40,IN-DELHI-01,25.8,54.9,27.4,1001.2,211.8,1.04,-0.22,10.54,10.59,0.78,12,442,4012,2,11,16.5,4088,0,189.3,-0.03,0,0,NORMAL,None,2.2,94.8
2026-09-01 04:53:45,IN-DELHI-01,21.6,89.6,24.9,984.8,349.9,1.09,-0.17,10.75,10.81,1.0,7,424,1420,95,284,511.2,1239,98,47.4,-9.74,1,1,FLASH_FLOOD,Severe,90.5,90.9
2026-09-01 04:53:50,IN-DELHI-01,22.4,61.5,23.5,1007.1,161.7,1.08,-0.15,10.7,10.76,0.95,195,2740,3973,4,10,15.0,4014,2,172.5,0.0,0,4,HAZARDOUS_AIR_POLLUTION,Extreme,95.4,90.7
2026-09-01 04:53:55,IN-DELHI-01,22.5,80.9,25.5,995.1,262.8,-2.95,-2.12,12.12,12.65,2.84,16,456,1296,100,211,337.6,1622,85,180.0,-3.82,0,2,LANDSLIDE_PRECURSOR,Extreme,88.2,93.0
2026-09-01 04:54:00,IN-DELHI-01,25.1,52.5,26.2,1001.6,208.0,1.07,-0.16,10.73,10.79,0.98,13,445,3986,3,7,10.5,4063,1,186.2,-0.15,0,0,NORMAL,None,12.9,98.8
2026-09-01 04:54:05,IN-DELHI-01,25.1,52.5,26.3,999.8,223.8,1.14,-0.16,10.64,10.71,0.9,23,480,4024,2,4,6.0,4069,0,189.1,-0.13,0,0,NORMAL,None,17.9,98.5
2026-09-01 04:54:10,IN-DELHI-01,25.8,54.1,27.4,999.9,222.6,0.97,-0.19,10.8,10.84,1.03,3,410,4050,1,2,3.0,4042,1,185.4,-0.03,0,0,NORMAL,None,9.6,95.2
2026-09-01 04:54:15,IN-DELHI-01,20.9,88.3,23.7,990.2,304.5,3.5,1.7,11.06,11.72,1.91,12,442,1289,100,149,238.4,1586,86,102.2,-5.3,0,2,LANDSLIDE_PRECURSOR,Extreme,90.2,90.3
2026-09-01 04:54:20,IN-DELHI-01,24.9,71.4,28.0,1000.6,217.1,1.09,-0.13,10.73,10.78,0.97,22,488,2180,68,575,1121.2,3054,35,85.4,-1.76,1,5,WATER_CONTAMINATION,Severe,87.4,91.4
2026-09-01 04:54:25,IN-DELHI-01,23.1,94.6,27.5,990.2,304.7,1.11,-0.38,10.85,10.92,1.11,14,449,1305,99,360,648.0,1265,97,35.4,-9.52,0,1,FLASH_FLOOD,Severe,92.9,95.8
2026-09-01 04:54:30,IN-DELHI-01,22.4,86.8,25.9,988.3,320.3,4.39,1.04,10.06,11.02,1.21,18,463,1301,99,197,315.2,1490,89,159.2,-6.34,0,2,LANDSLIDE_PRECURSOR,Extreme,96.2,88.4
2026-09-01 04:54:35,IN-DELHI-01,27.0,51.7,28.7,1001.9,205.6,1.14,-0.08,10.47,10.54,0.73,4,414,4044,1,0,0.0,4069,0,174.1,-0.18,0,0,NORMAL,None,14.9,95.0
2026-09-01 04:54:40,IN-DELHI-01,23.4,96.4,28.1,984.3,353.8,1.17,-0.05,10.92,10.98,1.17,23,480,1365,97,320,576.0,1249,98,83.0,-11.59,0,1,FLASH_FLOOD,Severe,83.4,91.8
2026-09-01 04:54:45,IN-DELHI-01,27.2,52.2,29.1,1000.5,217.1,0.9,-0.17,10.65,10.69,0.88,3,410,4028,2,0,0.0,4028,2,193.9,0.22,0,0,NORMAL,None,7.5,93.0
2026-09-01 04:54:50,IN-DELHI-01,24.2,64.8,26.3,1000.0,221.3,1.06,-0.23,10.75,10.81,1.0,15,460,1990,75,487,949.6,3048,36,79.2,-1.29,0,5,WATER_CONTAMINATION,Severe,84.0,93.9
2026-09-01 04:54:55,IN-DELHI-01,23.5,92.2,28.0,993.3,278.1,6.73,2.06,10.39,12.55,2.74,17,459,1287,100,193,308.8,1856,77,136.3,-0.82,0,2,LANDSLIDE_PRECURSOR,Extreme,85.6,90.6
2026-09-01 04:55:00,IN-DELHI-01,25.9,71.6,29.4,1000.3,219.5,0.98,-0.14,10.72,10.76,0.95,28,512,1733,84,721,1406.0,2891,41,71.3,-2.8,0,5,WATER_CONTAMINATION,Severe,93.1,86.0
2026-09-01 04:55:05,IN-DELHI-01,28.3,55.1,31.0,1000.8,215.0,1.15,-0.27,10.77,10.84,1.03,1,403,4095,0,15,22.5,4084,0,183.6,0.02,0,0,NORMAL,None,12.2,95.2
2026-09-01 04:55:10,IN-DELHI-01,27.0,56.2,29.2,999.2,228.6,1.0,-0.21,10.61,10.66,0.85,3,410,4083,0,23,34.5,4053,1,177.1,0.07,0,0,NORMAL,None,9.1,94.8
2026-09-01 04:55:15,IN-DELHI-01,26.7,53.4,28.4,1000.1,221.0,0.94,-0.26,10.83,10.88,1.07,1,403,4047,1,17,25.5,4056,1,184.6,-0.01,1,0,NORMAL,None,11.6,97.6
2026-09-01 04:55:20,IN-DELHI-01,27.3,58.7,29.9,1000.8,215.3,0.98,-0.23,10.97,11.02,1.21,1,403,3994,3,20,30.0,4092,0,186.6,-0.13,0,0,NORMAL,None,7.4,98.7
2026-09-01 04:55:25,IN-DELHI-01,24.2,95.8,29.3,987.6,326.5,1.01,-0.35,10.79,10.85,1.04,16,456,1355,98,317,570.6,1373,94,52.1,-17.68,1,1,FLASH_FLOOD,Severe,89.6,92.3
2026-09-01 04:55:30,IN-DELHI-01,27.4,55.3,29.7,999.5,225.5,1.12,-0.17,10.79,10.85,1.04,9,431,4064,1,10,15.0,4067,0,180.0,0.18,0,0,NORMAL,None,7.7,92.6
2026-09-01 04:55:35,IN-DELHI-01,25.3,51.1,26.3,1000.7,215.7,1.1,-0.2,10.65,10.71,0.9,2,407,4040,1,4,6.0,4077,0,185.3,0.23,0,0,NORMAL,None,6.3,97.6
2026-09-01 04:55:40,IN-DELHI-01,23.0,90.7,27.1,993.1,280.1,4.98,1.74,11.21,12.39,2.58,19,466,1233,100,167,267.2,1680,83,108.8,-2.05,0,2,LANDSLIDE_PRECURSOR,Extreme,94.0,87.5
2026-09-01 04:55:45,IN-DELHI-01,27.6,49.2,29.2,1002.3,202.6,1.07,-0.28,10.71,10.77,0.96,4,414,3965,4,0,0.0,4050,1,184.2,-0.04,0,0,NORMAL,None,12.2,92.4
2026-09-01 04:55:50,IN-DELHI-01,21.5,88.1,24.6,988.6,317.6,4.77,1.31,10.95,12.01,2.2,13,445,1316,99,177,283.2,1555,87,128.1,-5.38,0,2,LANDSLIDE_PRECURSOR,Extreme,94.8,90.1
2026-09-01 04:55:55,IN-DELHI-01,28.6,49.0,30.5,999.1,229.1,1.11,-0.19,10.83,10.89,1.08,1,403,4048,1,0,0.0,4081,0,178.9,0.12,0,0,NORMAL,None,6.1,95.4
2026-09-01 04:56:00,IN-DELHI-01,25.0,71.6,28.1,1000.6,216.9,1.14,-0.16,10.72,10.78,0.97,25,500,2078,72,536,1045.2,3157,32,64.0,-1.82,1,5,WATER_CONTAMINATION,Severe,85.9,94.0
2026-09-01 04:56:05,IN-DELHI-01,25.4,66.4,28.1,1005.4,176.2,1.04,-0.15,10.73,10.78,0.97,168,2416,3899,7,11,16.5,4029,2,175.3,0.0,0,4,HAZARDOUS_AIR_POLLUTION,Severe,92.2,90.3
2026-09-01 04:56:10,IN-DELHI-01,43.3,14.1,43.3,999.1,229.5,1.08,-0.35,10.78,10.84,1.03,75,1037,4084,0,2,3.0,4095,0,190.2,0.0,0,3,WILDFIRE,Extreme,96.5,88.7
2026-09-01 04:56:15,IN-DELHI-01,23.5,96.1,28.4,986.2,338.0,1.18,-0.31,11.04,11.11,1.3,19,466,1245,100,309,556.2,1288,96,54.5,-8.86,1,1,FLASH_FLOOD,Severe,89.1,93.7
2026-09-01 04:56:20,IN-DELHI-01,27.8,49.8,29.6,999.9,222.4,1.1,-0.21,10.71,10.77,0.96,0,400,4058,1,7,10.5,4049,1,188.4,0.07,0,0,NORMAL,None,3.6,93.9
2026-09-01 04:56:25,IN-DELHI-01,40.6,13.6,40.6,997.8,239.8,1.06,-0.17,10.81,10.86,1.05,109,1326,4078,0,12,18.0,4095,0,185.3,0.0,0,3,WILDFIRE,Severe,87.2,87.6
2026-09-01 04:56:30,IN-DELHI-01,42.0,18.1,42.5,998.8,232.1,1.13,-0.19,10.76,10.82,1.01,65,952,4091,0,3,4.5,4095,0,186.3,0.0,0,3,WILDFIRE,Severe,91.9,93.9
2026-09-01 04:56:35,IN-DELHI-01,23.0,93.0,27.3,991.7,292.0,-1.41,-3.01,10.17,10.7,0.89,16,456,1230,100,217,347.2,1743,81,80.0,-5.13,0,2,LANDSLIDE_PRECURSOR,Extreme,97.0,95.5
2026-09-01 04:56:40,IN-DELHI-01,45.3,20.8,47.6,996.9,248.1,0.98,-0.25,10.62,10.67,0.86,122,1437,4076,0,0,0.0,4095,0,188.2,0.0,0,3,WILDFIRE,Extreme,98.0,97.2
2026-09-01 04:56:45,IN-DELHI-01,23.4,48.7,23.6,999.4,226.6,1.1,-0.22,10.94,11.0,1.19,2,407,3986,3,8,12.0,4050,1,178.6,0.02,1,0,NORMAL,None,7.0,94.2
2026-09-01 04:56:50,IN-DELHI-01,29.8,56.2,33.2,1002.1,204.3,1.03,-0.17,10.72,10.77,0.96,10,435,4067,1,2,3.0,4087,0,187.9,0.06,0,0,NORMAL,None,3.7,94.6
2026-09-01 04:56:55,IN-DELHI-01,38.6,17.2,38.6,996.6,250.5,1.14,-0.14,10.81,10.87,1.06,85,1122,4095,0,0,0.0,4095,0,186.9,0.0,0,3,WILDFIRE,Severe,80.2,94.1
2026-09-01 04:57:00,IN-DELHI-01,20.5,93.1,23.6,986.5,335.7,1.16,-0.26,10.67,10.73,0.92,17,459,1366,97,306,550.8,1336,95,59.4,-8.88,1,1,FLASH_FLOOD,Severe,88.1,90.5
2026-09-01 04:57:05,IN-DELHI-01,22.9,93.5,27.1,983.1,364.1,1.28,-0.37,10.77,10.85,1.04,5,417,1251,100,256,460.8,1242,98,37.7,-13.03,0,1,FLASH_FLOOD,Severe,92.5,89.6
2026-09-01 04:57:10,IN-DELHI-01,22.2,77.4,24.7,1003.6,191.1,1.01,-0.26,10.9,10.95,1.14,32,528,1674,86,775,1511.2,3360,25,77.8,-0.95,1,5,WATER_CONTAMINATION,Severe,95.2,88.0
2026-09-01 04:57:15,IN-DELHI-01,21.8,51.7,21.9,1004.7,182.1,1.12,-0.16,10.75,10.81,1.0,231,3172,4071,0,14,21.0,4027,2,183.0,0.0,1,4,HAZARDOUS_AIR_POLLUTION,Extreme,99.0,90.5
2026-09-01 04:57:20,IN-DELHI-01,24.6,79.2,28.4,1006.8,164.1,1.17,-0.16,10.63,10.7,0.89,96,1552,4041,1,13,19.5,4061,1,185.7,0.0,0,4,HAZARDOUS_AIR_POLLUTION,Severe,83.5,97.2
2026-09-01 04:57:25,IN-DELHI-01,23.6,95.6,28.4,988.3,320.5,1.22,-0.26,10.88,10.95,1.14,19,466,1354,98,342,615.6,1147,100,75.1,-4.41,0,1,FLASH_FLOOD,Severe,85.0,89.8
2026-09-01 04:57:30,IN-DELHI-01,27.6,52.6,29.6,1002.7,198.6,1.11,-0.31,10.75,10.81,1.0,9,431,4053,1,1,1.5,4087,0,171.9,0.02,0,0,NORMAL,None,8.2,92.9
2026-09-01 04:57:35,IN-DELHI-01,41.2,21.1,42.3,996.6,250.6,1.0,-0.2,10.83,10.88,1.07,140,1590,4082,0,1,1.5,4095,0,184.6,0.0,1,3,WILDFIRE,Severe,89.3,92.2
2026-09-01 04:57:40,IN-DELHI-01,28.1,43.8,29.3,999.6,224.9,1.09,-0.18,11.0,11.05,1.24,4,414,4018,2,9,13.5,4066,1,186.1,0.13,0,0,NORMAL,None,13.0,92.9
2026-09-01 04:57:45,IN-DELHI-01,44.5,21.1,46.6,996.8,248.6,0.97,-0.15,10.7,10.74,0.93,148,1658,4089,0,11,16.5,4095,0,189.3,0.0,0,3,WILDFIRE,Extreme,98.0,96.8
2026-09-01 04:57:50,IN-DELHI-01,26.2,50.6,27.6,999.4,226.4,0.97,-0.14,10.72,10.77,0.96,7,424,4040,1,19,28.5,4027,2,184.6,0.15,0,0,NORMAL,None,6.7,97.8
2026-09-01 04:57:55,IN-DELHI-01,24.2,91.2,28.9,990.7,300.3,6.56,4.68,10.69,13.39,3.58,13,445,1309,99,256,409.6,1586,86,119.3,-6.39,0,2,LANDSLIDE_PRECURSOR,Extreme,98.7,96.4
2026-09-01 04:58:00,IN-DELHI-01,17.4,86.8,18.7,993.7,274.8,-2.89,-0.79,9.47,9.93,0.12,13,445,1256,100,319,510.4,1657,84,151.3,0.24,0,2,LANDSLIDE_PRECURSOR,Extreme,90.5,92.1
2026-09-01 04:58:05,IN-DELHI-01,27.7,55.4,30.1,1001.6,208.2,1.01,-0.19,10.75,10.8,0.99,3,410,3996,3,10,15.0,4051,1,182.4,0.14,0,0,NORMAL,None,16.2,96.7
2026-09-01 04:58:10,IN-DELHI-01,27.7,69.1,31.8,1000.7,215.4,1.02,-0.11,10.8,10.85,1.04,38,552,2178,68,807,1573.6,3439,22,73.8,-1.07,1,5,WATER_CONTAMINATION,Severe,96.0,88.0
2026-09-01 04:58:15,IN-DELHI-01,23.2,70.6,25.4,999.6,225.2,1.07,-0.18,10.86,10.91,1.1,25,500,1708,85,692,1349.4,2902,41,80.7,-1.75,0,5,WATER_CONTAMINATION,Severe,92.0,88.4
2026-09-01 04:58:20,IN-DELHI-01,25.0,92.2,30.2,982.4,369.9,0.96,-0.33,10.52,10.57,0.76,14,449,1310,99,389,700.2,1312,96,21.1,-10.18,1,1,FLASH_FLOOD,Extreme,95.8,91.0
2026-09-01 04:58:25,IN-DELHI-01,24.1,70.6,26.7,1002.5,200.5,0.97,-0.18,10.72,10.76,0.95,25,500,2071,72,531,1035.5,3628,16,83.8,-2.29,0,5,WATER_CONTAMINATION,Severe,85.7,89.2
2026-09-01 04:58:30,IN-DELHI-01,27.2,52.1,29.1,1002.0,204.7,1.09,-0.29,10.71,10.77,0.96,1,403,4040,1,15,22.5,4085,0,178.5,0.26,0,0,NORMAL,None,14.1,96.7
2026-09-01 04:58:35,IN-DELHI-01,27.1,50.1,28.6,1003.5,192.4,0.97,-0.18,10.78,10.82,1.01,8,428,4030,2,13,19.5,4051,1,182.2,0.34,0,0,NORMAL,None,12.9,97.6
2026-09-01 04:58:40,IN-DELHI-01,24.4,67.0,26.8,1003.4,193.0,1.12,-0.17,10.76,10.82,1.01,23,492,1760,83,612,1193.4,3060,35,78.1,-2.02,0,5,WATER_CONTAMINATION,Severe,88.9,88.3
2026-09-01 04:58:45,IN-DELHI-01,22.7,96.6,27.1,990.4,302.5,1.22,-0.02,11.06,11.13,1.32,7,424,1201,100,237,426.6,1229,98,45.4,-15.97,0,1,FLASH_FLOOD,Severe,90.9,95.8
2026-09-01 04:58:50,IN-DELHI-01,24.9,62.2,27.0,1005.2,177.4,1.03,-0.07,10.72,10.77,0.96,133,1996,4010,3,12,18.0,4051,1,185.3,0.0,0,4,HAZARDOUS_AIR_POLLUTION,Severe,88.0,93.3
2026-09-01 04:58:55,IN-DELHI-01,24.9,64.6,27.3,999.5,225.8,1.01,-0.14,10.86,10.91,1.1,23,492,1658,87,640,1248.0,3591,17,73.8,-0.79,0,5,WATER_CONTAMINATION,Severe,90.0,86.6
2026-09-01 04:59:00,IN-DELHI-01,26.2,51.6,27.7,1001.0,213.0,1.02,-0.25,10.86,10.91,1.1,2,407,4023,2,0,0.0,4066,1,194.9,-0.16,0,0,NORMAL,None,9.2,92.9
2026-09-01 04:59:05,IN-DELHI-01,21.7,89.4,25.0,992.4,286.1,-2.89,-0.99,9.09,9.59,0.22,2,407,1231,100,253,404.8,1794,79,118.3,-7.39,0,2,LANDSLIDE_PRECURSOR,Extreme,95.0,89.6
2026-09-01 04:59:10,IN-DELHI-01,24.9,61.3,26.9,999.8,223.1,1.04,-0.09,10.71,10.76,0.95,24,496,1689,86,551,1074.5,3486,21,51.2,-2.01,0,5,WATER_CONTAMINATION,Severe,86.5,91.3
2026-09-01 04:59:15,IN-DELHI-01,31.0,64.8,36.2,1002.6,199.6,1.1,-0.2,10.68,10.74,0.93,181,2572,4010,3,21,31.5,4078,0,180.8,0.0,0,4,HAZARDOUS_AIR_POLLUTION,Extreme,93.7,97.1
2026-09-01 04:59:20,IN-DELHI-01,39.7,12.7,39.7,998.2,236.8,0.97,-0.28,10.6,10.64,0.83,115,1377,4083,0,9,13.5,4095,0,192.4,0.0,0,3,WILDFIRE,Severe,83.8,94.5
2026-09-01 04:59:25,IN-DELHI-01,29.4,48.9,31.7,1001.3,210.5,1.05,-0.23,10.97,11.03,1.22,10,435,4049,1,11,16.5,4072,0,167.3,0.18,0,0,NORMAL,None,12.7,96.0
2026-09-01 04:59:30,IN-DELHI-01,24.5,70.1,27.2,998.5,234.0,1.11,-0.21,10.78,10.84,1.03,17,468,1790,82,733,1429.3,3573,18,71.0,-1.75,0,5,WATER_CONTAMINATION,Severe,93.6,92.7
2026-09-01 04:59:35,IN-DELHI-01,25.2,59.8,27.2,999.4,226.6,1.04,-0.18,10.77,10.82,1.01,25,500,2227,66,679,1324.0,3124,33,99.5,-2.06,0,5,WATER_CONTAMINATION,Severe,91.5,93.5
2026-09-01 04:59:40,IN-DELHI-01,22.8,94.3,27.1,985.2,346.1,0.76,-0.17,10.68,10.71,0.9,8,428,1365,97,281,505.8,1258,97,23.3,-11.23,1,1,FLASH_FLOOD,Extreme,95.3,89.4
2026-09-01 04:59:45,IN-DELHI-01,22.8,92.3,26.9,987.7,325.2,0.94,-0.32,10.8,10.85,1.04,12,442,1297,100,355,639.0,1256,98,54.7,-13.65,1,1,FLASH_FLOOD,Severe,89.1,88.8
2026-09-01 04:59:50,IN-DELHI-01,32.1,59.5,37.1,998.1,237.7,1.08,-0.25,10.85,10.9,1.09,0,400,4060,1,11,16.5,4060,1,177.9,-0.08,0,0,NORMAL,None,16.7,95.5
2026-09-01 04:59:55,IN-DELHI-01,27.5,50.5,29.2,999.9,222.7,1.08,-0.19,10.91,10.96,1.15,1,403,4052,1,20,30.0,4027,2,180.8,-0.14,0,0,NORMAL,None,14.9,95.5
2026-09-01 05:00:00,IN-DELHI-01,44.3,20.7,46.3,996.1,254.7,1.14,-0.19,10.7,10.76,0.95,106,1301,4092,0,9,13.5,4095,0,188.7,0.0,0,3,WILDFIRE,Extreme,98.0,87.5
2026-09-01 05:00:05,IN-DELHI-01,21.5,60.2,22.3,1006.5,167.3,0.98,-0.22,10.86,10.91,1.1,206,2872,3980,4,24,36.0,4089,0,176.4,0.0,0,4,HAZARDOUS_AIR_POLLUTION,Extreme,96.7,95.4
2026-09-01 05:00:10,IN-DELHI-01,22.6,70.7,24.6,1006.2,169.6,1.04,-0.12,10.62,10.67,0.86,19,476,1540,91,502,978.9,3116,33,43.3,-1.68,0,5,WATER_CONTAMINATION,Severe,84.6,89.7
2026-09-01 05:00:15,IN-DELHI-01,39.0,19.5,39.1,995.1,263.1,1.03,-0.06,10.71,10.76,0.95,116,1386,4082,0,6,9.0,4095,0,184.9,0.0,0,3,WILDFIRE,Severe,81.5,90.5
2026-09-01 05:00:20,IN-DELHI-01,23.2,95.9,27.8,988.1,322.4,0.96,-0.02,10.76,10.81,1.0,14,449,1308,99,254,457.2,1159,100,59.0,-19.25,1,1,FLASH_FLOOD,Severe,88.2,88.6
2026-09-01 05:00:25,IN-DELHI-01,23.7,92.6,28.4,990.7,299.9,1.16,-0.2,10.33,10.4,0.59,10,435,1338,98,390,702.0,1270,97,15.0,-9.75,0,1,FLASH_FLOOD,Extreme,97.0,92.7
2026-09-01 05:00:30,IN-DELHI-01,28.2,51.0,30.2,1001.1,212.2,1.12,-0.27,10.81,10.87,1.06,6,421,4048,1,0,0.0,4048,1,174.0,-0.01,0,0,NORMAL,None,4.1,97.8
2026-09-01 05:00:35,IN-DELHI-01,26.2,64.4,29.1,1006.8,164.7,1.1,-0.17,10.6,10.65,0.84,182,2584,3957,4,23,34.5,4059,1,180.6,0.0,0,4,HAZARDOUS_AIR_POLLUTION,Extreme,93.8,92.7
2026-09-01 05:00:40,IN-DELHI-01,27.6,65.0,31.1,1000.4,218.2,1.03,-0.04,10.7,10.75,0.94,13,452,1763,83,723,1409.8,4095,0,43.8,-2.14,0,5,WATER_CONTAMINATION,Severe,93.2,90.5
2026-09-01 05:00:45,IN-DELHI-01,27.8,46.3,29.2,1002.3,202.4,1.1,-0.22,10.57,10.63,0.82,0,400,4050,1,13,19.5,4071,0,189.4,-0.25,0,0,NORMAL,None,17.1,94.8
2026-09-01 05:00:50,IN-DELHI-01,23.6,92.8,28.1,987.1,330.3,0.96,-0.2,10.51,10.55,0.74,7,424,1397,96,286,514.8,1349,94,29.0,-16.55,0,1,FLASH_FLOOD,Extreme,94.2,88.1
2026-09-01 05:00:55,IN-DELHI-01,24.5,74.5,27.7,1000.3,218.9,1.03,-0.2,10.9,10.95,1.14,16,464,2066,72,852,1661.4,3648,15,79.7,-1.54,0,5,WATER_CONTAMINATION,Severe,96.0,88.4
2026-09-01 05:01:00,IN-DELHI-01,22.7,54.2,23.3,1005.7,174.0,1.03,-0.2,10.91,10.96,1.15,187,2644,4037,2,14,21.0,4068,0,172.6,0.0,0,4,HAZARDOUS_AIR_POLLUTION,Extreme,94.4,94.1
2026-09-01 05:01:05,IN-DELHI-01,29.4,58.4,33.0,999.6,225.1,0.91,-0.23,10.55,10.6,0.79,1,403,4047,1,2,3.0,4072,0,179.1,0.1,0,0,NORMAL,None,10.1,95.8
2026-09-01 05:01:10,IN-DELHI-01,22.3,93.2,26.3,986.0,339.5,1.16,-0.11,10.76,10.83,1.02,17,459,1351,98,298,536.4,1182,100,45.4,-12.97,1,1,FLASH_FLOOD,Severe,90.9,90.0
2026-09-01 05:01:15,IN-DELHI-01,30.5,45.6,32.7,1000.9,213.9,1.14,-0.14,10.56,10.63,0.82,3,410,4095,0,14,21.0,4079,0,182.6,0.2,0,0,NORMAL,None,13.3,93.2
2026-09-01 05:01:20,IN-DELHI-01,31.3,50.2,34.5,1003.0,196.7,1.07,-0.11,10.94,10.99,1.18,0,400,4095,0,12,18.0,4062,1,184.1,0.22,0,0,NORMAL,None,11.0,94.0
2026-09-01 05:01:25,IN-DELHI-01,26.0,56.8,27.9,1000.6,217.1,1.08,-0.28,10.89,10.94,1.13,3,410,3981,4,15,22.5,4081,0,174.2,0.08,0,0,NORMAL,None,11.0,94.9
2026-09-01 05:01:30,IN-DELHI-01,26.0,64.9,28.9,1001.2,211.2,0.97,-0.16,10.64,10.69,0.88,34,536,2131,70,532,1037.4,2517,54,96.6,-1.0,0,5,WATER_CONTAMINATION,Severe,85.7,94.5
2026-09-01 05:01:35,IN-DELHI-01,24.5,91.0,29.4,988.6,317.9,1.23,-0.07,10.92,10.99,1.18,4,414,1309,99,308,554.4,1283,97,73.9,-17.3,0,1,FLASH_FLOOD,Severe,85.2,92.9
2026-09-01 05:01:40,IN-DELHI-01,26.0,61.2,28.5,1003.1,195.7,1.0,-0.19,10.9,10.95,1.14,1,403,4078,0,11,16.5,4049,1,173.0,-0.03,0,0,NORMAL,None,2.2,93.8
2026-09-01 05:01:45,IN-DELHI-01,26.9,52.3,28.6,999.6,224.8,1.14,-0.29,10.82,10.89,1.08,6,421,4010,3,8,12.0,4079,0,182.7,0.09,0,0,NORMAL,None,16.0,94.1
2026-09-01 05:01:50,IN-DELHI-01,27.6,54.9,30.0,1000.6,216.5,1.04,-0.12,10.99,11.04,1.23,0,400,4010,3,10,15.0,4084,0,182.9,0.04,0,0,NORMAL,None,14.9,98.0
2026-09-01 05:01:55,IN-DELHI-01,24.2,89.4,28.7,993.7,274.9,-3.71,-3.23,12.61,13.54,3.73,6,421,1365,97,189,302.4,1516,89,127.4,-0.09,0,2,LANDSLIDE_PRECURSOR,Extreme,90.3,89.3
2026-09-01 05:02:00,IN-DELHI-01,22.9,94.1,27.2,986.5,335.4,1.06,-0.38,11.03,11.09,1.28,19,466,1328,98,257,462.6,1325,95,16.7,-14.47,1,1,FLASH_FLOOD,Extreme,96.7,92.0
2026-09-01 05:02:05,IN-DELHI-01,21.9,92.7,25.5,986.4,336.6,1.11,-0.09,11.18,11.24,1.43,15,452,1435,95,340,612.0,1309,96,36.9,-11.79,0,1,FLASH_FLOOD,Severe,92.6,92.9
2026-09-01 05:02:10,IN-DELHI-01,21.6,93.0,25.2,988.2,321.2,1.15,-0.25,11.06,11.12,1.31,24,484,1334,98,317,570.6,1249,98,15.0,-12.71,0,1,FLASH_FLOOD,Extreme,97.0,96.1
2026-09-01 05:02:15,IN-DELHI-01,28.1,52.7,30.4,999.7,224.1,1.07,-0.14,10.91,10.96,1.15,3,410,4095,0,12,18.0,4093,0,181.2,-0.29,0,0,NORMAL,None,14.4,94.4
2026-09-01 05:02:20,IN-DELHI-01,27.4,63.3,30.6,1007.7,157.0,1.13,-0.15,10.76,10.82,1.01,141,2092,3907,6,26,39.0,4051,1,173.2,0.0,0,4,HAZARDOUS_AIR_POLLUTION,Severe,88.9,93.1
2026-09-01 05:02:25,IN-DELHI-01,26.2,59.1,28.5,998.7,232.9,1.05,-0.24,10.82,10.87,1.06,1,403,4060,1,12,18.0,4066,1,173.0,0.08,1,0,NORMAL,None,13.7,92.3
2026-09-01 05:02:30,IN-DELHI-01,20.2,85.8,22.5,992.1,288.6,6.56,2.76,8.83,11.34,1.53,8,428,1228,100,228,364.8,1620,85,124.4,-7.21,0,2,LANDSLIDE_PRECURSOR,Extreme,97.0,90.6
2026-09-01 05:02:35,IN-DELHI-01,26.6,57.7,28.9,1000.3,219.5,1.03,-0.13,10.81,10.86,1.05,4,414,4052,1,18,27.0,4025,2,185.6,0.05,0,0,NORMAL,None,15.1,98.5
2026-09-01 05:02:40,IN-DELHI-01,44.0,14.2,44.0,999.3,227.9,1.09,-0.2,10.94,11.0,1.19,119,1411,4083,0,4,6.0,4095,0,191.5,0.0,0,3,WILDFIRE,Extreme,98.0,94.8
2026-09-01 05:02:45,IN-DELHI-01,43.7,19.9,45.1,997.6,241.5,1.07,-0.17,10.81,10.87,1.06,146,1641,4084,0,4,6.0,4095,0,185.5,0.0,0,3,WILDFIRE,Extreme,97.8,94.1
2026-09-01 05:02:50,IN-DELHI-01,22.9,64.1,24.4,1000.9,214.5,1.08,-0.15,10.85,10.91,1.1,24,496,1769,83,466,908.7,3399,24,86.2,-1.02,0,5,WATER_CONTAMINATION,Severe,83.2,93.7
2026-09-01 05:02:55,IN-DELHI-01,27.3,66.1,30.9,1001.0,213.7,1.02,-0.3,10.7,10.76,0.95,6,424,1639,87,628,1224.6,3564,18,61.2,-2.3,0,5,WATER_CONTAMINATION,Severe,89.5,92.4
2026-09-01 05:03:00,IN-DELHI-01,25.8,45.4,26.4,999.4,226.7,1.09,-0.14,10.86,10.91,1.1,6,421,3991,3,9,13.5,4047,1,185.2,-0.27,0,0,NORMAL,None,5.0,97.2
2026-09-01 05:03:05,IN-DELHI-01,27.2,55.3,29.4,1000.9,214.0,1.09,-0.12,10.66,10.72,0.91,2,407,4071,0,14,21.0,4053,1,183.1,0.01,0,0,NORMAL,None,3.8,93.8
2026-09-01 05:03:10,IN-DELHI-01,29.6,52.6,32.4,1001.2,211.6,1.08,-0.18,10.89,10.95,1.14,0,400,4083,0,8,12.0,4065,1,181.3,-0.02,0,0,NORMAL,None,17.6,95.3
2026-09-01 05:03:15,IN-DELHI-01,23.7,94.0,28.5,993.4,277.4,5.84,2.78,10.48,12.31,2.5,14,449,1291,100,302,483.2,1455,91,113.3,-5.7,0,2,LANDSLIDE_PRECURSOR,Extreme,90.0,94.3
2026-09-01 05:03:20,IN-DELHI-01,29.3,48.5,31.5,999.5,225.6,1.03,-0.13,10.82,10.87,1.06,1,403,4035,2,10,15.0,4092,0,175.0,-0.25,0,0,NORMAL,None,14.7,97.7
2026-09-01 05:03:25,IN-DELHI-01,21.3,90.5,24.5,993.5,276.5,5.12,2.07,11.55,12.81,3.0,5,417,1301,99,306,489.6,1546,88,92.9,-5.2,0,2,LANDSLIDE_PRECURSOR,Extreme,97.1,88.1
2026-09-01 05:03:30,IN-DELHI-01,27.2,52.7,29.1,999.0,230.1,0.98,-0.17,10.73,10.78,0.97,0,400,4095,0,14,21.0,4066,1,185.5,0.12,0,0,NORMAL,None,11.9,93.8
2026-09-01 05:03:35,IN-DELHI-01,42.7,17.2,43.1,996.8,249.1,0.99,-0.15,10.76,10.8,0.99,105,1292,4090,0,4,6.0,4095,0,187.8,0.0,0,3,WILDFIRE,Extreme,94.4,94.5
2026-09-01 05:03:40,IN-DELHI-01,27.4,58.6,30.2,1000.3,219.5,1.04,-0.17,10.92,10.97,1.16,7,424,4058,1,8,12.0,4043,1,177.5,-0.07,0,0,NORMAL,None,16.6,97.4
2026-09-01 05:03:45,IN-DELHI-01,27.5,50.5,29.3,998.8,231.9,1.13,-0.1,10.54,10.6,0.79,5,417,4090,0,12,18.0,4068,0,183.1,0.11,0,0,NORMAL,None,13.6,95.3
2026-09-01 05:03:50,IN-DELHI-01,28.5,49.0,30.5,999.7,224.0,1.17,-0.19,10.68,10.74,0.93,3,410,4070,0,13,19.5,4087,0,174.0,-0.16,0,0,NORMAL,None,10.9,97.2
2026-09-01 05:03:55,IN-DELHI-01,28.0,49.7,29.8,1000.7,215.5,0.95,-0.3,10.87,10.92,1.11,2,407,4017,2,5,7.5,4088,0,179.8,0.05,0,0,NORMAL,None,11.5,95.6
2026-09-01 05:04:00,IN-DELHI-01,27.7,47.1,29.1,1000.5,217.8,1.13,-0.22,10.83,10.89,1.08,8,428,4022,2,3,4.5,4073,0,182.0,-0.09,0,0,NORMAL,None,15.3,97.6
2026-09-01 05:04:05,IN-DELHI-01,22.5,86.6,25.9,995.7,258.1,6.24,2.68,11.65,13.48,3.67,14,449,1294,100,224,358.4,1725,81,107.3,-4.64,1,2,LANDSLIDE_PRECURSOR,Extreme,87.4,93.9
2026-09-01 05:04:10,IN-DELHI-01,42.8,20.7,44.3,996.2,254.0,1.07,-0.16,10.79,10.84,1.03,145,1632,4073,0,17,25.5,4095,0,187.4,0.0,0,3,WILDFIRE,Extreme,94.9,89.2
2026-09-01 05:04:15,IN-DELHI-01,23.9,90.3,28.4,988.1,321.7,1.19,-0.09,10.65,10.72,0.91,13,445,1406,96,402,723.6,1136,100,27.2,-11.58,0,1,FLASH_FLOOD,Extreme,94.6,94.5
2026-09-01 05:04:20,IN-DELHI-01,25.0,50.9,26.0,1003.9,189.0,1.01,-0.27,10.71,10.76,0.95,3,410,4095,0,11,16.5,4083,0,178.6,-0.29,0,0,NORMAL,None,4.6,92.7
2026-09-01 05:04:25,IN-DELHI-01,22.5,97.5,26.9,983.9,357.3,1.23,-0.26,10.82,10.89,1.08,7,424,1336,98,301,541.8,1215,99,27.7,-10.35,1,1,FLASH_FLOOD,Extreme,94.5,92.1
2026-09-01 05:04:30,IN-DELHI-01,43.3,19.6,44.6,997.6,241.7,1.19,-0.1,10.85,10.92,1.11,70,995,4088,0,1,1.5,4095,0,189.2,0.0,0,3,WILDFIRE,Extreme,96.6,87.7
2026-09-01 05:04:35,IN-DELHI-01,24.6,52.6,25.6,1002.0,205.2,1.06,-0.17,10.83,10.89,1.08,12,442,4045,1,4,6.0,4074,0,174.5,0.13,0,0,NORMAL,None,4.4,97.7
2026-09-01 05:04:40,IN-DELHI-01,28.6,46.1,30.2,1000.2,220.1,1.13,-0.16,11.09,11.15,1.34,3,410,4074,0,13,19.5,4066,1,179.4,-0.21,0,0,NORMAL,None,10.9,98.1
2026-09-01 05:04:45,IN-DELHI-01,19.0,88.0,21.0,990.9,298.2,3.75,1.57,11.23,11.95,2.14,16,456,1262,100,221,353.6,1369,94,149.8,-1.77,0,2,LANDSLIDE_PRECURSOR,Extreme,92.4,90.6
2026-09-01 05:04:50,IN-DELHI-01,23.0,91.5,27.1,992.6,284.0,1.18,-0.14,10.55,10.62,0.81,9,431,1361,97,329,592.2,1174,100,15.0,-3.37,1,1,FLASH_FLOOD,Extreme,97.0,90.8
2026-09-01 05:04:55,IN-DELHI-01,24.8,56.1,26.2,1004.2,186.6,0.93,-0.16,10.81,10.85,1.04,118,1816,3917,6,25,37.5,4048,1,176.1,0.0,1,4,HAZARDOUS_AIR_POLLUTION,Severe,86.2,96.2
2026-09-01 05:05:00,IN-DELHI-01,27.7,69.1,31.7,1005.2,177.6,0.92,-0.23,10.64,10.68,0.87,138,2056,4004,3,11,16.5,4067,0,175.1,0.0,0,4,HAZARDOUS_AIR_POLLUTION,Severe,88.6,93.8
2026-09-01 05:05:05,IN-DELHI-01,22.2,91.4,25.9,992.3,286.9,5.06,2.55,10.89,12.27,2.46,8,428,1292,100,217,347.2,1802,79,124.4,-0.9,0,2,LANDSLIDE_PRECURSOR,Extreme,88.2,91.3
2026-09-01 05:05:10,IN-DELHI-01,29.1,54.9,32.1,1002.8,197.7,0.98,-0.18,10.74,10.79,0.98,16,456,4020,2,3,4.5,4092,0,181.3,-0.12,0,0,NORMAL,None,13.6,96.8
2026-09-01 05:05:15,IN-DELHI-01,25.7,54.4,27.2,1000.6,216.4,1.02,-0.17,10.72,10.77,0.96,0,400,4054,1,7,10.5,4061,1,183.4,-0.02,0,0,NORMAL,None,17.4,96.8
2026-09-01 05:05:20,IN-DELHI-01,23.7,90.3,28.0,990.5,301.4,1.08,-0.02,10.95,11.01,1.2,10,435,1399,96,293,527.4,1275,97,15.0,-7.12,0,1,FLASH_FLOOD,Extreme,97.0,90.8
2026-09-01 05:05:25,IN-DELHI-01,25.4,50.5,26.4,1001.5,209.0,1.15,-0.13,11.05,11.11,1.3,5,417,4045,1,18,27.0,4066,1,177.6,-0.16,0,0,NORMAL,None,14.3,96.0
2026-09-01 05:05:30,IN-DELHI-01,24.0,85.3,28.0,990.2,304.4,1.06,-0.05,10.92,10.97,1.16,8,428,1491,93,285,513.0,1201,99,20.5,-11.92,0,1,FLASH_FLOOD,Extreme,95.9,91.1
2026-09-01 05:05:35,IN-DELHI-01,21.7,91.3,25.2,995.0,263.6,-2.57,-2.67,10.47,11.1,1.29,13,445,1327,99,206,329.6,1511,89,120.7,-6.32,0,2,LANDSLIDE_PRECURSOR,Extreme,86.1,90.5
2026-09-01 05:05:40,IN-DELHI-01,42.0,20.1,43.0,997.4,244.0,1.02,-0.29,10.95,11.0,1.19,139,1581,4094,0,2,3.0,4095,0,184.1,0.0,0,3,WILDFIRE,Severe,91.9,87.6
2026-09-01 05:05:45,IN-DELHI-01,27.8,58.5,30.7,1001.1,212.0,1.05,-0.09,10.73,10.78,0.97,2,407,4067,1,13,19.5,4083,0,182.7,0.03,0,0,NORMAL,None,4.6,93.8
2026-09-01 05:05:50,IN-DELHI-01,22.3,90.5,26.0,987.2,329.6,1.05,-0.22,10.42,10.47,0.66,15,452,1390,96,355,639.0,1121,100,37.5,-13.27,0,1,FLASH_FLOOD,Severe,92.5,93.4
2026-09-01 05:05:55,IN-DELHI-01,21.2,90.8,24.3,991.1,296.8,6.8,2.03,12.33,14.23,4.42,8,428,1262,100,274,438.4,1329,95,159.4,-3.56,0,2,LANDSLIDE_PRECURSOR,Extreme,90.7,91.4
2026-09-01 05:06:00,IN-DELHI-01,26.9,56.6,29.1,1007.0,162.5,1.04,-0.11,10.72,10.77,0.96,190,2680,4070,0,13,19.5,4072,0,182.3,0.0,1,4,HAZARDOUS_AIR_POLLUTION,Extreme,94.8,91.5
2026-09-01 05:06:05,IN-DELHI-01,22.1,95.9,26.1,990.3,303.5,4.38,1.4,11.89,12.75,2.94,11,438,1214,100,190,304.0,1736,81,148.6,-3.35,1,2,LANDSLIDE_PRECURSOR,Extreme,88.6,92.1
2026-09-01 05:06:10,IN-DELHI-01,25.4,89.4,30.6,992.6,284.2,3.5,1.31,11.52,12.12,2.31,9,431,1226,100,210,336.0,1426,92,127.5,-1.33,1,2,LANDSLIDE_PRECURSOR,Extreme,96.2,94.4
2026-09-01 05:06:15,IN-DELHI-01,22.4,87.3,25.8,991.6,292.6,-5.61,-3.29,12.25,13.87,4.06,14,449,1258,100,167,267.2,1655,84,166.2,1.88,0,2,LANDSLIDE_PRECURSOR,Extreme,94.0,86.6
2026-09-01 05:06:20,IN-DELHI-01,39.9,17.9,39.9,995.0,263.9,1.06,-0.26,10.76,10.82,1.01,155,1717,4089,0,2,3.0,4095,0,193.0,0.0,0,3,WILDFIRE,Severe,84.6,88.8
2026-09-01 05:06:25,IN-DELHI-01,26.4,65.2,29.5,998.3,236.3,0.99,-0.23,10.72,10.77,0.96,25,500,1973,75,420,819.0,3282,28,30.0,-0.77,1,5,WATER_CONTAMINATION,Severe,81.4,94.7
2026-09-01 05:06:30,IN-DELHI-01,20.7,56.4,20.8,1005.4,175.9,1.01,-0.19,10.8,10.85,1.04,145,2140,3989,3,25,37.5,4032,2,179.0,0.0,1,4,HAZARDOUS_AIR_POLLUTION,Severe,89.4,91.4
2026-09-01 05:06:35,IN-DELHI-01,28.9,53.4,31.5,1000.3,219.5,0.99,-0.23,10.99,11.03,1.22,0,400,4045,1,7,10.5,4063,1,179.6,0.04,0,0,NORMAL,None,15.8,93.2
2026-09-01 05:06:40,IN-DELHI-01,27.0,56.3,29.3,1002.6,200.1,0.86,-0.14,10.75,10.78,0.97,4,414,4089,0,7,10.5,4075,0,181.2,0.11,0,0,NORMAL,None,5.3,92.3
2026-09-01 05:06:45,IN-DELHI-01,24.1,72.3,26.9,1001.9,205.5,1.05,-0.24,10.78,10.84,1.03,19,476,2077,72,686,1337.7,2852,42,65.7,-1.15,0,5,WATER_CONTAMINATION,Severe,91.8,86.8
2026-09-01 05:06:50,IN-DELHI-01,27.5,51.5,29.3,1002.1,204.1,0.96,-0.1,10.88,10.92,1.11,1,403,4095,0,16,24.0,4095,0,178.2,0.14,0,0,NORMAL,None,11.4,93.0
2026-09-01 05:06:55,IN-DELHI-01,26.8,69.6,30.6,1004.6,182.5,1.15,-0.17,10.76,10.82,1.01,18,472,1770,83,513,1000.4,3603,16,66.3,-1.88,0,5,WATER_CONTAMINATION,Severe,85.0,90.0
2026-09-01 05:07:00,IN-DELHI-01,26.7,52.5,28.4,999.9,222.3,1.1,-0.14,10.85,10.9,1.09,4,414,4075,0,15,22.5,4095,0,178.6,0.13,0,0,NORMAL,None,5.9,94.7
2026-09-01 05:07:05,IN-DELHI-01,26.9,49.9,28.3,1000.2,219.9,1.05,-0.19,10.65,10.7,0.89,10,435,4074,0,0,0.0,4057,1,187.3,0.06,0,0,NORMAL,None,2.9,98.9
2026-09-01 05:07:10,IN-DELHI-01,21.6,82.2,24.2,989.1,313.4,6.49,2.7,12.75,14.56,4.75,13,445,1281,100,192,307.2,1545,88,136.4,-5.47,0,2,LANDSLIDE_PRECURSOR,Extreme,94.6,92.4
2026-09-01 05:07:15,IN-DELHI-01,26.2,71.1,29.8,1001.9,205.9,1.18,-0.1,10.78,10.85,1.04,22,488,1563,90,572,1115.4,3453,22,75.8,-0.9,0,5,WATER_CONTAMINATION,Severe,87.3,91.3
2026-09-01 05:07:20,IN-DELHI-01,25.7,47.7,26.5,1001.4,210.2,1.02,-0.23,10.78,10.84,1.03,2,407,4047,1,6,9.0,4092,0,189.1,-0.13,0,0,NORMAL,None,17.2,98.6
2026-09-01 05:07:25,IN-DELHI-01,24.8,66.6,27.3,999.6,224.9,1.02,-0.24,10.7,10.75,0.94,11,444,1878,79,506,986.7,2915,40,45.4,-2.55,0,5,WATER_CONTAMINATION,Severe,84.7,88.0
2026-09-01 05:07:30,IN-DELHI-01,23.7,90.5,28.0,989.5,310.2,1.21,-0.2,10.75,10.82,1.01,9,431,1289,100,391,703.8,1283,97,78.0,-5.42,0,1,FLASH_FLOOD,Severe,84.4,93.9
2026-09-01 05:07:35,IN-DELHI-01,30.3,47.9,32.7,999.6,225.2,1.05,-0.04,10.84,10.9,1.09,2,407,4071,0,12,18.0,4083,0,189.9,0.1,0,0,NORMAL,None,9.4,92.4
2026-09-01 05:07:40,IN-DELHI-01,31.8,46.6,34.6,1000.4,218.5,0.99,-0.12,10.92,10.96,1.15,11,438,4086,0,7,10.5,4044,1,186.0,0.06,0,0,NORMAL,None,16.7,93.0
2026-09-01 05:07:45,IN-DELHI-01,21.5,92.5,24.9,988.8,315.7,0.86,-0.16,10.53,10.57,0.76,13,445,1372,97,338,608.4,1303,96,51.2,-11.11,0,1,FLASH_FLOOD,Severe,89.8,88.8
2026-09-01 05:07:50,IN-DELHI-01,25.8,64.2,28.5,1000.1,220.9,1.0,-0.11,10.68,10.73,0.92,30,520,1926,77,626,1220.7,2658,49,97.4,-1.36,0,5,WATER_CONTAMINATION,Severe,89.4,90.3
2026-09-01 05:07:55,IN-DELHI-01,26.1,52.1,27.6,999.2,228.4,1.06,-0.14,10.64,10.69,0.88,0,400,4013,2,4,6.0,4095,0,178.0,-0.18,1,0,NORMAL,None,5.0,95.5
2026-09-01 05:08:00,IN-DELHI-01,25.1,50.8,26.1,1001.8,206.2,1.1,-0.1,10.72,10.78,0.97,10,435,4077,0,11,16.5,4074,0,165.6,-0.13,0,0,NORMAL,None,17.9,98.2
2026-09-01 05:08:05,IN-DELHI-01,29.9,47.6,32.2,1001.1,212.1,1.08,-0.24,10.94,11.0,1.19,0,400,4028,2,7,10.5,4080,0,184.1,0.18,0,0,NORMAL,None,9.3,94.4
2026-09-01 05:08:10,IN-DELHI-01,22.8,89.7,26.6,990.0,305.8,1.16,-0.35,10.72,10.78,0.97,9,431,1409,96,494,889.2,1309,96,48.2,-12.63,0,1,FLASH_FLOOD,Severe,90.4,89.8
2026-09-01 05:08:15,IN-DELHI-01,39.3,21.5,39.9,995.4,260.2,1.15,-0.18,10.91,10.97,1.16,101,1258,4091,0,6,9.0,4095,0,191.6,0.0,0,3,WILDFIRE,Severe,82.4,87.6
2026-09-01 05:08:20,IN-DELHI-01,28.0,60.1,31.1,1004.0,187.7,1.11,-0.27,10.87,10.93,1.12,212,2944,3903,6,18,27.0,4095,0,187.0,0.0,0,4,HAZARDOUS_AIR_POLLUTION,Extreme,97.4,92.4
2026-09-01 05:08:25,IN-DELHI-01,23.2,89.5,27.2,986.5,335.9,1.09,-0.13,10.91,10.96,1.15,15,452,1408,96,231,415.8,1186,100,36.6,-21.84,0,1,FLASH_FLOOD,Severe,92.7,94.4
2026-09-01 05:08:30,IN-DELHI-01,22.2,89.9,25.8,990.3,303.4,-3.54,-2.76,10.08,11.03,1.22,18,463,1363,97,233,372.8,1575,87,105.1,-2.42,0,2,LANDSLIDE_PRECURSOR,Extreme,85.3,90.2
2026-09-01 05:08:35,IN-DELHI-01,28.7,50.2,30.8,999.1,229.1,1.18,-0.19,10.63,10.7,0.89,1,403,4016,2,9,13.5,4095,0,173.9,-0.01,0,0,NORMAL,None,5.6,97.3
2026-09-01 05:08:40,IN-DELHI-01,24.9,62.0,27.0,1005.0,180.0,0.96,-0.08,10.83,10.87,1.06,233,3196,4009,3,24,36.0,4057,1,185.3,0.0,1,4,HAZARDOUS_AIR_POLLUTION,Extreme,99.0,92.5
2026-09-01 05:08:45,IN-DELHI-01,23.3,94.1,27.9,990.3,303.7,1.27,-0.23,10.9,10.97,1.16,18,463,1375,97,318,572.4,1312,96,73.3,-11.57,0,1,FLASH_FLOOD,Severe,85.3,90.9
2026-09-01 05:08:50,IN-DELHI-01,25.5,88.0,30.6,993.6,275.9,1.12,-0.18,10.68,10.74,0.93,17,459,1279,100,259,466.2,1261,97,25.1,-11.56,0,1,FLASH_FLOOD,Extreme,95.0,94.9
2026-09-01 05:08:55,IN-DELHI-01,24.6,52.3,25.6,1001.7,207.8,1.02,-0.17,10.68,10.73,0.92,1,403,4019,2,10,15.0,4065,1,177.9,-0.17,0,0,NORMAL,None,16.7,97.5
2026-09-01 05:09:00,IN-DELHI-01,27.0,52.1,28.8,999.6,225.3,1.02,-0.17,10.71,10.76,0.95,3,410,4095,0,13,19.5,4051,1,174.7,-0.13,0,0,NORMAL,None,17.9,97.9
2026-09-01 05:09:05,IN-DELHI-01,25.1,48.6,25.8,1002.8,197.9,1.08,-0.1,10.91,10.96,1.15,1,403,4095,0,7,10.5,4068,0,183.8,-0.25,0,0,NORMAL,None,7.2,95.6
2026-09-01 05:09:10,IN-DELHI-01,24.0,90.6,28.6,988.0,323.2,1.22,-0.14,10.91,10.98,1.17,18,463,1405,96,302,543.6,1339,95,32.5,-16.56,0,1,FLASH_FLOOD,Severe,93.5,93.1
2026-09-01 05:09:15,IN-DELHI-01,19.8,89.0,22.2,991.5,293.5,-1.59,-0.91,10.93,11.08,1.27,12,442,1233,100,224,358.4,1600,86,105.4,-4.98,0,2,LANDSLIDE_PRECURSOR,Extreme,90.3,87.5
2026-09-01 05:09:20,IN-DELHI-01,27.6,53.9,29.8,1000.5,217.1,1.06,-0.12,10.72,10.77,0.96,1,403,4050,1,10,15.0,4095,0,184.0,0.16,0,0,NORMAL,None,17.1,96.8
2026-09-01 05:09:25,IN-DELHI-01,25.8,59.9,28.0,999.2,228.8,1.19,-0.09,11.04,11.1,1.29,1,403,4006,3,7,10.5,4042,1,187.6,-0.12,0,0,NORMAL,None,6.6,98.0
2026-09-01 05:09:30,IN-DELHI-01,24.3,93.6,29.3,987.3,328.7,1.22,-0.42,10.79,10.87,1.06,1,403,1340,98,248,446.4,1251,98,42.1,-13.49,1,1,FLASH_FLOOD,Severe,91.6,89.5
2026-09-01 05:09:35,IN-DELHI-01,27.3,53.6,29.4,1002.7,199.2,1.03,-0.2,10.92,10.97,1.16,1,403,4048,1,13,19.5,4086,0,177.8,0.01,0,0,NORMAL,None,10.7,94.7
2026-09-01 05:09:40,IN-DELHI-01,26.6,58.8,29.0,1003.4,193.0,1.02,-0.2,10.63,10.68,0.87,178,2536,3952,5,7,10.5,4059,1,176.9,0.0,0,4,HAZARDOUS_AIR_POLLUTION,Severe,93.4,95.6
2026-09-01 05:09:45,IN-DELHI-01,29.1,54.4,31.9,999.8,223.6,1.15,-0.11,10.84,10.91,1.1,1,403,4031,2,10,15.0,4039,1,194.3,-0.06,0,0,NORMAL,None,3.1,93.7
2026-09-01 05:09:50,IN-DELHI-01,27.8,56.3,30.4,1001.2,211.8,0.9,-0.21,10.9,10.94,1.13,1,403,4042,1,5,7.5,4073,0,192.0,-0.32,0,0,NORMAL,None,14.4,97.7
2026-09-01 05:09:55,IN-DELHI-01,24.2,85.8,28.4,990.6,300.7,1.32,-0.11,10.97,11.05,1.24,11,438,1272,100,236,424.8,1338,95,33.3,-16.37,0,1,FLASH_FLOOD,Severe,93.3,92.9
2026-09-01 05:10:00,IN-DELHI-01,23.8,82.8,27.5,993.8,273.6,-4.11,-2.5,9.2,10.39,0.58,6,421,1304,99,195,312.0,1530,88,118.6,-8.31,0,2,LANDSLIDE_PRECURSOR,Extreme,87.1,92.3
2026-09-01 05:10:05,IN-DELHI-01,26.2,67.4,29.4,1000.1,221.2,1.13,-0.19,10.92,10.98,1.17,21,484,2052,73,550,1072.5,3315,26,46.9,-2.11,0,5,WATER_CONTAMINATION,Severe,86.5,86.5
2026-09-01 05:10:10,IN-DELHI-01,23.1,87.1,26.8,994.0,271.9,3.71,1.17,10.04,10.77,0.96,11,438,1225,100,203,324.8,1724,81,92.5,-4.16,0,2,LANDSLIDE_PRECURSOR,Extreme,92.3,87.1
2026-09-01 05:10:15,IN-DELHI-01,22.8,88.6,26.5,991.7,291.3,1.02,-0.1,10.77,10.82,1.01,4,414,1369,97,267,480.6,1223,99,42.8,-16.22,0,1,FLASH_FLOOD,Severe,91.4,93.7
2026-09-01 05:10:20,IN-DELHI-01,19.9,85.3,22.0,989.9,307.0,7.68,3.13,12.12,14.69,4.88,16,456,1283,100,243,388.8,1241,98,136.7,-3.09,0,2,LANDSLIDE_PRECURSOR,Extreme,93.8,92.5
2026-09-01 05:10:25,IN-DELHI-01,28.7,65.3,32.9,1000.3,219.4,1.06,-0.25,10.67,10.73,0.92,24,496,1841,80,521,1015.9,3444,22,61.7,-1.26,0,5,WATER_CONTAMINATION,Severe,85.3,85.8
2026-09-01 05:10:30,IN-DELHI-01,21.3,86.4,24.2,993.2,278.7,-2.71,-1.91,12.01,12.46,2.65,8,428,1291,100,144,230.4,1791,79,156.0,-5.98,0,2,LANDSLIDE_PRECURSOR,Extreme,89.0,88.9
2026-09-01 05:10:35,IN-DELHI-01,26.0,89.7,31.6,992.3,286.3,-4.01,-4.09,9.71,11.27,1.46,13,445,1379,97,198,316.8,1726,81,162.4,-3.44,0,2,LANDSLIDE_PRECURSOR,Extreme,98.7,88.3
2026-09-01 05:10:40,IN-DELHI-01,25.4,49.8,26.4,1001.6,208.5,1.02,-0.18,10.63,10.68,0.87,1,403,4071,0,3,4.5,4081,0,185.3,0.03,1,0,NORMAL,None,8.9,95.9
2026-09-01 05:10:45,IN-DELHI-01,23.5,64.0,25.3,1007.3,160.5,1.1,-0.2,10.77,10.83,1.02,139,2068,4047,1,15,22.5,4056,1,185.1,0.0,0,4,HAZARDOUS_AIR_POLLUTION,Severe,88.7,98.1
2026-09-01 05:10:50,IN-DELHI-01,27.8,60.7,30.9,999.4,226.8,1.03,-0.22,10.81,10.86,1.05,15,460,1742,84,703,1370.8,3280,28,73.3,-2.62,0,5,WATER_CONTAMINATION,Severe,92.4,94.1
2026-09-01 05:10:55,IN-DELHI-01,42.9,17.0,43.4,998.0,238.1,1.12,-0.17,10.62,10.68,0.87,128,1488,4092,0,1,1.5,4095,0,189.7,0.0,0,3,WILDFIRE,Extreme,95.2,96.5
2026-09-01 05:11:00,IN-DELHI-01,22.6,69.0,24.5,1000.9,213.7,0.96,-0.12,10.73,10.77,0.96,10,440,1704,85,636,1240.2,3015,37,58.3,-1.32,0,5,WATER_CONTAMINATION,Severe,89.8,94.4
2026-09-01 05:11:05,IN-DELHI-01,28.0,61.5,31.2,999.6,225.0,1.13,-0.18,10.73,10.79,0.98,7,424,4006,3,16,24.0,4095,0,195.1,0.05,0,0,NORMAL,None,10.4,95.3
2026-09-01 05:11:10,IN-DELHI-01,30.6,49.9,33.5,1002.2,203.2,0.99,-0.15,10.59,10.64,0.83,0,400,4082,0,13,19.5,4081,0,185.2,-0.02,0,0,NORMAL,None,17.7,94.8
2026-09-01 05:11:15,IN-DELHI-01,24.8,90.0,29.8,986.1,338.8,1.1,-0.41,10.77,10.83,1.02,8,428,1285,100,351,631.8,1192,100,15.0,-15.66,1,1,FLASH_FLOOD,Extreme,97.0,95.2
2026-09-01 05:11:20,IN-DELHI-01,28.4,60.6,31.7,1000.4,218.3,1.13,-0.17,10.78,10.84,1.03,0,400,4053,1,15,22.5,4045,1,172.7,0.23,0,0,NORMAL,None,15.3,96.2
2026-09-01 05:11:25,IN-DELHI-01,26.3,52.3,27.9,1000.6,216.8,1.15,-0.2,10.64,10.7,0.89,5,417,4094,0,9,13.5,4068,0,189.6,0.25,0,0,NORMAL,None,15.7,98.5
2026-09-01 05:11:30,IN-DELHI-01,23.2,91.0,27.3,992.1,287.9,1.02,-0.34,10.67,10.72,0.91,17,459,1264,100,382,687.6,1211,99,38.2,-10.71,1,1,FLASH_FLOOD,Severe,92.4,96.9
2026-09-01 05:11:35,IN-DELHI-01,33.3,59.9,39.1,1006.6,165.8,0.99,-0.27,10.65,10.7,0.89,164,2368,4008,3,16,24.0,4066,1,175.3,0.0,0,4,HAZARDOUS_AIR_POLLUTION,Severe,91.7,94.3
2026-09-01 05:11:40,IN-DELHI-01,29.5,51.2,32.0,1000.0,221.6,1.11,-0.09,10.79,10.85,1.04,4,414,4043,1,1,1.5,4083,0,174.8,0.05,1,0,NORMAL,None,7.5,95.6
2026-09-01 05:11:45,IN-DELHI-01,22.8,91.3,26.8,985.6,343.3,1.21,0.06,10.69,10.76,0.95,11,438,1336,98,406,730.8,1435,91,54.4,-13.33,1,1,FLASH_FLOOD,Severe,89.1,92.5
2026-09-01 05:11:50,IN-DELHI-01,28.0,57.0,30.7,1001.7,207.2,1.1,-0.22,10.52,10.58,0.77,0,400,4091,0,15,22.5,4084,0,192.0,-0.11,0,0,NORMAL,None,17.4,95.6
2026-09-01 05:11:55,IN-DELHI-01,31.5,55.6,35.6,999.0,230.0,0.99,-0.25,10.67,10.72,0.91,4,414,4064,1,13,19.5,4087,0,194.9,-0.01,1,0,NORMAL,None,13.9,95.0
2026-09-01 05:12:00,IN-DELHI-01,31.0,55.5,34.9,999.7,223.9,1.07,-0.15,10.9,10.96,1.15,7,424,4065,1,8,12.0,4054,1,179.5,-0.01,0,0,NORMAL,None,17.0,93.2
2026-09-01 05:12:05,IN-DELHI-01,22.8,91.6,26.8,988.9,315.6,1.35,-0.14,10.53,10.62,0.81,16,456,1398,96,312,561.6,1120,100,54.9,-11.49,0,1,FLASH_FLOOD,Severe,89.0,88.4
2026-09-01 05:12:10,IN-DELHI-01,25.4,93.7,31.0,992.1,288.0,6.75,2.81,11.49,13.62,3.81,8,428,1275,100,234,374.4,1539,88,125.5,0.33,0,2,LANDSLIDE_PRECURSOR,Extreme,94.7,89.8
2026-09-01 05:12:15,IN-DELHI-01,27.5,47.2,28.8,999.9,222.2,1.02,-0.15,10.88,10.92,1.11,2,407,4078,0,21,31.5,4088,0,172.3,0.01,0,0,NORMAL,None,8.9,96.0
2026-09-01 05:12:20,IN-DELHI-01,25.1,61.7,27.2,999.0,230.2,1.06,-0.2,10.88,10.93,1.12,11,444,1886,79,559,1090.0,4095,0,97.7,-2.0,0,5,WATER_CONTAMINATION,Severe,86.8,85.7
2026-09-01 05:12:25,IN-DELHI-01,22.1,94.4,26.1,994.7,266.8,3.78,1.39,10.7,11.43,1.62,10,435,1290,100,179,286.4,1741,81,145.6,-2.64,1,2,LANDSLIDE_PRECURSOR,Extreme,95.7,96.1
2026-09-01 05:12:30,IN-DELHI-01,41.6,22.0,43.1,998.5,234.6,0.95,-0.28,10.76,10.81,1.0,174,1879,4095,0,0,0.0,4095,0,189.4,0.0,0,3,WILDFIRE,Severe,90.7,88.0
2026-09-01 05:12:35,IN-DELHI-01,24.3,50.5,25.0,999.6,225.0,1.06,-0.16,10.77,10.82,1.01,3,410,4037,2,14,21.0,4089,0,177.7,0.02,0,0,NORMAL,None,9.4,93.5
2026-09-01 05:12:40,IN-DELHI-01,26.0,68.7,29.2,1001.2,211.4,1.13,-0.27,10.86,10.93,1.12,19,476,1878,79,613,1195.3,2797,44,60.8,-2.29,0,5,WATER_CONTAMINATION,Severe,88.9,86.6
2026-09-01 05:12:45,IN-DELHI-01,24.1,84.0,28.0,990.1,305.4,3.59,1.37,13.63,14.16,4.35,1,403,1210,100,238,380.8,1757,80,161.9,-7.91,0,2,LANDSLIDE_PRECURSOR,Extreme,97.1,90.8
2026-09-01 05:12:50,IN-DELHI-01,25.8,69.4,29.0,1004.0,188.1,0.95,-0.13,10.84,10.88,1.07,158,2296,4080,0,12,18.0,4048,1,179.9,0.0,0,4,HAZARDOUS_AIR_POLLUTION,Severe,91.0,95.5
2026-09-01 05:12:55,IN-DELHI-01,23.7,94.8,28.6,982.7,367.9,1.27,-0.19,10.99,11.07,1.26,21,473,1160,100,378,680.4,1336,95,28.3,-12.96,1,1,FLASH_FLOOD,Extreme,94.3,93.7
2026-09-01 05:13:00,IN-DELHI-01,28.2,64.7,32.0,1002.5,200.8,1.0,-0.2,10.82,10.87,1.06,104,1648,3934,5,11,16.5,4084,0,186.9,0.0,1,4,HAZARDOUS_AIR_POLLUTION,Severe,84.5,97.3
2026-09-01 05:13:05,IN-DELHI-01,19.9,95.4,22.8,992.1,287.9,5.45,1.9,10.51,11.99,2.18,15,452,1316,99,287,459.2,1729,81,162.5,-1.49,0,2,LANDSLIDE_PRECURSOR,Extreme,86.7,90.5
2026-09-01 05:13:10,IN-DELHI-01,29.7,51.1,32.3,1001.9,205.3,0.98,-0.17,10.65,10.7,0.89,3,410,4065,1,9,13.5,4061,1,180.9,0.31,0,0,NORMAL,None,12.8,92.5
2026-09-01 05:13:15,IN-DELHI-01,22.5,89.5,26.2,985.4,345.0,1.14,-0.19,10.78,10.84,1.03,18,463,1418,95,371,667.8,1226,99,67.9,-10.05,0,1,FLASH_FLOOD,Severe,86.4,97.1
2026-09-01 05:13:20,IN-DELHI-01,30.2,58.4,34.1,998.7,232.9,1.14,-0.17,10.73,10.79,0.98,13,445,4091,0,13,19.5,4069,0,179.6,0.11,0,0,NORMAL,None,16.7,95.2
2026-09-01 05:13:25,IN-DELHI-01,41.9,20.9,43.2,999.2,228.1,0.99,-0.25,11.06,11.11,1.3,158,1743,4078,0,9,13.5,4095,0,188.8,0.0,0,3,WILDFIRE,Severe,91.8,90.7
2026-09-01 05:13:30,IN-DELHI-01,24.4,60.4,26.2,1005.3,177.0,0.87,-0.21,10.87,10.91,1.1,219,3028,3929,5,2,3.0,4095,0,183.6,0.0,1,4,HAZARDOUS_AIR_POLLUTION,Extreme,98.3,97.7
2026-09-01 05:13:35,IN-DELHI-01,21.8,87.8,25.0,989.9,307.0,4.26,1.9,9.82,10.87,1.06,10,435,1324,99,258,412.8,1364,94,117.6,-5.29,0,2,LANDSLIDE_PRECURSOR,Extreme,91.7,87.7
2026-09-01 05:13:40,IN-DELHI-01,25.7,48.4,26.7,1003.5,191.8,1.21,-0.18,10.6,10.67,0.86,1,403,4049,1,7,10.5,4072,0,175.0,0.15,0,0,NORMAL,None,6.5,94.5
2026-09-01 05:13:45,IN-DELHI-01,25.5,74.6,29.1,1003.2,194.9,1.05,-0.15,10.76,10.81,1.0,19,476,2090,71,544,1060.8,3029,36,60.2,-1.04,0,5,WATER_CONTAMINATION,Severe,86.2,85.0
2026-09-01 05:13:50,IN-DELHI-01,21.4,92.6,24.8,987.8,324.5,1.02,-0.17,11.01,11.06,1.25,11,438,1376,97,402,723.6,1115,100,53.0,-12.2,0,1,FLASH_FLOOD,Severe,89.4,93.1
2026-09-01 05:13:55,IN-DELHI-01,28.4,53.9,30.9,1000.3,219.6,1.04,-0.14,10.76,10.81,1.0,4,414,4083,0,0,0.0,4057,1,177.4,0.07,0,0,NORMAL,None,8.9,92.9
2026-09-01 05:14:00,IN-DELHI-01,24.3,74.0,27.3,1001.7,207.6,0.97,-0.15,10.8,10.84,1.03,16,464,2036,73,463,902.9,3696,13,33.3,-0.81,0,5,WATER_CONTAMINATION,Severe,83.1,91.9
2026-09-01 05:14:05,IN-DELHI-01,38.8,16.1,38.8,999.0,230.5,1.07,-0.24,10.84,10.9,1.09,101,1258,4082,0,8,12.0,4095,0,183.4,0.0,0,3,WILDFIRE,Severe,80.8,89.6
2026-09-01 05:14:10,IN-DELHI-01,27.6,46.5,28.9,1000.9,214.2,0.92,-0.24,10.83,10.87,1.06,0,400,4059,1,4,6.0,4066,1,191.6,-0.26,0,0,NORMAL,None,5.7,94.9
2026-09-01 05:14:15,IN-DELHI-01,30.6,62.3,35.2,1006.7,165.6,1.11,-0.12,10.63,10.69,0.88,207,2884,4014,2,0,0.0,3992,3,187.7,0.0,1,4,HAZARDOUS_AIR_POLLUTION,Extreme,96.8,94.5
2026-09-01 05:14:20,IN-DELHI-01,29.7,52.1,32.5,1003.2,194.8,1.04,-0.17,10.59,10.64,0.83,1,403,4063,1,8,12.0,4063,1,168.4,0.08,0,0,NORMAL,None,12.7,97.0
2026-09-01 05:14:25,IN-DELHI-01,25.1,99.0,31.1,988.7,317.0,1.28,-0.42,10.88,10.96,1.15,12,442,1286,100,378,680.4,1221,99,43.2,-14.8,0,1,FLASH_FLOOD,Severe,91.4,91.7
2026-09-01 05:14:30,IN-DELHI-01,22.7,94.6,26.9,986.9,332.5,1.23,-0.12,11.15,11.21,1.4,10,435,1356,97,333,599.4,1241,98,43.1,-15.27,1,1,FLASH_FLOOD,Severe,91.4,94.3
2026-09-01 05:14:35,IN-DELHI-01,28.1,67.5,32.1,1001.4,209.9,1.1,-0.19,10.72,10.78,0.97,0,400,4080,0,15,22.5,4064,1,179.8,-0.06,0,0,NORMAL,None,4.2,94.4
2026-09-01 05:14:40,IN-DELHI-01,30.4,44.8,32.5,1001.1,212.1,1.12,-0.14,10.72,10.78,0.97,1,403,4036,2,4,6.0,4080,0,182.2,0.05,1,0,NORMAL,None,6.2,96.8
2026-09-01 05:14:45,IN-DELHI-01,25.1,58.7,26.9,1008.5,150.0,1.0,-0.15,10.79,10.83,1.02,236,3232,3958,4,11,16.5,4072,0,179.8,0.0,0,4,HAZARDOUS_AIR_POLLUTION,Extreme,99.0,97.5
2026-09-01 05:14:50,IN-DELHI-01,22.4,86.4,25.7,989.5,310.4,1.06,-0.17,10.49,10.54,0.73,14,449,1414,95,282,507.6,1102,100,26.8,-10.8,1,1,FLASH_FLOOD,Extreme,94.6,90.2
2026-09-01 05:14:55,IN-DELHI-01,42.2,19.1,43.0,997.5,242.9,1.17,-0.11,10.63,10.7,0.89,160,1760,4084,0,6,9.0,4095,0,200.0,0.0,0,3,WILDFIRE,Extreme,92.7,90.7
2026-09-01 05:15:00,IN-DELHI-01,25.7,47.8,26.6,1000.6,216.5,0.97,-0.11,10.66,10.71,0.9,1,403,4032,2,7,10.5,4045,1,174.4,0.03,0,0,NORMAL,None,16.6,97.3
2026-09-01 05:15:05,IN-DELHI-01,27.5,52.8,29.5,1003.0,196.4,1.04,-0.2,10.82,10.87,1.06,0,400,4036,2,18,27.0,4055,1,188.3,0.12,0,0,NORMAL,None,2.4,93.0
2026-09-01 05:15:10,IN-DELHI-01,30.0,44.5,31.8,1001.5,208.8,1.12,-0.17,10.75,10.81,1.0,2,407,4072,0,20,30.0,4095,0,192.5,-0.0,0,0,NORMAL,None,7.8,95.2
2026-09-01 05:15:15,IN-DELHI-01,20.5,88.5,23.2,991.2,295.8,3.62,2.24,11.17,11.95,2.14,12,442,1331,98,194,310.4,1494,89,151.7,-3.09,0,2,LANDSLIDE_PRECURSOR,Extreme,92.0,95.6
2026-09-01 05:15:20,IN-DELHI-01,39.2,21.8,39.9,998.2,237.2,0.99,-0.12,10.72,10.76,0.95,110,1335,4090,0,2,3.0,4095,0,193.2,0.0,0,3,WILDFIRE,Severe,82.2,90.7
2026-09-01 05:15:25,IN-DELHI-01,22.6,99.0,27.2,988.1,322.3,1.42,-0.24,11.02,11.11,1.3,16,456,1385,96,382,687.6,1251,98,36.7,-6.84,0,1,FLASH_FLOOD,Severe,92.7,92.0
2026-09-01 05:15:30,IN-DELHI-01,25.1,43.6,25.3,1000.4,218.2,1.17,-0.25,10.92,10.98,1.17,4,414,4002,3,6,9.0,4056,1,179.5,-0.23,0,0,NORMAL,None,2.8,94.3
2026-09-01 05:15:35,IN-DELHI-01,23.0,96.5,27.6,987.2,329.7,1.25,-0.2,10.6,10.68,0.87,11,438,1322,99,360,648.0,1138,100,17.4,-13.68,0,1,FLASH_FLOOD,Extreme,96.5,91.7
2026-09-01 05:15:40,IN-DELHI-01,26.5,43.3,27.1,1001.3,211.1,1.13,-0.21,10.71,10.77,0.96,3,410,3977,4,2,3.0,4095,0,167.3,-0.1,1,0,NORMAL,None,3.6,95.7
2026-09-01 05:15:45,IN-DELHI-01,22.9,93.7,27.2,985.7,342.2,1.13,-0.34,10.6,10.66,0.85,16,456,1383,97,370,666.0,1183,100,70.2,-11.86,0,1,FLASH_FLOOD,Severe,86.0,90.3
2026-09-01 05:15:50,IN-DELHI-01,41.6,18.8,42.2,997.7,241.4,1.02,-0.19,10.83,10.87,1.06,112,1352,4084,0,0,0.0,4095,0,181.2,0.0,0,3,WILDFIRE,Severe,90.6,91.3
2026-09-01 05:15:55,IN-DELHI-01,21.3,98.0,25.2,986.9,332.5,1.03,-0.3,10.67,10.73,0.92,3,410,1402,96,310,558.0,1285,97,40.7,-11.68,0,1,FLASH_FLOOD,Severe,91.9,92.7
2026-09-01 05:16:00,IN-DELHI-01,28.9,47.2,30.7,1000.9,213.9,1.12,-0.2,10.87,10.93,1.12,0,400,4052,1,12,18.0,4095,0,180.4,0.06,0,0,NORMAL,None,13.5,95.9
2026-09-01 05:16:05,IN-DELHI-01,30.2,45.3,32.2,997.1,246.5,1.07,-0.11,10.82,10.87,1.06,13,445,4095,0,0,0.0,4057,1,192.9,-0.08,0,0,NORMAL,None,10.9,97.5
2026-09-01 05:16:10,IN-DELHI-01,43.9,20.2,45.5,994.5,268.5,1.13,-0.19,10.75,10.81,1.0,173,1870,4077,0,9,13.5,4095,0,186.3,0.0,0,3,WILDFIRE,Extreme,98.0,97.2
2026-09-01 05:16:15,IN-DELHI-01,29.3,50.2,31.6,1002.5,200.9,1.07,-0.17,10.9,10.95,1.14,4,414,3988,3,10,15.0,4065,1,180.7,0.07,0,0,NORMAL,None,5.2,96.2
2026-09-01 05:16:20,IN-DELHI-01,22.2,90.0,25.8,990.4,302.3,1.01,-0.27,10.68,10.73,0.92,8,428,1334,98,385,693.0,1309,96,15.0,-11.03,0,1,FLASH_FLOOD,Extreme,97.0,88.9
2026-09-01 05:16:25,IN-DELHI-01,24.0,93.6,28.9,984.3,353.8,1.02,-0.12,10.49,10.54,0.73,19,466,1387,96,326,586.8,1257,98,55.6,-8.23,1,1,FLASH_FLOOD,Severe,88.9,94.2
2026-09-01 05:16:30,IN-DELHI-01,23.9,89.6,28.2,992.4,285.8,-3.52,-1.81,10.13,10.88,1.07,14,449,1266,100,207,331.2,1514,89,84.9,-1.36,0,2,LANDSLIDE_PRECURSOR,Extreme,86.3,87.7
2026-09-01 05:16:35,IN-DELHI-01,18.7,89.9,20.7,993.4,277.0,5.28,1.89,10.67,12.05,2.24,18,463,1286,100,223,356.8,1791,79,137.8,-2.26,0,2,LANDSLIDE_PRECURSOR,Extreme,93.7,88.1
2026-09-01 05:16:40,IN-DELHI-01,25.2,91.1,30.4,985.6,342.8,1.37,-0.6,10.44,10.55,0.74,7,424,1344,98,367,660.6,1126,100,46.6,-9.08,0,1,FLASH_FLOOD,Severe,90.7,88.7
2026-09-01 05:16:45,IN-DELHI-01,23.7,93.5,28.4,985.3,345.3,1.24,-0.21,10.51,10.59,0.78,21,473,1200,100,322,579.6,1273,97,59.4,-13.8,1,1,FLASH_FLOOD,Severe,88.1,95.2
2026-09-01 05:16:50,IN-DELHI-01,24.8,69.1,27.5,1001.1,212.6,1.05,-0.17,10.79,10.84,1.03,7,428,1734,84,653,1273.3,4079,0,78.1,-1.07,0,5,WATER_CONTAMINATION,Severe,90.5,88.7
2026-09-01 05:16:55,IN-DELHI-01,24.9,62.4,27.1,1001.4,210.1,1.04,-0.16,10.74,10.79,0.98,14,456,1881,79,667,1300.6,3414,23,68.1,-1.35,0,5,WATER_CONTAMINATION,Severe,91.0,91.3
2026-09-01 05:17:00,IN-DELHI-01,26.2,58.2,28.3,1000.8,214.9,1.17,-0.15,10.69,10.76,0.95,3,410,4095,0,0,0.0,4050,1,188.4,0.08,0,0,NORMAL,None,3.1,94.9
2026-09-01 05:17:05,IN-DELHI-01,23.1,88.6,27.0,983.8,357.9,1.09,-0.38,10.69,10.76,0.95,10,435,1306,99,325,585.0,1341,95,52.5,-16.05,0,1,FLASH_FLOOD,Severe,89.5,88.8
2026-09-01 05:17:10,IN-DELHI-01,21.7,88.8,24.9,990.8,299.3,1.1,-0.13,10.71,10.77,0.96,19,466,1298,100,304,547.2,1246,98,58.2,-15.82,0,1,FLASH_FLOOD,Severe,88.4,96.0
2026-09-01 05:17:15,IN-DELHI-01,38.0,16.6,38.0,995.5,259.6,1.05,-0.28,10.79,10.85,1.04,108,1318,4095,0,8,12.0,4095,0,186.6,0.0,0,3,WILDFIRE,Severe,78.0,94.2
2026-09-01 05:17:20,IN-DELHI-01,22.9,95.3,27.4,985.9,340.4,1.15,-0.15,10.86,10.92,1.11,26,491,1363,97,253,455.4,1352,94,35.4,-22.03,0,1,FLASH_FLOOD,Severe,92.9,88.9
2026-09-01 05:17:25,IN-DELHI-01,21.3,62.0,22.2,999.9,222.2,1.04,-0.3,10.86,10.91,1.1,13,452,1830,81,777,1515.1,3305,27,83.0,-1.58,1,5,WATER_CONTAMINATION,Severe,95.3,88.7
2026-09-01 05:17:30,IN-DELHI-01,27.6,58.0,30.2,1000.8,214.8,1.0,-0.19,10.6,10.64,0.83,6,421,4045,1,10,15.0,4087,0,185.4,-0.03,0,0,NORMAL,None,3.4,97.3
2026-09-01 05:17:35,IN-DELHI-01,27.0,53.8,28.9,1000.2,220.4,1.14,-0.16,10.8,10.86,1.05,0,400,4055,1,11,16.5,4082,0,171.2,0.29,0,0,NORMAL,None,12.9,98.9
2026-09-01 05:17:40,IN-DELHI-01,23.2,73.2,25.6,1002.9,196.9,1.05,-0.1,10.7,10.75,0.94,20,480,1962,76,452,881.4,4055,1,80.7,-2.24,0,5,WATER_CONTAMINATION,Severe,82.6,90.3
2026-09-01 05:17:45,IN-DELHI-01,23.0,91.8,27.1,982.8,366.6,1.34,-0.1,10.7,10.78,0.97,6,421,1246,100,327,588.6,1209,99,32.2,-13.44,1,1,FLASH_FLOOD,Severe,93.6,90.1
2026-09-01 05:17:50,IN-DELHI-01,29.1,48.7,31.2,1003.4,193.4,1.15,-0.15,10.71,10.78,0.97,13,445,4057,1,7,10.5,4095,0,179.1,0.04,0,0,NORMAL,None,11.0,96.9
2026-09-01 05:17:55,IN-DELHI-01,22.0,95.1,25.9,989.0,314.5,1.03,0.05,10.77,10.82,1.01,13,445,1290,100,405,729.0,1315,96,47.8,-11.6,0,1,FLASH_FLOOD,Severe,90.4,94.3
2026-09-01 05:18:00,IN-DELHI-01,45.0,17.7,46.3,998.0,238.1,1.08,-0.32,10.76,10.82,1.01,89,1156,4093,0,8,12.0,4095,0,193.5,0.0,0,3,WILDFIRE,Extreme,98.0,93.0
2026-09-01 05:18:05,IN-DELHI-01,42.2,13.6,42.2,998.3,235.8,1.03,-0.23,10.9,10.95,1.14,158,1743,4095,0,6,9.0,4095,0,191.9,0.0,0,3,WILDFIRE,Extreme,92.8,90.7
2026-09-01 05:18:10,IN-DELHI-01,26.6,48.4,27.8,998.4,235.2,1.16,-0.1,10.98,11.04,1.23,2,407,4079,0,17,25.5,4077,0,188.0,-0.09,0,0,NORMAL,None,10.7,94.3
2026-09-01 05:18:15,IN-DELHI-01,24.0,69.4,26.5,1001.7,207.4,1.14,-0.14,10.71,10.77,0.96,16,464,1758,83,467,910.6,2788,45,102.7,-0.86,0,5,WATER_CONTAMINATION,Severe,83.2,87.9
2026-09-01 05:18:20,IN-DELHI-01,26.5,70.4,30.2,1003.1,195.2,1.06,-0.22,10.71,10.76,0.95,26,504,2040,73,710,1384.5,3385,24,77.3,-3.02,0,5,WATER_CONTAMINATION,Severe,92.7,90.4
2026-09-01 05:18:25,IN-DELHI-01,26.8,65.3,30.0,1000.0,221.5,1.02,-0.21,10.59,10.64,0.83,2,407,4021,2,13,19.5,4053,1,172.9,-0.1,1,0,NORMAL,None,5.1,98.9
2026-09-01 05:18:30,IN-DELHI-01,28.6,52.3,30.9,1000.0,221.6,1.08,-0.13,10.81,10.86,1.05,4,414,4095,0,5,7.5,4060,1,186.1,0.06,0,0,NORMAL,None,12.1,97.7
2026-09-01 05:18:35,IN-DELHI-01,22.8,88.2,26.6,990.2,303.9,-3.81,-2.29,11.51,12.34,2.53,11,438,1268,100,232,371.2,1832,78,139.8,-6.31,0,2,LANDSLIDE_PRECURSOR,Extreme,87.6,88.1
2026-09-01 05:18:40,IN-DELHI-01,29.9,47.8,32.2,999.3,228.0,1.14,-0.19,10.9,10.97,1.16,8,428,4090,0,3,4.5,4031,2,189.1,0.08,0,0,NORMAL,None,11.1,99.0
2026-09-01 05:18:45,IN-DELHI-01,22.8,93.9,27.1,990.5,301.6,1.11,-0.19,10.47,10.54,0.73,10,435,1379,97,395,711.0,1342,95,68.5,-12.21,0,1,FLASH_FLOOD,Severe,86.3,91.5
2026-09-01 05:18:50,IN-DELHI-01,22.7,96.2,27.0,985.5,343.6,0.98,-0.06,10.81,10.85,1.04,14,449,1264,100,339,610.2,1193,100,47.4,-5.99,0,1,FLASH_FLOOD,Severe,90.5,97.0
2026-09-01 05:18:55,IN-DELHI-01,24.6,67.0,27.1,999.8,223.1,1.03,-0.24,10.79,10.85,1.04,24,496,2039,73,702,1368.9,3414,23,60.5,-2.23,1,5,WATER_CONTAMINATION,Severe,92.4,88.0
2026-09-01 05:19:00,IN-DELHI-01,21.1,86.9,23.9,988.3,320.1,-1.26,-2.68,9.3,9.76,0.05,13,445,1282,100,210,336.0,1562,87,178.0,-3.27,0,2,LANDSLIDE_PRECURSOR,Extreme,98.1,91.8
2026-09-01 05:19:05,IN-DELHI-01,28.4,57.9,31.4,1000.9,214.2,0.9,-0.23,10.55,10.59,0.78,11,438,4054,1,8,12.0,4072,0,191.4,0.09,0,0,NORMAL,None,6.8,93.2
2026-09-01 05:19:10,IN-DELHI-01,27.3,53.9,29.4,1001.6,208.6,1.03,-0.28,10.65,10.71,0.9,0,400,4095,0,0,0.0,4031,2,184.4,0.02,0,0,NORMAL,None,13.7,97.8
2026-09-01 05:19:15,IN-DELHI-01,25.4,61.7,27.6,1005.0,179.6,1.14,-0.17,10.78,10.84,1.03,219,3028,3957,4,14,21.0,4045,1,179.0,0.0,1,4,HAZARDOUS_AIR_POLLUTION,Extreme,98.3,90.2
2026-09-01 05:19:20,IN-DELHI-01,24.7,92.0,29.7,992.6,283.8,-5.7,-3.07,9.81,11.75,1.94,19,466,1294,100,133,212.8,1502,89,108.2,-6.31,0,2,LANDSLIDE_PRECURSOR,Extreme,96.3,90.2
2026-09-01 05:19:25,IN-DELHI-01,23.5,93.0,28.1,990.0,306.3,1.07,-0.41,10.71,10.77,0.96,11,438,1433,95,314,565.2,1404,92,50.3,-10.62,0,1,FLASH_FLOOD,Severe,89.9,97.2
2026-09-01 05:19:30,IN-DELHI-01,28.3,55.5,31.0,1000.7,215.9,1.11,-0.32,10.82,10.88,1.07,22,477,4045,1,0,0.0,4064,1,188.7,0.07,0,0,NORMAL,None,6.8,92.4
2026-09-01 05:19:35,IN-DELHI-01,19.9,86.6,22.2,992.4,286.1,-2.13,-1.87,9.77,10.17,0.36,5,417,1315,99,267,427.2,1476,90,80.0,-3.53,0,2,LANDSLIDE_PRECURSOR,Extreme,85.7,90.2
2026-09-01 05:19:40,IN-DELHI-01,24.3,73.3,27.2,1002.4,201.3,1.09,-0.24,10.8,10.85,1.04,17,468,1891,78,571,1113.5,2834,43,62.4,-1.56,0,5,WATER_CONTAMINATION,Severe,87.3,85.7
2026-09-01 05:19:45,IN-DELHI-01,22.3,93.7,26.3,988.3,320.5,1.0,-0.26,10.85,10.9,1.09,20,470,1346,98,180,324.0,1318,95,45.4,-16.46,0,1,FLASH_FLOOD,Severe,90.9,89.4
2026-09-01 05:19:50,IN-DELHI-01,42.6,19.8,43.7,994.2,270.4,1.03,-0.26,10.77,10.82,1.01,67,969,4086,0,0,0.0,4095,0,191.0,0.0,0,3,WILDFIRE,Extreme,94.0,92.8
2026-09-01 05:19:55,IN-DELHI-01,43.4,17.3,44.1,996.8,248.7,1.11,-0.21,10.74,10.8,0.99,123,1445,4067,1,8,12.0,4095,0,187.5,0.0,0,3,WILDFIRE,Extreme,97.1,87.8
2026-09-01 05:20:00,IN-DELHI-01,20.0,87.0,22.3,990.7,300.3,-4.09,-2.77,11.5,12.51,2.7,13,445,1223,100,231,369.6,1689,83,137.5,-5.8,0,2,LANDSLIDE_PRECURSOR,Extreme,86.8,92.2
2026-09-01 05:20:05,IN-DELHI-01,22.7,92.0,26.7,992.9,281.2,-4.62,-2.27,11.21,12.34,2.53,9,431,1276,100,253,404.8,1794,79,141.4,-4.87,1,2,LANDSLIDE_PRECURSOR,Extreme,96.6,89.3
2026-09-01 05:20:10,IN-DELHI-01,24.6,89.8,29.3,988.5,319.0,5.77,3.37,10.51,12.45,2.64,16,456,1335,98,204,326.4,1648,84,114.5,-4.29,0,2,LANDSLIDE_PRECURSOR,Extreme,97.5,93.5
2026-09-01 05:20:15,IN-DELHI-01,24.7,90.2,29.6,989.1,313.5,0.95,-0.08,10.99,11.03,1.22,16,456,1367,97,296,532.8,1314,96,36.5,-12.04,0,1,FLASH_FLOOD,Severe,92.7,94.0
2026-09-01 05:20:20,IN-DELHI-01,31.8,60.0,36.8,1003.6,191.6,1.0,-0.21,10.67,10.72,0.91,181,2572,3967,4,26,39.0,4039,1,180.1,0.0,0,4,HAZARDOUS_AIR_POLLUTION,Extreme,93.7,92.2
2026-09-01 05:20:25,IN-DELHI-01,41.2,15.9,41.2,996.8,249.1,1.01,-0.08,10.67,10.72,0.91,136,1556,4065,1,7,10.5,4095,0,186.5,0.0,0,3,WILDFIRE,Severe,89.0,88.6
2026-09-01 05:20:30,IN-DELHI-01,25.0,55.2,26.4,1001.0,213.6,1.0,-0.12,10.89,10.93,1.12,5,417,4038,2,18,27.0,4084,0,186.8,0.12,0,0,NORMAL,None,7.0,96.3
2026-09-01 05:20:35,IN-DELHI-01,27.6,49.3,29.3,1002.2,203.0,1.07,-0.33,10.79,10.85,1.04,5,417,4081,0,8,12.0,4074,0,179.6,-0.04,0,0,NORMAL,None,9.7,94.5
2026-09-01 05:20:40,IN-DELHI-01,22.0,64.7,23.2,1007.9,154.7,1.07,-0.26,10.71,10.77,0.96,202,2824,4010,3,12,18.0,4060,1,183.7,0.0,0,4,HAZARDOUS_AIR_POLLUTION,Extreme,96.2,98.1
2026-09-01 05:20:45,IN-DELHI-01,22.4,91.9,26.2,994.3,269.4,1.33,-0.0,10.85,10.93,1.12,13,445,1337,98,252,453.6,1190,100,90.2,-8.68,0,1,FLASH_FLOOD,Severe,82.0,93.3
2026-09-01 05:20:50,IN-DELHI-01,44.8,14.9,45.1,1000.9,214.2,1.09,-0.18,10.79,10.84,1.03,75,1037,4090,0,7,10.5,4095,0,183.3,0.0,0,3,WILDFIRE,Extreme,98.0,95.1
2026-09-01 05:20:55,IN-DELHI-01,40.2,19.1,40.5,993.1,280.1,1.16,-0.13,10.82,10.88,1.07,139,1581,4078,0,11,16.5,4095,0,187.1,0.0,0,3,WILDFIRE,Severe,85.8,88.2
2026-09-01 05:21:00,IN-DELHI-01,22.4,88.3,25.9,990.5,301.6,-3.42,-2.15,9.67,10.48,0.67,11,438,1305,99,197,315.2,1701,82,99.4,-2.09,0,2,LANDSLIDE_PRECURSOR,Extreme,94.2,89.5
2026-09-01 05:21:05,IN-DELHI-01,24.1,97.5,29.4,981.6,376.5,1.14,-0.17,11.03,11.09,1.28,6,421,1399,96,289,520.2,1203,99,45.1,-9.45,0,1,FLASH_FLOOD,Severe,91.0,89.6
2026-09-01 05:21:10,IN-DELHI-01,23.9,94.4,28.8,992.6,284.3,1.2,-0.29,10.91,10.98,1.17,10,435,1293,100,271,487.8,1297,96,39.3,-11.97,1,1,FLASH_FLOOD,Severe,92.1,95.6
2026-09-01 05:21:15,IN-DELHI-01,25.8,75.1,29.7,1002.3,202.3,1.09,-0.21,10.75,10.8,0.99,30,520,1770,83,694,1353.3,3280,28,62.3,-1.13,0,5,WATER_CONTAMINATION,Severe,92.1,86.8
2026-09-01 05:21:20,IN-DELHI-01,24.8,93.3,30.0,990.0,306.1,1.12,-0.22,10.75,10.81,1.0,15,452,1409,96,302,543.6,1280,97,51.2,-18.12,1,1,FLASH_FLOOD,Severe,89.8,93.3
2026-09-01 05:21:25,IN-DELHI-01,31.9,56.0,36.2,1000.5,217.2,0.99,-0.22,10.88,10.92,1.11,2,407,4065,1,20,30.0,4051,1,183.9,0.1,0,0,NORMAL,None,5.9,95.0
2026-09-01 05:21:30,IN-DELHI-01,25.2,74.0,28.7,1004.8,181.7,1.12,-0.21,10.65,10.71,0.9,137,2044,4014,2,27,40.5,4095,0,179.4,0.0,0,4,HAZARDOUS_AIR_POLLUTION,Severe,88.4,94.7
2026-09-01 05:21:35,IN-DELHI-01,25.0,94.7,30.5,988.9,315.5,1.23,-0.2,10.56,10.63,0.82,13,445,1355,98,317,570.6,1258,97,40.1,-12.6,0,1,FLASH_FLOOD,Severe,92.0,93.4
2026-09-01 05:21:40,IN-DELHI-01,25.1,59.6,27.0,1004.6,182.8,1.1,-0.19,10.65,10.71,0.9,179,2548,4063,1,25,37.5,4061,1,171.8,0.0,0,4,HAZARDOUS_AIR_POLLUTION,Severe,93.5,95.9
2026-09-01 05:21:45,IN-DELHI-01,23.0,96.8,27.6,985.9,340.3,1.13,0.01,10.84,10.9,1.09,15,452,1394,96,347,624.6,1192,100,58.5,-17.64,0,1,FLASH_FLOOD,Severe,88.3,90.2
2026-09-01 05:21:50,IN-DELHI-01,28.5,56.1,31.4,1002.1,204.2,1.18,-0.16,10.49,10.56,0.75,3,410,3990,3,9,13.5,4084,0,177.5,-0.19,1,0,NORMAL,None,2.9,95.9
2026-09-01 05:21:55,IN-DELHI-01,19.7,87.2,21.9,994.4,268.9,-3.25,-2.21,10.05,10.8,0.99,16,456,1337,98,197,315.2,1531,88,123.2,-2.92,1,2,LANDSLIDE_PRECURSOR,Extreme,97.5,94.1
2026-09-01 05:22:00,IN-DELHI-01,20.9,85.1,23.5,991.5,293.7,-3.29,-1.35,12.16,12.67,2.86,9,431,1348,98,230,368.0,1664,83,119.5,-4.42,1,2,LANDSLIDE_PRECURSOR,Extreme,86.9,89.1
2026-09-01 05:22:05,IN-DELHI-01,23.8,67.8,26.0,998.3,236.4,0.99,-0.17,10.75,10.79,0.98,26,504,1841,80,450,877.5,3427,23,71.1,-0.68,0,5,WATER_CONTAMINATION,Severe,82.5,89.1
2026-09-01 05:22:10,IN-DELHI-01,24.2,91.8,28.9,989.2,312.6,0.95,-0.31,10.72,10.77,0.96,19,466,1365,97,291,523.8,1210,99,33.4,-9.68,0,1,FLASH_FLOOD,Severe,93.3,96.5
2026-09-01 05:22:15,IN-DELHI-01,21.7,83.5,24.5,992.1,288.5,6.01,2.04,10.74,12.48,2.67,8,428,1295,100,194,310.4,1537,88,161.7,-6.58,1,2,LANDSLIDE_PRECURSOR,Extreme,92.0,89.0
2026-09-01 05:22:20,IN-DELHI-01,23.3,98.0,28.2,989.2,313.1,1.14,-0.35,10.72,10.79,0.98,7,424,1375,97,315,567.0,1188,100,35.5,-14.42,0,1,FLASH_FLOOD,Severe,92.9,93.2
2026-09-01 05:22:25,IN-DELHI-01,26.2,59.6,28.6,1004.8,181.1,1.04,-0.1,11.01,11.06,1.25,128,1936,3945,5,7,10.5,4078,0,180.9,0.0,0,4,HAZARDOUS_AIR_POLLUTION,Severe,87.4,90.8
2026-09-01 05:22:30,IN-DELHI-01,30.7,48.0,33.4,1000.1,220.9,1.0,-0.13,10.89,10.94,1.13,4,414,4020,2,10,15.0,4095,0,174.0,0.13,0,0,NORMAL,None,14.0,97.2
2026-09-01 05:22:35,IN-DELHI-01,20.4,89.8,23.2,992.1,288.3,1.15,0.04,11.0,11.06,1.25,14,449,1340,98,288,518.4,1213,99,47.7,-13.76,0,1,FLASH_FLOOD,Severe,90.5,92.8
2026-09-01 05:22:40,IN-DELHI-01,25.9,51.7,27.3,1000.4,218.7,1.1,-0.2,10.82,10.88,1.07,0,400,4023,2,10,15.0,4095,0,174.4,-0.15,0,0,NORMAL,None,11.9,94.3
2026-09-01 05:22:45,IN-DELHI-01,28.2,42.9,29.3,1005.2,177.8,0.98,-0.16,10.82,10.87,1.06,165,2380,3989,3,8,12.0,4079,0,184.3,0.0,1,4,HAZARDOUS_AIR_POLLUTION,Severe,91.8,90.5
2026-09-01 05:22:50,IN-DELHI-01,45.1,22.2,47.8,996.8,248.6,1.12,-0.35,10.76,10.83,1.02,92,1182,4091,0,0,0.0,4095,0,184.5,0.0,1,3,WILDFIRE,Extreme,98.0,91.0
2026-09-01 05:22:55,IN-DELHI-01,39.9,18.7,40.0,995.6,258.9,0.98,-0.2,10.72,10.77,0.96,142,1607,4086,0,5,7.5,4095,0,185.0,0.0,0,3,WILDFIRE,Severe,84.6,92.0
2026-09-01 05:23:00,IN-DELHI-01,32.3,56.9,36.9,999.0,230.5,1.0,-0.2,10.57,10.62,0.81,4,414,4048,1,6,9.0,4078,0,175.9,-0.18,0,0,NORMAL,None,9.3,97.9
2026-09-01 05:23:05,IN-DELHI-01,22.0,86.0,25.1,994.9,264.4,4.16,2.19,10.47,11.48,1.67,15,452,1271,100,254,406.4,1381,93,141.1,-1.51,0,2,LANDSLIDE_PRECURSOR,Extreme,96.6,90.1
2026-09-01 05:23:10,IN-DELHI-01,24.6,93.1,29.7,990.9,298.7,3.57,1.0,10.37,11.01,1.2,4,414,1281,100,274,438.4,1663,84,135.1,-2.06,0,2,LANDSLIDE_PRECURSOR,Extreme,92.2,93.0
2026-09-01 05:23:15,IN-DELHI-01,29.3,56.5,32.5,1000.4,218.1,1.06,-0.32,10.83,10.88,1.07,1,403,4080,0,8,12.0,4077,0,181.5,-0.11,0,0,NORMAL,None,4.9,95.5
2026-09-01 05:23:20,IN-DELHI-01,24.2,52.4,25.0,1006.6,166.4,0.98,-0.16,10.78,10.82,1.01,150,2200,3980,4,21,31.5,4079,0,180.0,0.0,0,4,HAZARDOUS_AIR_POLLUTION,Severe,90.0,96.8
2026-09-01 05:23:25,IN-DELHI-01,28.2,47.4,29.8,1001.6,208.0,0.98,-0.26,10.77,10.82,1.01,1,403,4049,1,2,3.0,4069,0,183.2,0.03,0,0,NORMAL,None,8.8,98.6
2026-09-01 05:23:30,IN-DELHI-01,27.4,63.1,30.7,1002.0,205.1,0.8,-0.15,10.63,10.67,0.86,1,403,4009,3,8,12.0,4090,0,193.1,0.17,0,0,NORMAL,None,7.4,97.8
2026-09-01 05:23:35,IN-DELHI-01,25.3,46.2,25.9,1002.5,201.0,1.02,-0.2,10.68,10.73,0.92,0,400,4033,2,9,13.5,4095,0,175.2,0.31,0,0,NORMAL,None,5.0,92.5
2026-09-01 05:23:40,IN-DELHI-01,21.4,86.0,24.2,990.5,301.6,-1.67,-1.15,11.49,11.67,1.86,11,438,1243,100,280,448.0,1686,83,105.8,-6.7,0,2,LANDSLIDE_PRECURSOR,Extreme,96.0,95.5
2026-09-01 05:23:45,IN-DELHI-01,28.8,40.9,29.8,1001.2,211.4,0.94,-0.11,10.99,11.03,1.22,8,428,4055,1,9,13.5,4071,0,188.1,0.04,0,0,NORMAL,None,13.4,94.0
2026-09-01 05:23:50,IN-DELHI-01,24.2,95.1,29.4,989.8,307.9,1.3,0.01,10.84,10.92,1.11,17,459,1378,97,309,556.2,1331,95,57.0,-12.2,0,1,FLASH_FLOOD,Severe,88.6,93.4
2026-09-01 05:23:55,IN-DELHI-01,25.7,64.0,28.2,1001.9,205.3,1.08,-0.15,10.81,10.86,1.05,31,524,2145,69,579,1129.0,3357,25,65.7,-1.77,1,5,WATER_CONTAMINATION,Severe,87.6,87.6
2026-09-01 05:24:00,IN-DELHI-01,24.6,89.1,29.3,990.1,305.5,1.19,-0.27,10.77,10.84,1.03,16,456,1298,100,305,549.0,1186,100,31.7,-15.48,0,1,FLASH_FLOOD,Severe,93.7,96.1
2026-09-01 05:24:05,IN-DELHI-01,23.5,62.4,25.1,1001.5,208.8,0.96,-0.25,10.83,10.87,1.06,7,428,2111,70,545,1062.8,3000,37,49.0,-0.87,0,5,WATER_CONTAMINATION,Severe,86.3,85.5
2026-09-01 05:24:10,IN-DELHI-01,44.2,13.1,44.2,995.5,259.9,0.99,-0.22,10.67,10.72,0.91,102,1267,4082,0,1,1.5,4095,0,184.0,0.0,0,3,WILDFIRE,Extreme,98.0,89.8
2026-09-01 05:24:15,IN-DELHI-01,26.5,53.9,28.3,1005.9,172.2,1.05,-0.22,10.65,10.7,0.89,122,1864,4058,1,8,12.0,4059,1,179.0,0.0,0,4,HAZARDOUS_AIR_POLLUTION,Severe,86.6,96.9
2026-09-01 05:24:20,IN-DELHI-01,27.0,59.7,29.6,1001.8,206.6,0.89,-0.16,10.79,10.83,1.02,6,421,4000,3,11,16.5,4067,0,198.2,-0.0,0,0,NORMAL,None,2.2,92.5
2026-09-01 05:24:25,IN-DELHI-01,25.6,51.8,26.8,1003.5,192.4,0.77,-0.16,10.76,10.79,0.98,9,431,4004,3,7,10.5,4093,0,187.8,0.04,0,0,NORMAL,None,2.7,95.2
2026-09-01 05:24:30,IN-DELHI-01,24.2,86.4,28.4,990.6,301.2,4.76,1.18,12.39,13.33,3.52,11,438,1250,100,256,409.6,1822,78,152.0,-4.88,0,2,LANDSLIDE_PRECURSOR,Extreme,86.1,95.3
2026-09-01 05:24:35,IN-DELHI-01,25.3,48.1,26.1,1000.5,217.3,1.0,-0.28,10.54,10.59,0.78,2,407,4093,0,12,18.0,4066,1,180.4,0.05,0,0,NORMAL,None,4.8,98.1
2026-09-01 05:24:40,IN-DELHI-01,27.6,51.6,29.5,1002.5,200.6,1.05,-0.34,10.71,10.76,0.95,2,407,3999,3,14,21.0,4081,0,185.2,0.07,0,0,NORMAL,None,7.9,98.6
2026-09-01 05:24:45,IN-DELHI-01,21.3,90.2,24.5,986.5,335.6,-1.69,-2.34,9.91,10.33,0.52,15,452,1292,100,225,360.0,1685,83,123.8,-7.87,0,2,LANDSLIDE_PRECURSOR,Extreme,96.9,92.2
2026-09-01 05:24:50,IN-DELHI-01,42.5,17.6,43.0,995.7,258.0,1.13,-0.2,10.76,10.82,1.01,122,1437,4092,0,11,16.5,4095,0,187.0,0.0,0,3,WILDFIRE,Extreme,93.7,94.3
2026-09-01 05:24:55,IN-DELHI-01,40.2,18.5,40.3,998.6,233.7,1.01,-0.19,10.88,10.93,1.12,117,1394,4077,0,1,1.5,4095,0,188.8,0.0,0,3,WILDFIRE,Severe,85.6,96.0
2026-09-01 05:25:00,IN-DELHI-01,22.1,91.1,25.7,994.2,270.7,-1.43,-1.68,10.83,11.05,1.24,5,417,1321,99,231,369.6,1629,85,97.0,-6.51,0,2,LANDSLIDE_PRECURSOR,Extreme,90.1,89.3
2026-09-01 05:25:05,IN-DELHI-01,32.2,55.9,36.7,1004.0,188.3,1.07,-0.18,10.79,10.85,1.04,182,2584,3933,5,18,27.0,4001,3,170.3,0.0,0,4,HAZARDOUS_AIR_POLLUTION,Extreme,93.8,92.1
2026-09-01 05:25:10,IN-DELHI-01,24.2,90.4,28.9,984.0,356.2,1.3,0.02,10.66,10.74,0.93,17,459,1426,95,338,608.4,1372,94,35.6,-12.45,0,1,FLASH_FLOOD,Severe,92.9,91.4
2026-09-01 05:25:15,IN-DELHI-01,28.4,51.7,30.6,1002.2,203.3,0.94,-0.14,10.55,10.59,0.78,0,400,3994,3,18,27.0,4036,2,180.3,0.05,0,0,NORMAL,None,11.0,92.4
2026-09-01 05:25:20,IN-DELHI-01,28.7,54.7,31.4,1002.3,202.2,1.05,-0.23,10.74,10.8,0.99,4,414,4051,1,8,12.0,4041,1,190.6,-0.0,0,0,NORMAL,None,10.1,96.2
2026-09-01 05:25:25,IN-DELHI-01,28.2,51.8,30.3,1003.0,196.5,1.12,-0.18,10.67,10.73,0.92,0,400,4046,1,13,19.5,4052,1,182.8,0.09,0,0,NORMAL,None,7.5,93.8
2026-09-01 05:25:30,IN-DELHI-01,25.9,93.0,31.8,986.0,340.1,1.01,-0.14,10.9,10.94,1.13,10,435,1364,97,200,360.0,1208,99,82.2,-14.52,0,1,FLASH_FLOOD,Severe,83.6,94.3
2026-09-01 05:25:35,IN-DELHI-01,25.7,68.1,28.8,997.9,239.2,1.04,-0.16,10.78,10.83,1.02,20,480,1946,76,763,1487.8,3169,31,104.2,-2.83,1,5,WATER_CONTAMINATION,Severe,94.8,92.5
2026-09-01 05:25:40,IN-DELHI-01,28.7,43.8,30.0,1002.1,204.0,0.99,-0.14,10.69,10.73,0.92,4,414,4013,2,4,6.0,4066,1,181.3,-0.01,0,0,NORMAL,None,10.9,96.1
2026-09-01 05:25:45,IN-DELHI-01,23.1,62.1,24.5,1005.7,173.4,1.05,-0.17,10.68,10.73,0.92,203,2836,3964,4,16,24.0,4095,0,172.9,0.0,0,4,HAZARDOUS_AIR_POLLUTION,Extreme,96.4,91.2
2026-09-01 05:25:50,IN-DELHI-01,22.3,94.6,26.3,985.7,341.9,1.24,-0.21,10.66,10.74,0.93,15,452,1302,99,411,739.8,1206,99,15.1,-11.01,1,1,FLASH_FLOOD,Extreme,97.0,88.3
2026-09-01 05:25:55,IN-DELHI-01,41.3,15.4,41.3,998.7,233.0,1.06,-0.27,10.72,10.77,0.96,75,1037,4079,0,8,12.0,4095,0,180.3,0.0,0,3,WILDFIRE,Severe,89.7,88.2
2026-09-01 05:26:00,IN-DELHI-01,22.1,92.4,25.8,993.2,279.1,4.35,1.49,10.41,11.38,1.57,12,442,1234,100,195,312.0,1739,81,102.9,-3.66,1,2,LANDSLIDE_PRECURSOR,Extreme,85.9,90.6
2026-09-01 05:26:05,IN-DELHI-01,40.3,16.5,40.3,995.7,257.8,1.05,-0.15,10.78,10.83,1.02,163,1785,4073,0,2,3.0,4095,0,187.2,0.0,0,3,WILDFIRE,Severe,86.2,88.0
2026-09-01 05:26:10,IN-DELHI-01,26.3,54.1,28.1,1000.1,220.4,1.11,-0.19,10.7,10.76,0.95,1,403,4062,1,16,24.0,4057,1,179.4,-0.1,0,0,NORMAL,None,13.6,98.0
2026-09-01 05:26:15,IN-DELHI-01,29.8,52.3,32.7,1003.7,190.6,1.0,-0.24,10.75,10.8,0.99,10,435,4095,0,10,15.0,4066,1,183.2,0.15,0,0,NORMAL,None,17.0,92.5
2026-09-01 05:26:20,IN-DELHI-01,23.5,92.8,28.0,983.1,364.4,1.12,-0.26,10.58,10.64,0.83,8,428,1282,100,292,525.6,1133,100,95.0,-6.48,1,1,FLASH_FLOOD,Severe,81.0,88.2
2026-09-01 05:26:25,IN-DELHI-01,27.3,46.5,28.5,1000.5,217.5,0.9,-0.22,10.96,11.0,1.19,1,403,4034,2,8,12.0,4050,1,187.7,0.06,0,0,NORMAL,None,14.1,96.6
2026-09-01 05:26:30,IN-DELHI-01,24.4,69.5,27.0,1003.1,195.9,1.02,-0.2,10.73,10.78,0.97,17,468,2048,73,610,1189.5,3073,35,92.9,-0.94,0,5,WATER_CONTAMINATION,Severe,88.8,87.4
2026-09-01 05:26:35,IN-DELHI-01,26.3,51.1,27.7,1002.1,203.7,1.07,-0.15,10.58,10.64,0.83,6,421,4064,1,2,3.0,4028,2,171.2,-0.11,0,0,NORMAL,None,17.5,94.6
2026-09-01 05:26:40,IN-DELHI-01,26.6,67.5,29.9,996.8,248.4,1.14,-0.22,10.87,10.93,1.12,21,484,1865,79,675,1316.2,2288,62,76.3,-2.77,0,5,WATER_CONTAMINATION,Severe,91.3,86.9
2026-09-01 05:26:45,IN-DELHI-01,26.1,92.8,32.1,990.1,305.1,1.44,-0.01,11.19,11.28,1.47,9,431,1225,100,311,559.8,1248,98,60.8,-8.14,0,1,FLASH_FLOOD,Severe,87.8,91.1
2026-09-01 05:26:50,IN-DELHI-01,30.6,59.0,34.8,1002.8,197.7,1.08,-0.14,10.78,10.83,1.02,148,2176,4007,3,18,27.0,4049,1,182.1,0.0,1,4,HAZARDOUS_AIR_POLLUTION,Severe,89.8,92.7
2026-09-01 05:26:55,IN-DELHI-01,24.2,69.0,26.7,1001.3,210.9,1.09,-0.18,10.74,10.8,0.99,8,432,2043,73,565,1101.8,3018,37,93.7,-0.94,0,5,WATER_CONTAMINATION,Severe,87.0,89.9
2026-09-01 05:27:00,IN-DELHI-01,26.3,43.4,26.8,999.3,227.4,1.11,-0.23,10.65,10.71,0.9,5,417,4067,1,12,18.0,4091,0,173.7,0.15,1,0,NORMAL,None,3.9,92.7
2026-09-01 05:27:05,IN-DELHI-01,46.0,21.8,48.8,997.4,243.3,1.08,-0.07,10.63,10.69,0.88,118,1403,4086,0,7,10.5,4095,0,193.6,0.0,1,3,WILDFIRE,Extreme,98.0,92.7
2026-09-01 05:27:10,IN-DELHI-01,27.1,55.3,29.2,1004.4,184.2,0.92,-0.25,10.82,10.86,1.05,91,1492,3988,3,15,22.5,4062,1,169.2,0.0,1,4,HAZARDOUS_AIR_POLLUTION,Severe,82.9,94.8
2026-09-01 05:27:15,IN-DELHI-01,29.6,57.3,33.0,1004.5,183.6,0.98,-0.18,10.82,10.86,1.05,103,1636,4080,0,21,31.5,4019,2,167.3,0.0,1,4,HAZARDOUS_AIR_POLLUTION,Severe,84.4,98.0
2026-09-01 05:27:20,IN-DELHI-01,24.5,87.9,29.0,991.7,291.5,6.15,1.68,9.53,11.47,1.66,11,438,1225,100,201,321.6,1649,84,146.2,-4.08,1,2,LANDSLIDE_PRECURSOR,Extreme,89.8,92.0
2026-09-01 05:27:25,IN-DELHI-01,26.1,76.0,30.1,1000.7,215.5,1.04,-0.14,10.67,10.72,0.91,5,420,1662,87,535,1043.2,2489,55,76.5,-2.79,0,5,WATER_CONTAMINATION,Severe,85.9,87.6
2026-09-01 05:27:30,IN-DELHI-01,26.0,55.0,27.7,998.4,235.5,1.15,-0.22,10.61,10.67,0.86,0,400,4035,2,2,3.0,4075,0,169.0,-0.09,0,0,NORMAL,None,8.4,96.5
2026-09-01 05:27:35,IN-DELHI-01,41.6,15.3,41.6,995.8,257.2,1.0,-0.25,10.74,10.79,0.98,65,952,4081,0,3,4.5,4095,0,194.9,0.0,0,3,WILDFIRE,Severe,90.4,92.9
2026-09-01 05:27:40,IN-DELHI-01,31.0,44.5,33.2,1000.4,218.0,1.12,-0.29,10.65,10.71,0.9,0,400,4052,1,0,0.0,4075,0,187.1,-0.02,0,0,NORMAL,None,3.1,95.3
2026-09-01 05:27:45,IN-DELHI-01,40.8,14.1,40.8,999.3,227.9,1.11,-0.2,10.7,10.76,0.95,94,1199,4078,0,4,6.0,4095,0,183.8,0.0,0,3,WILDFIRE,Severe,87.8,97.2
2026-09-01 05:27:50,IN-DELHI-01,22.3,92.1,26.0,988.1,321.6,1.17,-0.18,10.8,10.86,1.05,14,449,1389,96,385,693.0,1281,97,30.5,-10.03,1,1,FLASH_FLOOD,Severe,93.9,96.8
2026-09-01 05:27:55,IN-DELHI-01,39.0,16.6,39.0,998.4,234.8,1.11,-0.07,10.8,10.86,1.05,65,952,4095,0,5,7.5,4095,0,187.0,0.0,0,3,WILDFIRE,Severe,81.5,90.0
2026-09-01 05:28:00,IN-DELHI-01,23.9,89.1,28.2,990.3,303.3,6.38,2.45,10.5,12.52,2.71,16,456,1261,100,257,411.2,1742,81,123.1,-3.52,0,2,LANDSLIDE_PRECURSOR,Extreme,85.2,86.4
2026-09-01 05:28:05,IN-DELHI-01,23.9,84.5,27.8,990.8,299.4,-3.02,-2.38,12.42,13.0,3.19,10,435,1284,100,175,280.0,1576,87,153.3,-2.68,0,2,LANDSLIDE_PRECURSOR,Extreme,85.1,93.4
2026-09-01 05:28:10,IN-DELHI-01,21.6,91.0,25.0,992.7,283.6,-0.55,-1.8,11.29,11.45,1.64,19,466,1315,99,208,332.8,1676,83,119.8,-1.11,0,2,LANDSLIDE_PRECURSOR,Extreme,98.7,91.1
2026-09-01 05:28:15,IN-DELHI-01,24.1,90.7,28.7,986.2,338.2,1.13,-0.04,10.67,10.73,0.92,13,445,1345,98,404,727.2,1220,99,50.9,-13.28,0,1,FLASH_FLOOD,Severe,89.8,96.0
2026-09-01 05:28:20,IN-DELHI-01,26.7,44.9,27.5,1002.8,198.4,1.06,-0.16,10.47,10.52,0.71,2,407,4079,0,6,9.0,4027,2,173.7,0.03,0,0,NORMAL,None,8.7,98.8
2026-09-01 05:28:25,IN-DELHI-01,23.3,91.6,27.6,988.0,322.9,1.04,-0.34,10.78,10.83,1.02,8,428,1345,98,253,455.4,1323,95,75.0,-10.76,0,1,FLASH_FLOOD,Severe,85.0,90.7
2026-09-01 05:28:30,IN-DELHI-01,22.7,84.5,26.0,991.9,290.0,-3.44,-2.99,10.22,11.19,1.38,15,452,1300,100,274,438.4,1465,90,141.5,-3.21,1,2,LANDSLIDE_PRECURSOR,Extreme,88.8,87.8
2026-09-01 05:28:35,IN-DELHI-01,40.4,17.4,40.4,995.9,256.2,1.08,-0.16,10.87,10.92,1.11,93,1190,4088,0,4,6.0,4095,0,183.1,0.0,0,3,WILDFIRE,Severe,86.3,92.8
2026-09-01 05:28:40,IN-DELHI-01,24.4,61.1,26.2,1008.0,154.0,1.05,-0.17,10.86,10.91,1.1,150,2200,3998,3,26,39.0,4012,2,174.8,0.0,0,4,HAZARDOUS_AIR_POLLUTION,Severe,90.0,96.3
2026-09-01 05:28:45,IN-DELHI-01,42.3,19.4,43.2,996.6,250.6,0.99,-0.3,10.66,10.71,0.9,111,1343,4088,0,6,9.0,4095,0,186.3,0.0,1,3,WILDFIRE,Extreme,93.0,88.2
2026-09-01 05:28:50,IN-DELHI-01,23.2,92.3,27.5,992.4,285.5,1.15,-0.12,10.81,10.87,1.06,21,473,1265,100,342,615.6,1305,96,39.7,-7.22,1,1,FLASH_FLOOD,Severe,92.1,97.1
2026-09-01 05:28:55,IN-DELHI-01,44.0,19.0,45.3,996.6,250.6,1.01,-0.15,10.75,10.8,0.99,158,1743,4095,0,0,0.0,4095,0,186.3,0.0,0,3,WILDFIRE,Extreme,98.0,92.0
2026-09-01 05:29:00,IN-DELHI-01,25.6,65.9,28.3,1002.2,203.3,1.11,-0.18,10.79,10.85,1.04,15,460,1914,78,623,1214.8,3706,13,61.7,-2.45,0,5,WATER_CONTAMINATION,Severe,89.3,88.3
2026-09-01 05:29:05,IN-DELHI-01,20.9,87.7,23.7,991.2,295.9,7.66,1.5,10.2,12.84,3.03,7,424,1305,99,173,276.8,1721,82,176.1,-4.61,0,2,LANDSLIDE_PRECURSOR,Extreme,85.4,94.2
2026-09-01 05:29:10,IN-DELHI-01,21.0,83.9,23.4,990.5,301.4,7.69,1.79,9.36,12.24,2.43,6,421,1182,100,220,352.0,1230,98,99.8,-1.07,0,2,LANDSLIDE_PRECURSOR,Extreme,97.3,87.1
2026-09-01 05:29:15,IN-DELHI-01,24.1,71.8,26.8,1004.4,184.3,1.03,-0.12,10.79,10.84,1.03,28,512,1925,77,559,1090.0,3533,19,66.4,-1.35,0,5,WATER_CONTAMINATION,Severe,86.8,94.3
2026-09-01 05:29:20,IN-DELHI-01,20.0,87.2,22.3,990.7,300.5,-2.66,-2.45,11.68,12.23,2.42,12,442,1225,100,264,422.4,1773,80,98.9,-4.96,0,2,LANDSLIDE_PRECURSOR,Extreme,96.5,93.9
2026-09-01 05:29:25,IN-DELHI-01,25.4,90.9,30.7,987.1,330.6,1.1,-0.18,11.21,11.26,1.45,25,487,1346,98,284,511.2,1265,97,32.9,-21.6,0,1,FLASH_FLOOD,Severe,93.4,96.2
2026-09-01 05:29:30,IN-DELHI-01,26.4,66.4,29.6,1003.6,191.0,1.04,-0.19,10.89,10.94,1.13,30,520,1508,92,679,1324.0,2943,39,49.2,-3.07,0,5,WATER_CONTAMINATION,Severe,91.5,92.8
2026-09-01 05:29:35,IN-DELHI-01,40.5,13.8,40.5,998.8,232.1,1.03,-0.13,10.72,10.77,0.96,94,1199,4080,0,2,3.0,4095,0,190.3,0.0,0,3,WILDFIRE,Severe,86.8,92.3
2026-09-01 05:29:40,IN-DELHI-01,27.1,53.8,29.1,1000.1,221.2,0.96,-0.21,10.85,10.89,1.08,0,400,4036,2,12,18.0,4064,1,180.1,0.0,0,0,NORMAL,None,16.7,96.8
2026-09-01 05:29:45,IN-DELHI-01,28.1,44.9,29.3,1001.5,208.7,1.14,-0.16,10.72,10.78,0.97,3,410,4095,0,10,15.0,4057,1,207.1,-0.1,0,0,NORMAL,None,7.8,94.6
2026-09-01 05:29:50,IN-DELHI-01,21.4,86.4,24.3,991.0,297.7,-1.81,-2.21,9.67,10.08,0.27,5,417,1259,100,277,443.2,1586,86,119.0,-2.09,1,2,LANDSLIDE_PRECURSOR,Extreme,92.2,89.3
2026-09-01 05:29:55,IN-DELHI-01,22.4,89.7,26.1,992.4,286.0,-1.71,-2.13,8.52,8.95,0.86,19,466,1264,100,233,372.8,1727,81,113.1,-3.31,0,2,LANDSLIDE_PRECURSOR,Extreme,95.0,87.7
2026-09-01 05:30:00,IN-DELHI-01,26.3,66.4,29.5,1000.7,215.8,1.1,-0.17,10.8,10.86,1.05,30,520,1845,80,438,854.1,3528,19,86.1,-1.78,0,5,WATER_CONTAMINATION,Severe,82.1,88.1
2026-09-01 05:30:05,IN-DELHI-01,21.3,90.2,24.4,990.9,298.5,-3.36,-1.96,11.45,12.1,2.29,13,445,1337,98,198,316.8,1551,87,136.1,-4.31,0,2,LANDSLIDE_PRECURSOR,Extreme,93.1,88.3
2026-09-01 05:30:10,IN-DELHI-01,26.8,52.1,28.5,1001.0,213.3,0.98,-0.23,10.7,10.75,0.94,0,400,4095,0,18,27.0,4035,2,169.9,-0.07,0,0,NORMAL,None,15.8,96.5
2026-09-01 05:30:15,IN-DELHI-01,26.9,45.9,27.9,1000.4,218.6,1.17,-0.24,10.64,10.71,0.9,11,438,4066,1,0,0.0,4055,1,182.5,-0.1,0,0,NORMAL,None,15.6,97.3
2026-09-01 05:30:20,IN-DELHI-01,25.4,47.3,26.1,1002.8,198.4,1.06,-0.15,10.63,10.68,0.87,0,400,4065,1,8,12.0,4061,1,196.7,-0.16,0,0,NORMAL,None,12.8,98.3
2026-09-01 05:30:25,IN-DELHI-01,37.5,17.2,37.5,994.8,265.6,1.12,-0.21,10.78,10.84,1.03,90,1165,4076,0,3,4.5,4095,0,186.3,0.0,0,3,WILDFIRE,Severe,76.2,92.4
2026-09-01 05:30:30,IN-DELHI-01,22.1,86.1,25.3,991.0,298.0,-4.42,-1.3,13.11,13.89,4.08,11,438,1256,100,217,347.2,1400,93,113.6,-2.58,0,2,LANDSLIDE_PRECURSOR,Extreme,93.7,87.0
2026-09-01 05:30:35,IN-DELHI-01,21.1,73.4,22.8,1005.5,175.0,1.14,-0.27,10.79,10.85,1.04,24,496,1801,82,617,1203.1,3267,28,72.3,-0.77,0,5,WATER_CONTAMINATION,Severe,89.1,86.3
2026-09-01 05:30:40,IN-DELHI-01,27.5,59.5,30.4,1000.4,218.5,1.16,-0.2,10.76,10.82,1.01,4,414,4094,0,10,15.0,4085,0,175.8,0.28,0,0,NORMAL,None,11.2,98.6
2026-09-01 05:30:45,IN-DELHI-01,26.7,49.3,28.1,998.1,237.6,1.13,-0.11,10.64,10.7,0.89,0,400,4041,1,16,24.0,4071,0,193.7,0.16,0,0,NORMAL,None,10.3,93.8
2026-09-01 05:30:50,IN-DELHI-01,28.0,64.0,31.7,1003.6,191.2,1.09,-0.13,10.9,10.96,1.15,158,2296,4002,3,15,22.5,4039,1,177.6,0.0,0,4,HAZARDOUS_AIR_POLLUTION,Severe,91.0,94.6
2026-09-01 05:30:55,IN-DELHI-01,28.3,66.3,32.3,1001.2,211.2,1.2,-0.26,10.67,10.74,0.93,29,516,1801,82,800,1560.0,2902,41,38.9,-1.25,0,5,WATER_CONTAMINATION,Severe,96.0,90.1
2026-09-01 05:31:00,IN-DELHI-01,23.5,94.0,28.1,986.4,336.3,1.23,-0.24,10.85,10.93,1.12,17,459,1371,97,386,694.8,1315,96,63.6,-17.58,1,1,FLASH_FLOOD,Severe,87.3,88.5
2026-09-01 05:31:05,IN-DELHI-01,24.9,71.8,28.0,1003.8,190.0,1.11,-0.17,10.82,10.88,1.07,28,512,1767,83,678,1322.1,2217,64,62.5,-1.51,0,5,WATER_CONTAMINATION,Severe,91.4,88.6
2026-09-01 05:31:10,IN-DELHI-01,23.4,92.5,27.8,983.4,361.3,1.33,-0.08,10.79,10.88,1.07,6,421,1366,97,235,423.0,1303,96,40.2,-8.35,0,1,FLASH_FLOOD,Severe,92.0,94.0
2026-09-01 05:31:15,IN-DELHI-01,21.6,96.1,25.4,985.1,347.3,1.03,-0.42,10.88,10.94,1.13,5,417,1407,96,325,585.0,1224,99,57.9,-14.28,0,1,FLASH_FLOOD,Severe,88.4,88.7
2026-09-01 05:31:20,IN-DELHI-01,26.8,55.3,28.9,998.6,233.2,0.99,-0.2,10.83,10.87,1.06,1,403,4031,2,17,25.5,4095,0,182.8,0.21,0,0,NORMAL,None,12.7,98.2
2026-09-01 05:31:25,IN-DELHI-01,24.6,99.0,30.4,992.4,285.9,0.94,-0.13,10.64,10.68,0.87,15,452,1465,94,287,516.6,1206,99,42.6,-13.1,0,1,FLASH_FLOOD,Severe,91.5,96.3
2026-09-01 05:31:30,IN-DELHI-01,19.4,87.0,21.4,991.8,290.9,3.99,1.07,10.53,11.31,1.5,11,438,1265,100,340,544.0,1593,86,124.7,-6.53,1,2,LANDSLIDE_PRECURSOR,Extreme,86.4,87.1
2026-09-01 05:31:35,IN-DELHI-01,18.9,84.1,20.6,990.8,299.3,-4.46,-4.27,11.69,13.22,3.41,6,421,1350,98,200,320.0,1672,83,99.5,-6.91,1,2,LANDSLIDE_PRECURSOR,Extreme,98.1,89.1
2026-09-01 05:31:40,IN-DELHI-01,26.6,58.3,29.0,1002.8,198.0,0.98,-0.14,10.8,10.84,1.03,147,2164,4027,2,21,31.5,4048,1,184.4,0.0,0,4,HAZARDOUS_AIR_POLLUTION,Severe,89.6,92.4
2026-09-01 05:31:45,IN-DELHI-01,27.3,51.6,29.2,1002.2,203.3,1.04,-0.24,10.79,10.84,1.03,15,452,4095,0,8,12.0,4057,1,177.8,-0.19,0,0,NORMAL,None,7.9,95.3
2026-09-01 05:31:50,IN-DELHI-01,21.9,89.6,25.4,988.9,315.5,7.56,2.08,12.02,14.35,4.54,12,442,1183,100,214,342.4,1613,85,135.0,-2.09,0,2,LANDSLIDE_PRECURSOR,Extreme,90.5,90.7
2026-09-01 05:31:55,IN-DELHI-01,29.7,54.0,32.8,999.7,224.3,1.11,-0.25,10.65,10.71,0.9,13,445,4041,1,17,25.5,4060,1,184.2,-0.04,0,0,NORMAL,None,4.8,98.4
2026-09-01 05:32:00,IN-DELHI-01,28.6,50.4,30.8,1001.6,207.9,0.75,-0.22,10.67,10.7,0.89,2,407,4033,2,8,12.0,4092,0,184.3,0.23,0,0,NORMAL,None,17.1,92.8
2026-09-01 05:32:05,IN-DELHI-01,26.1,85.3,31.2,988.3,320.7,-2.57,-2.51,14.56,15.0,5.19,15,452,1289,100,161,257.6,1536,88,152.9,-4.37,0,2,LANDSLIDE_PRECURSOR,Extreme,94.3,89.8
2026-09-01 05:32:10,IN-DELHI-01,21.1,89.0,24.1,985.5,343.7,0.96,-0.3,10.67,10.72,0.91,9,431,1346,98,291,523.8,1375,93,43.0,-12.49,0,1,FLASH_FLOOD,Severe,91.4,97.1
2026-09-01 05:32:15,IN-DELHI-01,23.3,86.3,27.0,992.2,287.9,6.47,2.71,11.39,13.37,3.56,10,435,1334,98,197,315.2,1636,84,81.1,-3.98,0,2,LANDSLIDE_PRECURSOR,Extreme,87.0,90.8
2026-09-01 05:32:20,IN-DELHI-01,18.7,93.5,21.0,994.3,270.0,-5.04,-1.94,11.59,12.78,2.97,12,442,1266,100,196,313.6,1605,86,114.4,-7.05,0,2,LANDSLIDE_PRECURSOR,Extreme,94.3,90.3
2026-09-01 05:32:25,IN-DELHI-01,24.3,68.7,26.9,1000.8,214.6,1.16,-0.25,10.82,10.89,1.08,19,476,1449,94,541,1055.0,2937,40,80.3,-1.42,0,5,WATER_CONTAMINATION,Severe,86.1,94.5
2026-09-01 05:32:30,IN-DELHI-01,25.9,58.9,28.1,1007.2,161.0,1.18,-0.21,10.71,10.78,0.97,217,3004,3948,5,20,30.0,4087,0,178.2,0.0,0,4,HAZARDOUS_AIR_POLLUTION,Extreme,98.0,94.6
2026-09-01 05:32:35,IN-DELHI-01,27.1,48.6,28.4,1001.5,209.3,1.02,-0.18,10.52,10.57,0.76,1,403,4014,2,5,7.5,4051,1,190.1,0.08,0,0,NORMAL,None,12.2,92.1
2026-09-01 05:32:40,IN-DELHI-01,27.7,55.3,30.2,1001.9,205.7,1.1,-0.24,10.82,10.88,1.07,1,403,4072,0,2,3.0,4072,0,180.3,0.01,0,0,NORMAL,None,10.7,94.7
2026-09-01 05:32:45,IN-DELHI-01,22.5,88.8,26.1,986.4,336.3,1.03,-0.02,10.96,11.01,1.2,12,442,1348,98,298,536.4,1297,96,48.2,-6.3,0,1,FLASH_FLOOD,Severe,90.4,96.3
2026-09-01 05:32:50,IN-DELHI-01,40.1,15.1,40.1,998.5,234.2,1.04,-0.19,10.74,10.79,0.98,174,1879,4085,0,3,4.5,4095,0,184.9,0.0,0,3,WILDFIRE,Severe,85.2,97.8
2026-09-01 05:32:55,IN-DELHI-01,28.7,52.1,31.0,1001.1,212.5,1.07,-0.13,10.66,10.71,0.9,2,407,4087,0,3,4.5,4045,1,182.6,-0.02,0,0,NORMAL,None,14.6,95.6
2026-09-01 05:33:00,IN-DELHI-01,26.5,58.0,28.7,1004.1,187.0,0.89,-0.21,10.62,10.66,0.85,4,414,4014,2,17,25.5,4069,0,193.2,0.12,0,0,NORMAL,None,10.0,92.5
2026-09-01 05:33:05,IN-DELHI-01,28.0,46.1,29.4,1000.6,216.5,1.11,-0.12,10.77,10.83,1.02,5,417,4095,0,14,21.0,4043,1,173.9,0.29,0,0,NORMAL,None,16.1,96.3
2026-09-01 05:33:10,IN-DELHI-01,23.8,90.5,28.3,989.4,311.2,0.91,-0.02,10.74,10.78,0.97,11,438,1331,98,355,639.0,1277,97,28.7,-8.28,0,1,FLASH_FLOOD,Extreme,94.3,89.6
2026-09-01 05:33:15,IN-DELHI-01,21.8,96.2,25.8,985.6,342.9,1.17,-0.14,10.83,10.89,1.08,11,438,1347,98,338,608.4,1325,95,33.9,-13.79,1,1,FLASH_FLOOD,Severe,93.2,92.4
2026-09-01 05:33:20,IN-DELHI-01,27.5,49.0,29.1,1002.6,199.9,0.94,-0.25,10.85,10.9,1.09,2,407,4052,1,4,6.0,4095,0,184.8,0.22,0,0,NORMAL,None,2.5,96.9
2026-09-01 05:33:25,IN-DELHI-01,25.6,56.2,27.3,1004.8,181.6,0.95,-0.14,10.78,10.82,1.01,0,400,4079,0,12,18.0,4057,1,184.3,0.14,0,0,NORMAL,None,14.4,93.2
2026-09-01 05:33:30,IN-DELHI-01,21.3,93.3,24.8,988.8,316.5,1.01,-0.21,10.8,10.85,1.04,7,424,1348,98,294,529.2,1262,97,34.3,-16.13,1,1,FLASH_FLOOD,Severe,93.1,97.3
2026-09-01 05:33:35,IN-DELHI-01,21.3,96.1,24.9,986.0,339.6,1.31,-0.04,10.63,10.71,0.9,18,463,1368,97,305,549.0,1237,98,75.1,-11.39,0,1,FLASH_FLOOD,Severe,85.0,91.7
2026-09-01 05:33:40,IN-DELHI-01,39.3,16.5,39.3,996.8,248.9,1.16,-0.24,10.9,10.96,1.15,122,1437,4078,0,13,19.5,4095,0,185.3,0.0,0,3,WILDFIRE,Severe,82.6,91.5
2026-09-01 05:33:45,IN-DELHI-01,29.8,69.8,35.0,1007.9,155.4,0.98,-0.21,10.78,10.83,1.02,219,3028,3988,3,26,39.0,4076,0,175.5,0.0,0,4,HAZARDOUS_AIR_POLLUTION,Extreme,98.3,91.8
2026-09-01 05:33:50,IN-DELHI-01,24.4,53.2,25.4,1001.8,206.5,1.01,-0.16,10.62,10.67,0.86,25,487,4049,1,12,18.0,4072,0,180.3,-0.02,0,0,NORMAL,None,5.3,97.2
2026-09-01 05:33:55,IN-DELHI-01,28.5,52.7,30.9,1000.8,215.1,0.98,-0.19,10.75,10.79,0.98,0,400,4084,0,5,7.5,4087,0,167.8,-0.15,0,0,NORMAL,None,10.9,93.6
2026-09-01 05:34:00,IN-DELHI-01,25.6,53.5,27.0,1001.2,211.6,1.03,-0.14,10.64,10.69,0.88,3,410,4080,0,11,16.5,4095,0,181.2,-0.41,0,0,NORMAL,None,17.0,98.8
2026-09-01 05:34:05,IN-DELHI-01,23.7,86.5,27.6,993.0,280.4,-3.69,-2.7,10.93,11.85,2.04,20,470,1213,100,229,366.4,1488,90,80.0,-1.81,0,2,LANDSLIDE_PRECURSOR,Extreme,94.3,86.2
2026-09-01 05:34:10,IN-DELHI-01,42.8,15.7,42.8,995.6,258.8,1.07,-0.08,10.66,10.71,0.9,124,1454,4078,0,1,1.5,4095,0,186.6,0.0,0,3,WILDFIRE,Extreme,94.7,97.5
2026-09-01 05:34:15,IN-DELHI-01,26.0,64.7,28.8,1004.9,180.8,1.03,-0.22,10.72,10.78,0.97,146,2152,4057,1,20,30.0,4037,2,178.9,0.0,0,4,HAZARDOUS_AIR_POLLUTION,Severe,89.5,92.0
2026-09-01 05:34:20,IN-DELHI-01,24.6,43.6,24.6,1000.7,215.8,1.13,-0.3,10.94,11.0,1.19,1,403,4059,1,9,13.5,4056,1,172.8,-0.1,0,0,NORMAL,None,10.8,94.5
2026-09-01 05:34:25,IN-DELHI-01,21.1,94.5,24.5,987.7,325.4,1.11,0.03,10.85,10.91,1.1,13,445,1418,95,288,518.4,1220,99,74.8,-13.22,1,1,FLASH_FLOOD,Severe,85.0,95.0
2026-09-01 05:34:30,IN-DELHI-01,43.6,15.2,43.7,999.3,227.8,1.0,-0.2,10.69,10.74,0.93,123,1445,4073,0,11,16.5,4095,0,188.3,0.0,0,3,WILDFIRE,Extreme,97.6,96.9
2026-09-01 05:34:35,IN-DELHI-01,27.5,60.0,30.3,999.1,229.4,0.91,-0.21,10.62,10.66,0.85,0,400,4061,1,0,0.0,4095,0,179.4,0.06,0,0,NORMAL,None,13.0,96.9
2026-09-01 05:34:40,IN-DELHI-01,25.3,50.6,26.4,1001.5,208.9,1.1,-0.12,10.9,10.95,1.14,1,403,4034,2,16,24.0,4070,0,180.0,0.08,0,0,NORMAL,None,11.2,92.7
2026-09-01 05:34:45,IN-DELHI-01,27.1,69.5,31.0,998.0,238.9,1.06,-0.23,10.82,10.88,1.07,19,476,2075,72,535,1043.2,3112,33,83.8,-1.15,0,5,WATER_CONTAMINATION,Severe,85.9,87.6
2026-09-01 05:34:50,IN-DELHI-01,22.8,62.0,24.2,1004.5,183.7,1.07,-0.11,10.7,10.75,0.94,186,2632,4007,3,1,1.5,4081,0,177.3,0.0,1,4,HAZARDOUS_AIR_POLLUTION,Extreme,94.3,91.9
2026-09-01 05:34:55,IN-DELHI-01,28.1,55.3,30.7,1002.9,197.6,1.16,-0.23,10.66,10.72,0.91,5,417,4018,2,7,10.5,4082,0,175.2,0.02,0,0,NORMAL,None,16.4,95.0
2026-09-01 05:35:00,IN-DELHI-01,29.0,70.0,33.9,1001.6,208.4,1.02,-0.19,10.7,10.75,0.94,16,464,2071,72,564,1099.8,3418,23,35.5,-2.79,0,5,WATER_CONTAMINATION,Severe,87.0,88.0
2026-09-01 05:35:05,IN-DELHI-01,27.2,50.1,28.8,1000.8,214.9,1.02,-0.24,10.67,10.72,0.91,4,414,4013,2,10,15.0,4093,0,192.2,0.13,0,0,NORMAL,None,10.2,98.4
2026-09-01 05:35:10,IN-DELHI-01,20.4,90.6,23.2,993.4,277.7,3.85,1.46,10.58,11.35,1.54,11,438,1145,100,262,419.2,1693,82,150.9,-2.98,1,2,LANDSLIDE_PRECURSOR,Extreme,97.7,91.1
2026-09-01 05:35:15,IN-DELHI-01,22.8,97.8,27.5,987.0,331.5,1.09,-0.26,10.96,11.01,1.2,18,463,1422,95,286,514.8,1242,98,15.0,-8.64,1,1,FLASH_FLOOD,Extreme,97.0,90.5
2026-09-01 05:35:20,IN-DELHI-01,21.2,81.8,23.7,993.5,276.5,3.89,0.66,10.86,11.56,1.75,13,445,1286,100,198,316.8,1585,86,105.5,-3.97,1,2,LANDSLIDE_PRECURSOR,Extreme,92.3,92.0
2026-09-01 05:35:25,IN-DELHI-01,37.0,19.1,37.0,998.1,237.5,1.02,-0.3,10.88,10.93,1.12,103,1275,4089,0,5,7.5,4095,0,183.3,0.0,0,3,WILDFIRE,Severe,75.0,96.8
2026-09-01 05:35:30,IN-DELHI-01,24.9,49.1,25.7,1002.3,202.1,1.04,-0.28,10.58,10.64,0.83,0,400,4060,1,8,12.0,4064,1,192.8,-0.11,0,0,NORMAL,None,14.4,95.8
2026-09-01 05:35:35,IN-DELHI-01,28.4,48.9,30.2,1001.1,212.3,0.94,-0.15,10.72,10.76,0.95,2,407,4095,0,5,7.5,4054,1,184.5,0.0,0,0,NORMAL,None,3.2,98.8
2026-09-01 05:35:40,IN-DELHI-01,23.4,63.9,25.1,1008.3,151.4,1.09,-0.15,10.92,10.98,1.17,201,2812,4001,3,2,3.0,4063,1,183.2,0.0,0,4,HAZARDOUS_AIR_POLLUTION,Extreme,96.1,98.2
2026-09-01 05:35:45,IN-DELHI-01,25.7,63.9,28.3,1008.1,153.4,1.11,-0.2,10.87,10.93,1.12,226,3112,3961,4,20,30.0,4079,0,183.6,0.0,1,4,HAZARDOUS_AIR_POLLUTION,Extreme,99.0,94.9
2026-09-01 05:35:50,IN-DELHI-01,43.4,19.3,44.6,996.8,248.9,0.93,-0.16,10.57,10.61,0.8,149,1666,4081,0,0,0.0,4095,0,189.1,0.0,0,3,WILDFIRE,Extreme,96.9,87.9
2026-09-01 05:35:55,IN-DELHI-01,26.5,63.5,29.4,1001.2,211.2,1.15,-0.08,10.72,10.78,0.97,3,410,4053,1,0,0.0,4095,0,171.5,0.11,0,0,NORMAL,None,17.9,96.4
2026-09-01 05:36:00,IN-DELHI-01,28.7,49.0,30.6,1001.6,208.5,1.1,-0.28,10.8,10.86,1.05,7,424,4095,0,7,10.5,4088,0,178.4,0.1,0,0,NORMAL,None,16.1,98.5
2026-09-01 05:36:05,IN-DELHI-01,21.4,88.2,24.4,991.3,295.2,-2.78,-2.15,11.4,11.93,2.12,7,424,1374,97,170,272.0,1443,91,154.7,-6.29,0,2,LANDSLIDE_PRECURSOR,Extreme,97.7,95.2
2026-09-01 05:36:10,IN-DELHI-01,27.3,71.2,31.5,1002.2,203.2,1.02,-0.24,10.71,10.76,0.95,12,448,2102,71,600,1170.0,3286,27,35.7,-2.25,0,5,WATER_CONTAMINATION,Severe,88.4,94.3
2026-09-01 05:36:15,IN-DELHI-01,20.2,59.7,20.5,1006.5,167.0,1.15,-0.15,10.82,10.88,1.07,117,1804,3927,6,14,21.0,4042,1,187.8,0.0,0,4,HAZARDOUS_AIR_POLLUTION,Severe,86.0,93.1
2026-09-01 05:36:20,IN-DELHI-01,42.1,14.4,42.1,997.8,240.2,1.02,-0.24,10.69,10.74,0.93,116,1386,4094,0,0,0.0,4095,0,189.2,0.0,0,3,WILDFIRE,Extreme,92.5,90.8
2026-09-01 05:36:25,IN-DELHI-01,25.7,87.4,30.8,992.0,289.0,-4.45,-2.92,12.02,13.14,3.33,13,445,1202,100,220,352.0,1557,87,103.9,-7.53,0,2,LANDSLIDE_PRECURSOR,Extreme,96.2,86.4
2026-09-01 05:36:30,IN-DELHI-01,28.2,56.6,30.9,1002.5,200.6,1.05,-0.3,10.89,10.95,1.14,0,400,4086,0,9,13.5,4072,0,184.8,0.19,0,0,NORMAL,None,4.8,95.3
2026-09-01 05:36:35,IN-DELHI-01,24.8,91.5,29.8,998.0,238.5,4.12,2.27,11.74,12.65,2.84,9,431,1400,96,219,350.4,1579,86,132.6,-5.4,0,2,LANDSLIDE_PRECURSOR,Extreme,97.7,87.6
2026-09-01 05:36:40,IN-DELHI-01,27.9,66.1,31.7,1007.3,160.2,1.08,-0.15,10.94,11.0,1.19,246,3352,4012,2,14,21.0,4065,1,181.8,0.0,0,4,HAZARDOUS_AIR_POLLUTION,Extreme,99.0,97.0
2026-09-01 05:36:45,IN-DELHI-01,22.1,90.0,25.7,990.2,304.7,-5.31,-2.58,11.63,13.05,3.24,13,445,1337,98,200,320.0,1438,91,140.5,-1.5,1,2,LANDSLIDE_PRECURSOR,Extreme,89.9,91.3
2026-09-01 05:36:50,IN-DELHI-01,23.4,65.1,25.2,1007.1,161.8,1.01,-0.24,10.73,10.78,0.97,133,1996,3887,7,11,16.5,4089,0,185.4,0.0,0,4,HAZARDOUS_AIR_POLLUTION,Severe,88.0,91.0
2026-09-01 05:36:55,IN-DELHI-01,26.0,52.5,27.4,1001.6,208.3,1.0,-0.18,10.85,10.9,1.09,4,414,4080,0,10,15.0,4082,0,179.6,-0.16,0,0,NORMAL,None,14.4,98.2
2026-09-01 05:37:00,IN-DELHI-01,25.9,90.4,31.5,991.6,292.5,6.52,1.72,10.84,12.76,2.95,16,456,1394,96,256,409.6,1530,88,133.2,-4.5,0,2,LANDSLIDE_PRECURSOR,Extreme,96.2,87.7
2026-09-01 05:37:05,IN-DELHI-01,24.9,69.9,27.9,1008.0,154.3,1.12,-0.12,10.76,10.82,1.01,220,3040,4028,2,5,7.5,4066,1,175.3,0.0,1,4,HAZARDOUS_AIR_POLLUTION,Extreme,98.4,93.3
2026-09-01 05:37:10,IN-DELHI-01,27.5,60.5,30.5,1001.0,213.2,1.18,-0.21,10.7,10.77,0.96,1,403,4088,0,4,6.0,4070,0,174.5,0.03,0,0,NORMAL,None,8.3,98.4
2026-09-01 05:37:15,IN-DELHI-01,42.5,16.6,42.8,997.9,239.1,1.11,-0.25,10.71,10.77,0.96,137,1564,4083,0,9,13.5,4095,0,195.3,0.0,0,3,WILDFIRE,Extreme,93.9,87.8
2026-09-01 05:37:20,IN-DELHI-01,30.1,53.7,33.2,1005.1,178.9,1.07,-0.17,10.73,10.78,0.97,178,2536,3994,3,6,9.0,4089,0,173.0,0.0,0,4,HAZARDOUS_AIR_POLLUTION,Severe,93.4,90.4
2026-09-01 05:37:25,IN-DELHI-01,44.6,17.4,45.7,997.0,246.7,1.12,-0.21,10.59,10.65,0.84,117,1394,4083,0,4,6.0,4095,0,185.1,0.0,1,3,WILDFIRE,Extreme,98.0,97.9
2026-09-01 05:37:30,IN-DELHI-01,22.6,87.4,26.1,994.9,265.1,6.41,2.88,11.64,13.6,3.79,9,431,1311,99,248,396.8,1823,78,131.4,-6.44,0,2,LANDSLIDE_PRECURSOR,Extreme,92.6,86.2
2026-09-01 05:37:35,IN-DELHI-01,24.5,59.9,26.2,1008.0,154.5,1.05,-0.17,10.91,10.96,1.15,175,2500,3950,5,2,3.0,4052,1,183.5,0.0,1,4,HAZARDOUS_AIR_POLLUTION,Severe,93.0,96.5
2026-09-01 05:37:40,IN-DELHI-01,29.2,50.1,31.6,1001.1,212.0,1.0,-0.05,10.71,10.76,0.95,0,400,4044,1,8,12.0,4095,0,181.3,-0.07,0,0,NORMAL,None,12.1,93.7
2026-09-01 05:37:45,IN-DELHI-01,27.6,50.1,29.3,1000.8,214.8,0.92,-0.17,10.92,10.96,1.15,2,407,4051,1,3,4.5,4073,0,180.5,-0.05,0,0,NORMAL,None,3.9,97.2
2026-09-01 05:37:50,IN-DELHI-01,21.4,99.0,25.4,989.9,306.5,1.15,-0.21,10.52,10.59,0.78,11,438,1333,98,271,487.8,1234,98,50.0,-16.27,1,1,FLASH_FLOOD,Severe,90.0,93.6
2026-09-01 05:37:55,IN-DELHI-01,29.5,44.9,31.3,999.8,223.2,1.02,-0.16,10.55,10.6,0.79,4,414,4030,2,0,0.0,4067,0,173.9,0.18,0,0,NORMAL,None,9.4,93.3
2026-09-01 05:38:00,IN-DELHI-01,26.5,67.4,29.9,1000.5,217.8,0.95,-0.15,10.69,10.73,0.92,26,504,1579,90,557,1086.1,3453,22,78.8,-1.85,0,5,WATER_CONTAMINATION,Severe,86.7,93.4
2026-09-01 05:38:05,IN-DELHI-01,27.2,51.3,29.0,999.3,227.3,1.09,-0.19,10.65,10.71,0.9,0,400,4069,0,5,7.5,4051,1,175.8,-0.12,0,0,NORMAL,None,3.4,96.4
2026-09-01 05:38:10,IN-DELHI-01,28.1,72.9,32.9,1001.9,205.8,1.13,-0.24,10.57,10.64,0.83,16,464,1831,81,620,1209.0,2666,49,76.9,-0.88,0,5,WATER_CONTAMINATION,Severe,89.2,91.5
2026-09-01 05:38:15,IN-DELHI-01,29.0,45.4,30.7,1001.4,209.5,1.06,-0.08,10.91,10.96,1.15,0,400,4004,3,13,19.5,4039,1,180.2,-0.09,0,0,NORMAL,None,12.3,94.4
2026-09-01 05:38:20,IN-DELHI-01,42.0,18.7,42.7,998.2,236.5,1.02,-0.16,10.76,10.81,1.0,146,1641,4087,0,12,18.0,4095,0,188.8,0.0,1,3,WILDFIRE,Severe,92.0,88.0
2026-09-01 05:38:25,IN-DELHI-01,26.6,65.0,29.7,1006.7,165.1,1.18,-0.24,10.63,10.7,0.89,166,2392,4076,0,7,10.5,4034,2,170.2,0.0,1,4,HAZARDOUS_AIR_POLLUTION,Severe,91.9,91.2
2026-09-01 05:38:30,IN-DELHI-01,29.2,56.8,32.3,1001.0,213.7,0.92,-0.16,10.63,10.67,0.86,11,438,4064,1,9,13.5,4089,0,185.5,-0.09,0,0,NORMAL,None,2.8,94.4
2026-09-01 05:38:35,IN-DELHI-01,26.3,61.8,28.9,1001.6,208.4,1.15,-0.14,10.74,10.8,0.99,2,407,4032,2,4,6.0,4068,0,195.3,0.28,1,0,NORMAL,None,16.0,98.6
2026-09-01 05:38:40,IN-DELHI-01,24.8,93.7,30.2,991.7,292.0,1.26,-0.22,10.64,10.71,0.9,15,452,1325,99,349,628.2,1326,95,52.2,-20.51,1,1,FLASH_FLOOD,Severe,89.6,93.0
2026-09-01 05:38:45,IN-DELHI-01,22.7,93.2,26.7,984.9,348.6,1.02,-0.2,10.82,10.87,1.06,12,442,1332,98,290,522.0,1215,99,85.9,-17.46,0,1,FLASH_FLOOD,Severe,82.8,88.3
2026-09-01 05:38:50,IN-DELHI-01,23.5,94.0,28.1,985.7,342.1,1.22,-0.18,10.71,10.78,0.97,5,417,1353,98,379,682.2,1288,96,15.0,-14.63,1,1,FLASH_FLOOD,Extreme,97.0,94.9
2026-09-01 05:38:55,IN-DELHI-01,23.4,92.5,27.8,989.2,312.6,1.21,-0.18,10.99,11.05,1.24,18,463,1474,93,181,325.8,1285,97,44.3,-15.77,0,1,FLASH_FLOOD,Severe,91.1,94.5
2026-09-01 05:39:00,IN-DELHI-01,24.2,64.4,26.2,999.3,227.6,1.16,-0.18,10.63,10.7,0.89,27,508,1988,75,682,1329.9,3731,12,79.3,-0.42,0,5,WATER_CONTAMINATION,Severe,91.6,87.7
2026-09-01 05:39:05,IN-DELHI-01,31.7,51.0,35.2,1000.3,219.3,0.96,-0.22,10.88,10.93,1.12,0,400,4023,2,14,21.0,4095,0,192.1,-0.15,0,0,NORMAL,None,18.0,95.0
2026-09-01 05:39:10,IN-DELHI-01,28.2,57.0,31.0,1000.9,214.2,1.19,-0.14,10.53,10.59,0.78,1,403,4095,0,10,15.0,4064,1,186.7,0.01,0,0,NORMAL,None,7.6,95.9
2026-09-01 05:39:15,IN-DELHI-01,43.1,20.8,44.7,995.5,259.4,1.19,-0.19,10.75,10.82,1.01,107,1309,4066,1,2,3.0,4095,0,183.8,0.0,0,3,WILDFIRE,Extreme,95.9,97.1
2026-09-01 05:39:20,IN-DELHI-01,21.5,87.2,24.5,990.4,302.9,4.63,2.24,11.19,12.32,2.51,13,445,1275,100,209,334.4,1713,82,131.4,-5.55,0,2,LANDSLIDE_PRECURSOR,Extreme,93.4,90.2
2026-09-01 05:39:25,IN-DELHI-01,26.4,53.6,28.1,1001.4,209.7,1.03,-0.11,10.72,10.77,0.96,5,417,4059,1,22,33.0,4071,0,187.6,-0.06,0,0,NORMAL,None,3.3,98.4
2026-09-01 05:39:30,IN-DELHI-01,25.1,44.2,25.4,1000.0,222.0,0.98,-0.22,10.57,10.62,0.81,0,400,4059,1,4,6.0,4090,0,191.8,-0.05,0,0,NORMAL,None,15.0,92.2
2026-09-01 05:39:35,IN-DELHI-01,27.7,54.2,30.0,1002.5,200.2,0.84,-0.16,10.59,10.62,0.81,2,407,4095,0,15,22.5,4043,1,183.7,-0.23,0,0,NORMAL,None,11.3,96.0
2026-09-01 05:39:40,IN-DELHI-01,28.2,53.4,30.5,1001.1,212.0,1.09,-0.33,10.82,10.88,1.07,1,403,4073,0,10,15.0,4064,1,173.3,-0.23,0,0,NORMAL,None,12.1,92.2
2026-09-01 05:39:45,IN-DELHI-01,24.6,75.7,28.0,1000.9,213.9,1.04,-0.11,10.63,10.68,0.87,12,448,2016,74,836,1630.2,2908,41,81.7,-2.71,0,5,WATER_CONTAMINATION,Severe,96.0,93.6
2026-09-01 05:39:50,IN-DELHI-01,41.8,14.0,41.8,997.8,240.0,1.16,-0.19,10.85,10.91,1.1,182,1947,4086,0,2,3.0,4095,0,186.8,0.0,0,3,WILDFIRE,Severe,91.4,88.3
2026-09-01 05:39:55,IN-DELHI-01,26.2,59.2,28.5,1005.1,178.9,1.06,-0.12,10.71,10.76,0.95,133,1996,3991,3,13,19.5,4058,1,187.4,0.0,1,4,HAZARDOUS_AIR_POLLUTION,Severe,88.0,90.5
2026-09-01 05:40:00,IN-DELHI-01,23.3,57.5,24.4,1005.1,178.5,1.1,-0.23,10.65,10.71,0.9,179,2548,3977,4,22,33.0,4061,1,178.5,0.0,1,4,HAZARDOUS_AIR_POLLUTION,Severe,93.5,92.1
2026-09-01 05:40:05,IN-DELHI-01,25.0,86.9,29.7,991.6,292.8,2.88,0.95,11.64,12.03,2.22,19,466,1306,99,304,486.4,1812,78,128.5,-4.48,0,2,LANDSLIDE_PRECURSOR,Extreme,92.8,88.3
2026-09-01 05:40:10,IN-DELHI-01,23.3,91.5,27.6,992.4,285.6,-2.21,-0.41,10.45,10.69,0.88,18,463,1236,100,154,246.4,1755,80,160.8,-3.13,0,2,LANDSLIDE_PRECURSOR,Extreme,91.0,91.0
2026-09-01 05:40:15,IN-DELHI-01,22.7,89.6,26.4,987.5,327.1,1.04,-0.19,10.61,10.66,0.85,1,403,1244,100,325,585.0,1260,97,79.5,-11.34,0,1,FLASH_FLOOD,Severe,84.1,92.0
2026-09-01 05:40:20,IN-DELHI-01,19.3,89.8,21.5,991.6,292.9,-4.96,-3.08,10.28,11.83,2.02,10,435,1297,100,316,505.6,1269,97,92.7,-5.29,0,2,LANDSLIDE_PRECURSOR,Extreme,86.1,88.4
2026-09-01 05:40:25,IN-DELHI-01,24.3,90.1,28.9,990.8,299.5,4.79,3.15,12.79,14.01,4.2,4,414,1375,97,279,446.4,1725,81,160.8,-6.43,0,2,LANDSLIDE_PRECURSOR,Extreme,96.7,96.3
2026-09-01 05:40:30,IN-DELHI-01,24.6,90.2,29.4,996.8,248.7,6.77,2.7,10.12,12.47,2.66,11,438,1309,99,264,422.4,1739,81,142.5,-4.32,0,2,LANDSLIDE_PRECURSOR,Extreme,90.9,96.0
2026-09-01 05:40:35,IN-DELHI-01,43.2,17.4,43.8,996.2,253.8,0.99,-0.19,10.81,10.85,1.04,93,1190,4084,0,8,12.0,4095,0,187.5,0.0,0,3,WILDFIRE,Extreme,96.1,87.9
2026-09-01 05:40:40,IN-DELHI-01,21.2,88.5,24.1,991.1,296.9,-1.86,-2.98,9.71,10.33,0.52,14,449,1232,100,154,246.4,1542,88,132.3,-3.32,0,2,LANDSLIDE_PRECURSOR,Extreme,95.2,91.8
2026-09-01 05:40:45,IN-DELHI-01,21.9,69.8,23.6,1006.0,171.0,1.06,-0.09,10.93,10.98,1.17,180,2560,3924,6,6,9.0,4056,1,182.6,0.0,0,4,HAZARDOUS_AIR_POLLUTION,Extreme,93.6,93.5
2026-09-01 05:40:50,IN-DELHI-01,27.5,62.8,30.7,1004.8,181.6,1.08,-0.23,10.69,10.75,0.94,129,1948,3997,3,17,25.5,4054,1,174.0,0.0,0,4,HAZARDOUS_AIR_POLLUTION,Severe,87.5,92.2
2026-09-01 05:40:55,IN-DELHI-01,28.3,53.1,30.7,1000.5,217.9,1.14,-0.21,10.73,10.79,0.98,1,403,4095,0,19,28.5,4072,0,182.6,-0.15,0,0,NORMAL,None,16.2,94.5
2026-09-01 05:41:00,IN-DELHI-01,21.7,86.2,24.6,993.2,278.6,3.82,0.02,11.09,11.73,1.92,12,442,1296,100,191,305.6,1685,83,124.8,-4.63,0,2,LANDSLIDE_PRECURSOR,Extreme,87.2,86.8
2026-09-01 05:41:05,IN-DELHI-01,29.3,50.3,31.7,1002.4,201.1,1.1,-0.23,10.79,10.85,1.04,1,403,4041,1,16,24.0,4033,2,183.6,-0.07,0,0,NORMAL,None,17.3,98.8
2026-09-01 05:41:10,IN-DELHI-01,25.7,67.7,28.8,999.5,226.1,1.02,-0.1,10.67,10.72,0.91,30,520,1628,88,716,1396.2,3747,12,80.6,-0.76,0,5,WATER_CONTAMINATION,Severe,92.9,86.8
2026-09-01 05:41:15,IN-DELHI-01,28.3,68.9,32.6,1004.5,183.7,1.13,-0.07,10.85,10.91,1.1,29,516,1944,76,635,1238.2,3554,18,34.7,-1.69,0,5,WATER_CONTAMINATION,Severe,89.8,91.1
2026-09-01 05:41:20,IN-DELHI-01,43.3,21.0,45.0,995.2,262.5,1.09,-0.19,10.81,10.86,1.05,145,1632,4083,0,11,16.5,4095,0,194.0,0.0,0,3,WILDFIRE,Extreme,96.5,97.5
2026-09-01 05:41:25,IN-DELHI-01,22.7,98.0,27.3,986.2,337.6,1.14,-0.11,10.97,11.03,1.22,10,435,1376,97,347,624.6,1227,99,25.2,-13.58,1,1,FLASH_FLOOD,Extreme,95.0,88.9
2026-09-01 05:41:30,IN-DELHI-01,37.9,14.9,37.9,996.6,250.0,1.12,-0.23,10.66,10.72,0.91,101,1258,4082,0,6,9.0,4095,0,185.2,0.0,1,3,WILDFIRE,Severe,77.8,87.1
2026-09-01 05:41:35,IN-DELHI-01,25.2,48.6,26.0,1000.3,219.4,1.1,-0.09,10.71,10.77,0.96,18,463,4032,2,10,15.0,4090,0,184.3,0.06,0,0,NORMAL,None,10.6,94.7
2026-09-01 05:41:40,IN-DELHI-01,41.4,18.7,41.9,997.9,239.4,0.97,-0.24,10.69,10.74,0.93,97,1224,4078,0,5,7.5,4095,0,191.9,0.0,0,3,WILDFIRE,Severe,89.8,89.4
2026-09-01 05:41:45,IN-DELHI-01,29.3,45.4,31.0,1000.4,218.2,0.99,-0.11,10.65,10.7,0.89,11,438,4082,0,2,3.0,4055,1,180.2,-0.18,0,0,NORMAL,None,15.2,96.8
2026-09-01 05:41:50,IN-DELHI-01,27.7,74.7,32.5,997.6,242.1,1.03,-0.19,10.66,10.71,0.9,21,484,1909,78,710,1384.5,3428,23,77.0,-0.11,0,5,WATER_CONTAMINATION,Severe,92.7,90.1
2026-09-01 05:41:55,IN-DELHI-01,27.6,47.5,29.0,1000.9,214.2,1.05,-0.19,10.68,10.74,0.93,3,410,4067,1,10,15.0,4054,1,186.4,-0.05,0,0,NORMAL,None,11.8,98.8
2026-09-01 05:42:00,IN-DELHI-01,28.2,64.9,31.9,1006.1,170.2,1.03,-0.15,10.69,10.74,0.93,217,3004,4029,2,15,22.5,4049,1,183.2,0.0,0,4,HAZARDOUS_AIR_POLLUTION,Extreme,98.0,92.8
2026-09-01 05:42:05,IN-DELHI-01,42.2,18.9,43.0,1001.1,212.1,1.0,-0.05,10.78,10.82,1.01,117,1394,4079,0,9,13.5,4095,0,186.8,0.0,0,3,WILDFIRE,Extreme,92.8,88.5
2026-09-01 05:42:10,IN-DELHI-01,41.7,22.0,43.2,993.7,274.5,0.95,-0.14,10.65,10.7,0.89,165,1802,4095,0,0,0.0,4095,0,179.6,0.0,0,3,WILDFIRE,Severe,91.0,94.2
2026-09-01 05:42:15,IN-DELHI-01,29.5,53.8,32.4,1001.1,212.3,1.09,-0.11,10.97,11.03,1.22,3,410,4070,0,24,36.0,4059,1,176.2,0.2,0,0,NORMAL,None,8.0,98.8
2026-09-01 05:42:20,IN-DELHI-01,40.7,16.8,40.7,1000.8,214.6,1.03,-0.1,10.78,10.83,1.02,106,1301,4068,0,9,13.5,4095,0,192.7,0.0,0,3,WILDFIRE,Severe,87.4,89.4
2026-09-01 05:42:25,IN-DELHI-01,27.9,68.6,32.0,1003.5,191.9,1.19,-0.15,10.73,10.79,0.98,15,460,2073,72,741,1445.0,3122,33,77.2,-2.56,0,5,WATER_CONTAMINATION,Severe,93.9,90.3
2026-09-01 05:42:30,IN-DELHI-01,20.8,91.1,23.8,984.6,351.5,1.24,-0.13,11.13,11.19,1.38,15,452,1227,100,315,567.0,1365,94,61.0,-12.45,0,1,FLASH_FLOOD,Severe,87.8,97.5
2026-09-01 05:42:35,IN-DELHI-01,24.6,49.6,25.3,1003.6,191.7,1.02,-0.22,10.78,10.83,1.02,2,407,4030,2,11,16.5,4095,0,177.9,0.0,0,0,NORMAL,None,10.1,93.0
2026-09-01 05:42:40,IN-DELHI-01,23.2,63.5,24.9,1001.3,210.8,0.95,-0.17,10.75,10.8,0.99,21,484,1791,82,634,1236.3,3575,17,36.8,-1.82,0,5,WATER_CONTAMINATION,Severe,89.7,88.5
2026-09-01 05:42:45,IN-DELHI-01,27.8,46.0,29.1,1000.6,216.8,1.18,-0.05,11.06,11.12,1.31,9,431,4025,2,10,15.0,4085,0,189.2,0.06,0,0,NORMAL,None,6.1,93.5
2026-09-01 05:42:50,IN-DELHI-01,23.1,86.4,26.8,990.1,305.0,6.6,1.21,9.75,11.84,2.03,12,442,1286,100,273,436.8,1655,84,128.8,-0.41,0,2,LANDSLIDE_PRECURSOR,Extreme,86.6,95.0
2026-09-01 05:42:55,IN-DELHI-01,18.3,87.9,20.1,997.2,245.4,4.65,2.37,10.43,11.67,1.86,13,445,1293,100,206,329.6,1557,87,123.5,-8.23,0,2,LANDSLIDE_PRECURSOR,Extreme,88.2,89.8
2026-09-01 05:43:00,IN-DELHI-01,26.5,52.9,28.2,999.3,227.8,1.04,-0.17,10.81,10.86,1.05,1,403,4095,0,10,15.0,4063,1,180.6,-0.24,0,0,NORMAL,None,16.3,95.1
2026-09-01 05:43:05,IN-DELHI-01,29.8,72.7,35.4,1005.4,176.4,1.02,-0.05,10.8,10.85,1.04,85,1420,4012,2,10,15.0,4056,1,183.7,0.0,0,4,HAZARDOUS_AIR_POLLUTION,Severe,82.2,98.2
2026-09-01 05:43:10,IN-DELHI-01,23.9,88.9,28.2,987.1,330.1,1.22,-0.33,10.79,10.87,1.06,8,428,1362,97,402,723.6,1354,94,47.6,-14.94,0,1,FLASH_FLOOD,Severe,90.5,91.9
2026-09-01 05:43:15,IN-DELHI-01,28.3,58.6,31.3,1000.1,221.2,0.96,-0.18,10.9,10.94,1.13,0,400,4037,2,13,19.5,4092,0,176.0,0.23,0,0,NORMAL,None,17.5,92.9
2026-09-01 05:43:20,IN-DELHI-01,40.4,22.1,41.5,995.8,256.7,1.04,-0.09,10.76,10.81,1.0,139,1581,4091,0,7,10.5,4095,0,193.2,0.0,0,3,WILDFIRE,Severe,86.5,90.2
2026-09-01 05:43:25,IN-DELHI-01,22.0,85.7,25.0,991.6,292.8,-4.74,-3.06,8.92,10.56,0.75,16,456,1209,100,225,360.0,1507,89,132.7,-0.94,0,2,LANDSLIDE_PRECURSOR,Extreme,96.7,92.4
2026-09-01 05:43:30,IN-DELHI-01,26.6,48.3,27.7,1000.3,218.8,1.16,-0.16,10.78,10.84,1.03,0,400,4049,1,4,6.0,4061,1,172.1,-0.0,0,0,NORMAL,None,16.0,93.3
2026-09-01 05:43:35,IN-DELHI-01,23.9,89.4,28.2,987.0,331.0,5.39,2.1,10.66,12.13,2.32,11,438,1251,100,227,363.2,1621,85,135.3,-1.56,0,2,LANDSLIDE_PRECURSOR,Extreme,92.4,95.0
2026-09-01 05:43:40,IN-DELHI-01,26.2,64.9,29.2,1008.2,153.0,1.11,-0.04,10.7,10.75,0.94,139,2068,4041,1,4,6.0,4073,0,179.3,0.0,0,4,HAZARDOUS_AIR_POLLUTION,Severe,88.7,95.5
2026-09-01 05:43:45,IN-DELHI-01,42.2,23.0,44.1,996.8,248.4,1.04,-0.1,10.65,10.7,0.89,152,1692,4095,0,6,9.0,4095,0,185.3,0.0,0,3,WILDFIRE,Extreme,92.6,91.7
2026-09-01 05:43:50,IN-DELHI-01,27.3,71.8,31.5,999.5,226.0,0.99,-0.18,10.58,10.63,0.82,7,428,1592,89,604,1177.8,2991,38,90.9,-0.55,0,5,WATER_CONTAMINATION,Severe,88.6,85.4
2026-09-01 05:43:55,IN-DELHI-01,23.0,92.7,27.2,987.3,328.5,1.12,-0.2,10.59,10.65,0.84,7,424,1342,98,301,541.8,1195,100,40.2,-14.3,1,1,FLASH_FLOOD,Severe,92.0,92.2
2026-09-01 05:44:00,IN-DELHI-01,22.9,84.9,26.4,994.8,265.9,-2.37,-0.81,11.06,11.34,1.53,11,438,1308,99,155,248.0,1441,91,155.8,-5.57,1,2,LANDSLIDE_PRECURSOR,Extreme,97.8,90.0
2026-09-01 05:44:05,IN-DELHI-01,25.4,65.2,28.0,1004.3,185.4,1.12,-0.26,10.77,10.83,1.02,16,464,1769,83,513,1000.4,3238,29,77.5,-1.03,1,5,WATER_CONTAMINATION,Severe,85.0,92.8
2026-09-01 05:44:10,IN-DELHI-01,24.7,94.1,30.0,991.9,290.4,0.96,-0.05,10.7,10.74,0.93,24,484,1419,95,342,615.6,1072,100,74.6,-13.21,0,1,FLASH_FLOOD,Severe,85.1,90.0
2026-09-01 05:44:15,IN-DELHI-01,27.4,88.6,33.7,990.1,305.1,7.31,2.92,9.05,12.0,2.19,12,442,1291,100,175,280.0,1614,85,156.5,-0.59,0,2,LANDSLIDE_PRECURSOR,Extreme,90.2,88.7
2026-09-01 05:44:20,IN-DELHI-01,25.5,55.5,27.1,1000.7,215.7,1.06,-0.13,10.56,10.61,0.8,3,410,4046,1,9,13.5,4036,2,176.5,-0.07,0,0,NORMAL,None,5.3,98.9
2026-09-01 05:44:25,IN-DELHI-01,25.6,74.1,29.2,1005.7,173.8,1.11,-0.2,10.69,10.75,0.94,171,2452,4004,3,14,21.0,4085,0,186.8,0.0,0,4,HAZARDOUS_AIR_POLLUTION,Severe,92.5,91.1
2026-09-01 05:44:30,IN-DELHI-01,21.9,88.6,25.2,991.9,289.9,-1.56,-1.18,10.79,10.96,1.15,9,431,1305,99,181,289.6,1655,84,126.9,-6.01,0,2,LANDSLIDE_PRECURSOR,Extreme,87.1,96.3
2026-09-01 05:44:35,IN-DELHI-01,21.9,91.0,25.5,993.9,272.7,-4.32,-3.87,10.45,11.95,2.14,9,431,1268,100,229,366.4,1591,86,123.4,-6.05,0,2,LANDSLIDE_PRECURSOR,Extreme,90.5,95.9
2026-09-01 05:44:40,IN-DELHI-01,27.6,49.4,29.3,1001.9,206.0,0.95,-0.19,10.61,10.66,0.85,5,417,4022,2,16,24.0,4095,0,189.9,-0.33,0,0,NORMAL,None,8.8,93.0
2026-09-01 05:44:45,IN-DELHI-01,24.0,94.0,28.9,990.9,298.0,7.39,2.63,10.31,12.96,3.15,7,424,1209,100,251,401.6,1310,96,110.8,-6.03,0,2,LANDSLIDE_PRECURSOR,Extreme,85.6,91.8
2026-09-01 05:44:50,IN-DELHI-01,29.5,41.4,30.8,1001.5,209.2,1.02,-0.24,10.85,10.9,1.09,5,417,4045,1,13,19.5,4095,0,184.6,-0.16,0,0,NORMAL,None,6.7,95.2
2026-09-01 05:44:55,IN-DELHI-01,42.1,18.0,42.7,998.6,233.3,1.11,-0.22,10.79,10.85,1.04,173,1870,4077,0,11,16.5,4095,0,186.8,0.0,0,3,WILDFIRE,Extreme,92.5,89.6
2026-09-01 05:45:00,IN-DELHI-01,27.0,49.5,28.5,1001.1,212.8,0.86,-0.23,10.81,10.84,1.03,12,442,4044,1,12,18.0,4062,1,182.1,-0.15,0,0,NORMAL,None,8.0,95.5
2026-09-01 05:45:05,IN-DELHI-01,45.1,12.0,45.1,995.8,256.9,1.06,-0.2,10.74,10.8,0.99,110,1335,4090,0,5,7.5,4095,0,194.7,0.0,0,3,WILDFIRE,Extreme,98.0,96.2
2026-09-01 05:45:10,IN-DELHI-01,26.0,70.2,29.4,1001.1,212.1,1.16,-0.23,10.79,10.86,1.05,17,468,1745,84,618,1205.1,3497,20,50.5,-1.58,0,5,WATER_CONTAMINATION,Severe,89.1,93.3
2026-09-01 05:45:15,IN-DELHI-01,22.2,89.3,25.7,992.8,282.5,3.7,1.1,10.53,11.21,1.4,16,456,1235,100,238,380.8,1586,86,112.6,-2.92,0,2,LANDSLIDE_PRECURSOR,Extreme,94.6,86.3
2026-09-01 05:45:20,IN-DELHI-01,24.8,67.0,27.3,999.5,226.3,1.03,-0.17,10.83,10.88,1.07,19,476,2169,68,440,858.0,3417,23,52.6,-1.7,1,5,WATER_CONTAMINATION,Severe,82.2,88.0
2026-09-01 05:45:25,IN-DELHI-01,25.1,95.4,30.7,990.5,301.7,0.87,-0.11,10.48,10.52,0.71,12,442,1350,98,314,565.2,1191,100,42.3,-14.53,0,1,FLASH_FLOOD,Severe,91.5,95.7
2026-09-01 05:45:30,IN-DELHI-01,28.1,57.6,31.0,1006.2,169.3,1.09,-0.08,10.8,10.85,1.04,177,2524,3963,4,21,31.5,4051,1,177.4,0.0,0,4,HAZARDOUS_AIR_POLLUTION,Severe,93.2,91.8
2026-09-01 05:45:35,IN-DELHI-01,28.5,51.4,30.8,1001.9,205.8,1.26,-0.1,10.81,10.88,1.07,0,400,4011,3,10,15.0,4027,2,184.8,-0.16,0,0,NORMAL,None,8.9,96.3
2026-09-01 05:45:40,IN-DELHI-01,23.1,84.5,26.6,992.9,281.1,-2.95,-1.48,11.71,12.16,2.35,12,442,1283,100,154,246.4,1502,89,121.1,1.52,0,2,LANDSLIDE_PRECURSOR,Extreme,94.9,86.7
2026-09-01 05:45:45,IN-DELHI-01,25.1,57.6,26.9,1007.1,161.8,1.17,-0.16,10.61,10.67,0.86,183,2596,4014,2,9,13.5,4082,0,190.6,0.0,1,4,HAZARDOUS_AIR_POLLUTION,Extreme,94.0,92.8
2026-09-01 05:45:50,IN-DELHI-01,23.4,92.0,27.8,991.4,294.3,0.98,0.15,10.79,10.84,1.03,20,470,1372,97,279,502.2,1198,100,63.4,-11.93,1,1,FLASH_FLOOD,Severe,87.3,93.5
2026-09-01 05:45:55,IN-DELHI-01,27.1,47.7,28.3,1003.6,191.3,1.02,-0.21,10.73,10.78,0.97,10,435,4067,1,6,9.0,4075,0,187.9,0.05,0,0,NORMAL,None,5.5,93.2
2026-09-01 05:46:00,IN-DELHI-01,22.9,65.0,24.5,1002.0,205.3,1.1,-0.26,10.81,10.87,1.06,23,492,2084,71,601,1172.0,3457,22,79.1,-0.98,0,5,WATER_CONTAMINATION,Severe,88.4,88.3
2026-09-01 05:46:05,IN-DELHI-01,28.5,66.8,32.7,1007.2,161.2,1.01,-0.1,10.65,10.69,0.88,115,1780,3930,5,9,13.5,4031,2,182.9,0.0,0,4,HAZARDOUS_AIR_POLLUTION,Severe,85.8,95.9
2026-09-01 05:46:10,IN-DELHI-01,24.9,88.6,29.7,986.1,339.2,-3.17,-1.66,9.88,10.51,0.7,15,452,1331,98,202,323.2,1261,97,127.3,-1.48,0,2,LANDSLIDE_PRECURSOR,Extreme,91.1,89.3
2026-09-01 05:46:15,IN-DELHI-01,29.6,51.7,32.3,999.3,227.7,0.96,-0.08,10.79,10.84,1.03,0,400,4046,1,8,12.0,4086,0,173.2,-0.01,0,0,NORMAL,None,14.1,94.9
2026-09-01 05:46:20,IN-DELHI-01,22.5,53.8,23.0,1006.9,163.6,1.02,-0.23,10.85,10.9,1.09,167,2404,3960,4,17,25.5,4050,1,181.0,0.0,0,4,HAZARDOUS_AIR_POLLUTION,Severe,92.0,94.9
2026-09-01 05:46:25,IN-DELHI-01,28.6,55.4,31.4,999.1,229.3,1.12,-0.12,10.89,10.95,1.14,0,400,4037,2,11,16.5,4083,0,168.8,0.04,0,0,NORMAL,None,17.4,94.0
2026-09-01 05:46:30,IN-DELHI-01,23.6,90.4,27.9,989.9,306.7,1.06,-0.14,10.61,10.66,0.85,16,456,1249,100,253,455.4,1145,100,38.6,-12.85,0,1,FLASH_FLOOD,Severe,92.3,94.5
2026-09-01 05:46:35,IN-DELHI-01,29.2,55.1,32.3,999.2,228.5,0.94,-0.29,10.54,10.59,0.78,3,410,4069,0,5,7.5,4075,0,184.7,0.04,0,0,NORMAL,None,2.7,98.8
2026-09-01 05:46:40,IN-DELHI-01,37.9,17.9,37.9,996.4,252.1,1.15,-0.16,10.83,10.9,1.09,73,1020,4071,0,0,0.0,4095,0,193.6,0.0,0,3,WILDFIRE,Severe,77.8,88.0
2026-09-01 05:46:45,IN-DELHI-01,29.0,51.8,31.5,1001.0,213.3,1.07,-0.28,10.74,10.79,0.98,0,400,4011,3,20,30.0,4095,0,194.7,-0.1,0,0,NORMAL,None,4.1,98.5
2026-09-01 05:46:50,IN-DELHI-01,25.6,53.2,27.0,1001.3,210.7,1.19,-0.23,10.85,10.92,1.11,16,456,4065,1,0,0.0,4074,0,178.5,-0.2,0,0,NORMAL,None,2.1,98.1
2026-09-01 05:46:55,IN-DELHI-01,23.4,63.4,25.0,998.9,231.0,1.03,-0.2,10.7,10.75,0.94,22,488,1625,88,669,1304.5,3503,20,102.8,-1.17,0,5,WATER_CONTAMINATION,Severe,91.1,93.7
2026-09-01 05:47:00,IN-DELHI-01,23.1,97.7,27.8,989.7,308.8,1.04,-0.17,10.74,10.79,0.98,18,463,1409,96,321,577.8,1198,100,23.9,-11.39,0,1,FLASH_FLOOD,Extreme,95.2,89.9
2026-09-01 05:47:05,IN-DELHI-01,25.3,54.2,26.7,1003.7,190.5,1.15,-0.24,10.73,10.79,0.98,1,403,4046,1,10,15.0,4082,0,182.2,0.03,0,0,NORMAL,None,9.8,98.2
2026-09-01 05:47:10,IN-DELHI-01,21.3,84.9,24.0,989.7,308.1,-3.13,-2.16,11.26,11.88,2.07,12,442,1305,99,262,419.2,1840,77,134.9,-4.51,0,2,LANDSLIDE_PRECURSOR,Extreme,88.4,87.8
2026-09-01 05:47:15,IN-DELHI-01,41.4,21.1,42.5,998.4,234.9,1.13,-0.25,10.74,10.8,0.99,114,1369,4081,0,5,7.5,4095,0,192.7,0.0,0,3,WILDFIRE,Severe,89.7,91.7
2026-09-01 05:47:20,IN-DELHI-01,22.4,90.2,26.1,985.1,347.2,0.84,-0.07,10.85,10.88,1.07,27,494,1367,97,312,561.6,1316,95,67.1,-16.1,0,1,FLASH_FLOOD,Severe,86.6,95.6
2026-09-01 05:47:25,IN-DELHI-01,22.1,85.8,25.2,995.0,263.8,4.53,1.78,9.64,10.8,0.99,7,424,1294,100,228,364.8,1458,91,144.6,-1.42,0,2,LANDSLIDE_PRECURSOR,Extreme,94.1,87.2
2026-09-01 05:47:30,IN-DELHI-01,21.6,89.6,24.9,986.5,335.5,1.12,0.13,11.0,11.05,1.24,8,428,1344,98,347,624.6,1298,96,37.0,-11.2,0,1,FLASH_FLOOD,Severe,92.6,94.0
2026-09-01 05:47:35,IN-DELHI-01,19.8,90.7,22.4,988.6,318.0,-4.45,-2.14,10.94,12.0,2.19,12,442,1265,100,213,340.8,1687,83,109.2,-8.15,0,2,LANDSLIDE_PRECURSOR,Extreme,89.5,93.0
2026-09-01 05:47:40,IN-DELHI-01,23.4,91.7,27.7,990.1,305.2,4.82,1.75,11.47,12.57,2.76,13,445,1246,100,237,379.2,1230,98,143.4,0.34,0,2,LANDSLIDE_PRECURSOR,Extreme,94.0,93.4
2026-09-01 05:47:45,IN-DELHI-01,25.2,62.9,27.5,1008.0,154.0,1.06,-0.21,10.84,10.9,1.09,98,1576,4080,0,18,27.0,4042,1,186.4,0.0,1,4,HAZARDOUS_AIR_POLLUTION,Severe,83.8,96.6
2026-09-01 05:47:50,IN-DELHI-01,23.3,73.7,25.9,1003.4,193.4,1.08,-0.16,10.74,10.8,0.99,13,452,1730,84,693,1351.3,3713,13,64.0,0.31,0,5,WATER_CONTAMINATION,Severe,92.0,87.2
2026-09-01 05:47:55,IN-DELHI-01,28.5,53.7,31.0,1000.3,218.9,1.14,-0.3,10.82,10.88,1.07,0,400,4062,1,8,12.0,4095,0,185.8,-0.06,0,0,NORMAL,None,10.2,96.3
2026-09-01 05:48:00,IN-DELHI-01,37.4,20.5,37.4,996.1,254.7,0.98,-0.19,10.75,10.8,0.99,168,1828,4091,0,1,1.5,4095,0,191.1,0.0,0,3,WILDFIRE,Severe,75.8,89.1
2026-09-01 05:48:05,IN-DELHI-01,26.2,67.7,29.5,1000.8,215.1,1.08,-0.21,10.8,10.86,1.05,31,524,1757,83,428,834.6,2620,50,74.1,-1.2,1,5,WATER_CONTAMINATION,Severe,81.7,90.4
2026-09-01 05:48:10,IN-DELHI-01,25.2,76.1,28.8,1001.2,211.4,0.91,-0.15,10.69,10.73,0.92,18,472,1796,82,651,1269.5,3695,13,80.8,-1.68,0,5,WATER_CONTAMINATION,Severe,90.4,93.3
2026-09-01 05:48:15,IN-DELHI-01,21.8,87.0,25.0,989.7,308.6,1.37,-0.08,11.31,11.39,1.58,7,424,1449,94,227,408.6,1187,100,32.7,-11.21,1,1,FLASH_FLOOD,Severe,93.5,96.9
2026-09-01 05:48:20,IN-DELHI-01,26.6,40.6,26.9,1000.5,217.1,1.08,-0.13,10.79,10.84,1.03,2,407,4061,1,12,18.0,4095,0,176.7,0.0,0,0,NORMAL,None,2.2,96.7
2026-09-01 05:48:25,IN-DELHI-01,26.7,63.7,29.7,997.4,243.6,1.14,-0.28,10.72,10.78,0.97,31,524,1750,83,558,1088.1,3270,28,68.7,0.05,1,5,WATER_CONTAMINATION,Severe,86.8,90.3
2026-09-01 05:48:30,IN-DELHI-01,25.7,65.8,28.5,1004.5,184.0,1.08,-0.13,10.98,11.03,1.22,18,472,1511,92,609,1187.5,3013,37,91.9,-2.4,0,5,WATER_CONTAMINATION,Severe,88.8,91.2
2026-09-01 05:48:35,IN-DELHI-01,33.1,49.4,36.9,1001.6,208.5,1.05,-0.11,10.95,11.0,1.19,1,403,4040,1,14,21.0,4090,0,189.8,0.29,0,0,NORMAL,None,3.9,97.8
2026-09-01 05:48:40,IN-DELHI-01,26.3,67.5,29.5,1003.5,191.8,1.09,-0.16,10.7,10.76,0.95,19,476,1596,89,537,1047.1,3556,18,85.5,-2.61,0,5,WATER_CONTAMINATION,Severe,85.9,85.3
2026-09-01 05:48:45,IN-DELHI-01,28.7,56.8,31.8,999.9,222.5,1.12,-0.15,10.81,10.86,1.05,1,403,4031,2,2,3.0,4076,0,175.1,0.05,0,0,NORMAL,None,9.6,97.2
2026-09-01 05:48:50,IN-DELHI-01,22.2,93.7,26.2,993.3,278.5,1.1,-0.0,11.14,11.19,1.38,13,445,1281,100,301,541.8,1240,98,21.7,-15.21,1,1,FLASH_FLOOD,Extreme,95.7,93.7
2026-09-01 05:48:55,IN-DELHI-01,27.4,50.5,29.1,1000.9,214.1,0.93,-0.12,10.71,10.75,0.94,0,400,4023,2,10,15.0,4055,1,187.6,-0.17,0,0,NORMAL,None,15.6,95.2
2026-09-01 05:49:00,IN-DELHI-01,29.3,59.8,32.9,1002.3,202.6,0.96,-0.11,10.82,10.86,1.05,2,407,4090,0,5,7.5,4095,0,187.2,-0.06,0,0,NORMAL,None,5.3,98.4
2026-09-01 05:49:05,IN-DELHI-01,28.7,48.9,30.7,1000.4,218.4,1.09,-0.22,10.75,10.81,1.0,1,403,4039,2,7,10.5,4062,1,171.3,0.01,0,0,NORMAL,None,6.7,96.8
2026-09-01 05:49:10,IN-DELHI-01,26.0,57.3,27.9,1006.5,166.6,0.99,-0.17,10.79,10.84,1.03,85,1420,4013,2,2,3.0,4077,0,183.6,0.0,0,4,HAZARDOUS_AIR_POLLUTION,Severe,82.2,94.1
2026-09-01 05:49:15,IN-DELHI-01,25.6,84.6,30.4,990.4,302.9,-2.7,-2.1,10.13,10.7,0.89,10,435,1286,100,164,262.4,1836,78,95.8,-3.87,0,2,LANDSLIDE_PRECURSOR,Extreme,95.3,88.1
2026-09-01 05:49:20,IN-DELHI-01,21.9,72.4,23.8,1001.5,208.7,1.01,-0.21,10.9,10.95,1.14,27,508,1607,89,652,1271.4,2538,53,73.8,-1.04,0,5,WATER_CONTAMINATION,Severe,90.4,86.0
2026-09-01 05:49:25,IN-DELHI-01,24.8,61.4,26.8,1001.9,205.3,0.97,-0.16,10.74,10.78,0.97,22,488,1945,76,698,1361.1,3241,29,63.1,-1.33,0,5,WATER_CONTAMINATION,Severe,92.2,91.0
2026-09-01 05:49:30,IN-DELHI-01,21.2,88.4,24.1,986.9,332.2,6.95,1.84,10.0,12.32,2.51,9,431,1311,99,152,243.2,1615,85,166.0,-2.6,1,2,LANDSLIDE_PRECURSOR,Extreme,94.3,89.8
2026-09-01 05:49:35,IN-DELHI-01,23.9,89.0,28.2,998.0,238.2,-5.82,-3.03,11.08,12.87,3.06,11,438,1255,100,227,363.2,1533,88,112.7,-5.49,0,2,LANDSLIDE_PRECURSOR,Extreme,85.3,94.9
2026-09-01 05:49:40,IN-DELHI-01,25.7,70.9,29.1,1001.6,208.4,0.97,-0.12,10.55,10.59,0.78,13,452,1742,84,613,1195.3,3571,18,40.9,-1.66,0,5,WATER_CONTAMINATION,Severe,88.9,90.0
2026-09-01 05:49:45,IN-DELHI-01,24.0,93.1,28.8,983.9,357.2,1.42,-0.18,10.82,10.92,1.11,20,470,1410,96,263,473.4,1243,98,45.0,-11.94,1,1,FLASH_FLOOD,Severe,91.0,93.9
2026-09-01 05:49:50,IN-DELHI-01,21.2,88.4,24.2,991.4,294.5,-4.75,-1.49,9.28,10.53,0.72,10,435,1273,100,212,339.2,1388,93,116.8,-4.83,0,2,LANDSLIDE_PRECURSOR,Extreme,92.9,91.9
2026-09-01 05:49:55,IN-DELHI-01,38.0,18.3,38.0,995.3,260.9,1.01,-0.29,10.83,10.88,1.07,134,1539,4090,0,10,15.0,4095,0,191.1,0.0,0,3,WILDFIRE,Severe,77.9,91.3
2026-09-01 05:50:00,IN-DELHI-01,26.9,51.1,28.6,1002.3,202.7,1.14,-0.23,10.76,10.83,1.02,4,414,4021,2,16,24.0,4079,0,171.6,0.16,0,0,NORMAL,None,9.5,98.6
2026-09-01 05:50:05,IN-DELHI-01,27.2,44.3,28.1,1002.1,204.0,0.97,-0.02,10.64,10.68,0.87,2,407,4064,1,10,15.0,4078,0,193.5,-0.13,0,0,NORMAL,None,4.2,96.7
2026-09-01 05:50:10,IN-DELHI-01,25.8,66.9,28.7,1008.0,154.3,1.05,-0.21,10.55,10.6,0.79,103,1636,4022,2,6,9.0,4061,1,172.1,0.0,0,4,HAZARDOUS_AIR_POLLUTION,Severe,84.4,94.4
2026-09-01 05:50:15,IN-DELHI-01,27.8,49.2,29.6,1000.1,221.0,1.09,-0.18,10.77,10.83,1.02,2,407,4053,1,11,16.5,4066,1,188.2,0.19,0,0,NORMAL,None,11.8,94.3
2026-09-01 05:50:20,IN-DELHI-01,29.2,51.5,31.7,999.6,224.9,1.11,-0.1,10.81,10.86,1.05,6,421,4094,0,10,15.0,4089,0,184.7,-0.11,0,0,NORMAL,None,13.0,98.7
2026-09-01 05:50:25,IN-DELHI-01,28.8,58.6,32.2,1006.7,164.8,1.06,-0.23,10.86,10.92,1.11,154,2248,4080,0,18,27.0,4068,0,176.5,0.0,1,4,HAZARDOUS_AIR_POLLUTION,Severe,90.5,91.6
2026-09-01 05:50:30,IN-DELHI-01,23.1,88.1,26.9,987.6,326.0,-2.99,-0.71,11.56,11.96,2.15,2,407,1268,100,241,385.6,1426,92,164.8,-4.31,0,2,LANDSLIDE_PRECURSOR,Extreme,96.9,86.6
2026-09-01 05:50:35,IN-DELHI-01,27.6,52.8,29.6,1000.7,215.7,1.03,-0.18,10.63,10.68,0.87,0,400,4087,0,10,15.0,4063,1,188.4,-0.15,0,0,NORMAL,None,6.6,92.2
2026-09-01 05:50:40,IN-DELHI-01,43.5,15.6,43.7,997.0,246.6,1.16,-0.11,10.65,10.72,0.91,72,1012,4073,0,11,16.5,4095,0,183.5,0.0,0,3,WILDFIRE,Extreme,97.2,90.4
2026-09-01 05:50:45,IN-DELHI-01,23.4,88.8,27.5,984.4,352.9,1.04,-0.23,10.71,10.77,0.96,13,445,1321,99,338,608.4,1224,99,82.4,-8.77,0,1,FLASH_FLOOD,Severe,83.5,90.8
2026-09-01 05:50:50,IN-DELHI-01,21.4,99.0,25.4,992.5,285.1,1.04,-0.46,11.04,11.1,1.29,16,456,1341,98,292,525.6,1165,100,15.0,-9.42,0,1,FLASH_FLOOD,Extreme,97.0,93.9
2026-09-01 05:50:55,IN-DELHI-01,21.0,85.9,23.7,993.3,278.0,6.66,2.38,9.41,11.77,1.96,13,445,1231,100,155,248.0,1373,94,124.8,-7.04,0,2,LANDSLIDE_PRECURSOR,Extreme,98.5,92.8
2026-09-01 05:51:00,IN-DELHI-01,40.7,16.1,40.7,998.0,238.4,0.96,-0.25,10.95,10.99,1.18,106,1301,4079,0,0,0.0,4095,0,189.0,0.0,0,3,WILDFIRE,Severe,87.5,95.3
2026-09-01 05:51:05,IN-DELHI-01,24.7,87.8,29.3,992.9,281.2,-4.75,-2.56,10.37,11.69,1.88,9,431,1352,98,188,300.8,1424,92,123.1,-4.77,0,2,LANDSLIDE_PRECURSOR,Extreme,88.6,91.7
2026-09-01 05:51:10,IN-DELHI-01,20.9,89.7,23.9,991.4,294.3,-2.86,-2.8,11.31,12.0,2.19,13,445,1310,99,225,360.0,1650,84,134.6,-2.72,1,2,LANDSLIDE_PRECURSOR,Extreme,96.0,92.1
2026-09-01 05:51:15,IN-DELHI-01,24.7,93.4,29.9,990.2,304.0,0.95,-0.36,10.77,10.82,1.01,16,456,1295,100,343,617.4,1298,96,68.7,-19.11,0,1,FLASH_FLOOD,Severe,86.3,95.4
2026-09-01 05:51:20,IN-DELHI-01,26.7,77.7,31.3,1002.0,205.1,0.97,-0.23,10.67,10.72,0.91,19,476,1877,79,659,1285.0,3355,25,74.2,-1.26,1,5,WATER_CONTAMINATION,Severe,90.7,92.8
2026-09-01 05:51:25,IN-DELHI-01,28.1,54.6,30.5,1000.2,220.3,1.09,-0.21,10.95,11.01,1.2,4,414,4095,0,8,12.0,4062,1,179.9,0.31,0,0,NORMAL,None,7.7,98.1
2026-09-01 05:51:30,IN-DELHI-01,39.7,18.4,39.8,993.1,279.8,1.13,-0.01,10.78,10.84,1.03,85,1122,4076,0,4,6.0,4095,0,193.6,0.0,0,3,WILDFIRE,Severe,84.0,91.2
2026-09-01 05:51:35,IN-DELHI-01,22.8,91.6,26.9,987.8,324.5,0.94,-0.28,10.91,10.95,1.14,13,445,1301,99,347,624.6,1278,97,63.8,-7.78,1,1,FLASH_FLOOD,Severe,87.2,89.2
2026-09-01 05:51:40,IN-DELHI-01,28.7,53.6,31.4,998.2,237.2,1.01,-0.24,10.82,10.87,1.06,0,400,4038,2,14,21.0,4037,2,178.7,0.23,0,0,NORMAL,None,14.3,98.5
2026-09-01 05:51:45,IN-DELHI-01,21.3,85.0,24.1,995.5,259.5,-5.17,-2.04,8.71,10.33,0.52,12,442,1265,100,238,380.8,1564,87,112.9,-0.03,0,2,LANDSLIDE_PRECURSOR,Extreme,93.7,86.3
2026-09-01 05:51:50,IN-DELHI-01,40.3,19.1,40.7,997.4,243.5,1.2,-0.14,10.81,10.87,1.06,116,1386,4080,0,0,0.0,4095,0,184.8,0.0,0,3,WILDFIRE,Severe,86.2,91.8
2026-09-01 05:51:55,IN-DELHI-01,30.3,49.1,32.9,1001.7,207.2,1.19,-0.1,10.89,10.96,1.15,3,410,4051,1,15,22.5,4045,1,184.8,0.06,1,0,NORMAL,None,8.7,96.3
2026-09-01 05:52:00,IN-DELHI-01,22.1,87.1,25.4,991.1,296.7,4.35,2.33,11.33,12.35,2.54,15,452,1252,100,245,392.0,1596,86,119.6,-6.14,0,2,LANDSLIDE_PRECURSOR,Extreme,90.7,96.5
2026-09-01 05:52:05,IN-DELHI-01,27.9,63.9,31.4,1004.9,180.6,1.12,-0.25,10.88,10.94,1.13,200,2800,3931,5,22,33.0,4060,1,174.9,0.0,0,4,HAZARDOUS_AIR_POLLUTION,Extreme,96.0,95.0
2026-09-01 05:52:10,IN-DELHI-01,39.8,11.4,39.8,993.3,278.0,1.04,-0.17,10.76,10.81,1.0,135,1547,4093,0,0,0.0,4095,0,188.2,0.0,0,3,WILDFIRE,Severe,84.4,95.1
2026-09-01 05:52:15,IN-DELHI-01,26.5,52.5,28.2,1002.1,203.7,1.05,-0.11,10.78,10.84,1.03,0,400,4026,2,14,21.0,4064,1,174.0,0.02,0,0,NORMAL,None,13.9,95.9
2026-09-01 05:52:20,IN-DELHI-01,43.6,16.4,44.1,1001.3,211.1,1.06,-0.11,10.81,10.86,1.05,161,1768,4083,0,5,7.5,4095,0,187.8,0.0,0,3,WILDFIRE,Extreme,97.6,96.9
2026-09-01 05:52:25,IN-DELHI-01,25.7,55.0,27.3,1007.4,159.4,1.16,-0.23,10.73,10.8,0.99,129,1948,4033,2,20,30.0,4063,1,181.2,0.0,0,4,HAZARDOUS_AIR_POLLUTION,Severe,87.5,93.7
2026-09-01 05:52:30,IN-DELHI-01,28.9,51.2,31.3,1000.7,216.1,0.94,-0.3,10.88,10.92,1.11,0,400,3967,4,13,19.5,4060,1,185.1,0.34,0,0,NORMAL,None,15.4,98.8
2026-09-01 05:52:35,IN-DELHI-01,26.5,49.4,27.7,1000.1,220.8,1.11,-0.24,10.84,10.9,1.09,1,403,3986,3,5,7.5,4065,1,177.9,-0.08,0,0,NORMAL,None,12.4,98.4
2026-09-01 05:52:40,IN-DELHI-01,28.2,51.9,30.4,1002.8,198.1,1.19,-0.2,10.83,10.9,1.09,6,421,4077,0,6,9.0,4054,1,198.3,0.11,0,0,NORMAL,None,13.3,97.8
2026-09-01 05:52:45,IN-DELHI-01,27.1,53.3,29.1,1000.7,215.4,0.95,-0.21,10.82,10.86,1.05,0,400,4077,0,3,4.5,4052,1,183.7,0.03,0,0,NORMAL,None,12.0,92.3
2026-09-01 05:52:50,IN-DELHI-01,35.0,18.6,35.0,996.0,255.0,1.02,-0.23,10.76,10.81,1.0,107,1309,4077,0,5,7.5,4095,0,186.8,0.0,0,3,WILDFIRE,Severe,75.0,88.2
2026-09-01 05:52:55,IN-DELHI-01,20.2,90.3,22.8,986.9,332.3,-1.01,-0.86,11.13,11.21,1.4,6,421,1221,100,167,267.2,1592,86,84.2,-6.3,0,2,LANDSLIDE_PRECURSOR,Extreme,91.6,95.1
2026-09-01 05:53:00,IN-DELHI-01,27.6,60.1,30.5,1006.6,166.1,1.15,-0.13,10.66,10.72,0.91,122,1864,3929,5,19,28.5,4079,0,178.0,0.0,1,4,HAZARDOUS_AIR_POLLUTION,Severe,86.6,92.5
2026-09-01 05:53:05,IN-DELHI-01,27.9,58.6,30.8,999.9,222.6,1.06,-0.18,10.65,10.7,0.89,1,403,4088,0,7,10.5,4058,1,178.7,0.08,0,0,NORMAL,None,14.4,92.5
2026-09-01 05:53:10,IN-DELHI-01,28.9,54.1,31.7,1000.8,214.7,1.15,-0.15,10.83,10.89,1.08,5,417,4063,1,7,10.5,4067,0,179.2,0.11,0,0,NORMAL,None,9.6,93.9
2026-09-01 05:53:15,IN-DELHI-01,23.0,95.3,27.4,989.3,311.5,1.21,-0.15,10.87,10.94,1.13,20,470,1387,96,326,586.8,1248,98,42.6,-11.16,1,1,FLASH_FLOOD,Severe,91.5,94.4
2026-09-01 05:53:20,IN-DELHI-01,24.2,97.8,29.5,987.4,328.2,0.94,-0.17,10.89,10.93,1.12,9,431,1348,98,328,590.4,1284,97,56.9,-8.57,1,1,FLASH_FLOOD,Severe,88.6,94.0
2026-09-01 05:53:25,IN-DELHI-01,23.3,81.5,26.6,990.5,302.2,-5.44,-3.95,9.9,11.97,2.16,11,438,1224,100,205,328.0,1616,85,163.1,-0.12,0,2,LANDSLIDE_PRECURSOR,Extreme,92.5,88.8
2026-09-01 05:53:30,IN-DELHI-01,23.4,87.3,27.4,992.2,287.3,4.2,2.37,10.55,11.6,1.79,17,459,1269,100,264,422.4,1758,80,104.7,-2.69,1,2,LANDSLIDE_PRECURSOR,Extreme,87.2,87.7
2026-09-01 05:53:35,IN-DELHI-01,24.6,70.5,27.5,1004.3,185.7,0.92,-0.15,10.7,10.74,0.93,135,2020,3965,4,3,4.5,4063,1,186.4,0.0,1,4,HAZARDOUS_AIR_POLLUTION,Severe,88.2,97.6
2026-09-01 05:53:40,IN-DELHI-01,26.9,53.7,28.8,1000.3,218.8,0.94,-0.17,10.76,10.8,0.99,2,407,4029,2,4,6.0,4076,0,177.0,-0.03,0,0,NORMAL,None,6.6,98.4
2026-09-01 05:53:45,IN-DELHI-01,24.6,65.6,26.9,1002.6,199.8,1.07,-0.23,10.75,10.8,0.99,14,456,2077,72,544,1060.8,3587,17,101.6,-0.5,0,5,WATER_CONTAMINATION,Severe,86.2,90.7
2026-09-01 05:53:50,IN-DELHI-01,27.8,55.5,30.2,998.3,236.0,1.1,-0.19,10.91,10.97,1.16,1,403,4079,0,4,6.0,4076,0,191.3,0.01,0,0,NORMAL,None,14.7,92.5
2026-09-01 05:53:55,IN-DELHI-01,26.7,54.8,28.6,998.9,230.9,1.14,-0.09,10.82,10.88,1.07,7,424,4061,1,10,15.0,4060,1,192.3,-0.12,0,0,NORMAL,None,16.3,94.9
2026-09-01 05:54:00,IN-DELHI-01,24.9,91.3,30.0,986.5,335.7,1.06,-0.29,10.57,10.62,0.81,18,463,1418,95,262,471.6,1186,100,45.5,-2.46,1,1,FLASH_FLOOD,Severe,90.9,91.1
2026-09-01 05:54:05,IN-DELHI-01,27.0,50.3,28.6,1003.6,191.4,1.04,-0.2,10.98,11.03,1.22,8,428,4000,3,7,10.5,4062,1,181.3,0.12,0,0,NORMAL,None,6.4,93.7
2026-09-01 05:54:10,IN-DELHI-01,41.6,18.7,42.2,996.6,250.6,1.12,-0.21,10.64,10.7,0.89,185,1972,4095,0,8,12.0,4095,0,180.9,0.0,0,3,WILDFIRE,Severe,90.6,88.6
2026-09-01 05:54:15,IN-DELHI-01,24.4,53.4,25.4,998.2,236.8,1.13,-0.19,10.77,10.83,1.02,1,403,4004,3,7,10.5,4050,1,171.7,0.27,0,0,NORMAL,None,15.7,92.1
2026-09-01 05:54:20,IN-DELHI-01,21.6,92.5,25.0,993.1,279.8,1.2,-0.11,10.96,11.03,1.22,16,456,1370,97,273,491.4,1160,100,71.2,-18.01,1,1,FLASH_FLOOD,Severe,85.8,93.8
2026-09-01 05:54:25,IN-DELHI-01,24.1,99.0,29.5,991.3,294.7,1.15,-0.27,10.86,10.92,1.11,24,484,1337,98,313,563.4,1266,97,54.7,-12.37,1,1,FLASH_FLOOD,Severe,89.1,96.1
2026-09-01 05:54:30,IN-DELHI-01,24.1,93.8,29.0,990.5,301.8,1.01,-0.09,10.95,11.0,1.19,11,438,1285,100,290,522.0,1220,99,64.9,-10.87,1,1,FLASH_FLOOD,Severe,87.0,92.5
2026-09-01 05:54:35,IN-DELHI-01,27.5,60.3,30.5,1007.6,157.8,1.07,-0.29,10.7,10.75,0.94,200,2800,3977,4,13,19.5,4060,1,182.2,0.0,0,4,HAZARDOUS_AIR_POLLUTION,Extreme,96.0,91.6
2026-09-01 05:54:40,IN-DELHI-01,43.8,20.9,45.7,993.1,279.6,1.09,-0.26,10.84,10.9,1.09,127,1479,4094,0,0,0.0,4095,0,183.3,0.0,0,3,WILDFIRE,Extreme,98.0,91.4
2026-09-01 05:54:45,IN-DELHI-01,22.3,93.6,26.2,987.0,330.9,1.14,-0.08,10.35,10.42,0.61,11,438,1377,97,385,693.0,1351,94,40.9,-13.43,0,1,FLASH_FLOOD,Severe,91.8,90.9
2026-09-01 05:54:50,IN-DELHI-01,22.1,89.1,25.6,993.0,280.8,5.44,2.57,10.46,12.07,2.26,19,466,1293,100,178,284.8,1515,89,115.1,-4.18,0,2,LANDSLIDE_PRECURSOR,Extreme,88.2,91.4
2026-09-01 05:54:55,IN-DELHI-01,23.6,74.6,26.3,1001.1,212.6,0.86,-0.2,10.88,10.91,1.1,14,456,1798,82,582,1134.9,3669,14,73.0,-1.78,0,5,WATER_CONTAMINATION,Severe,87.7,85.7
2026-09-01 05:55:00,IN-DELHI-01,24.9,95.7,30.4,987.3,328.9,1.19,-0.11,10.74,10.8,0.99,7,424,1384,96,332,597.6,1318,95,41.3,-10.52,0,1,FLASH_FLOOD,Severe,91.7,95.2
2026-09-01 05:55:05,IN-DELHI-01,28.7,57.6,31.8,1001.5,209.1,1.1,-0.31,10.88,10.94,1.13,2,407,4041,1,6,9.0,4050,1,179.6,-0.01,0,0,NORMAL,None,15.8,92.9
2026-09-01 05:55:10,IN-DELHI-01,28.4,48.5,30.2,1002.8,198.0,0.98,-0.21,10.69,10.74,0.93,0,400,4062,1,7,10.5,4080,0,174.4,0.11,0,0,NORMAL,None,17.4,94.7
2026-09-01 05:55:15,IN-DELHI-01,22.0,88.8,25.4,987.9,323.6,1.0,-0.21,10.95,10.99,1.18,18,463,1267,100,226,406.8,1096,100,59.9,-4.29,1,1,FLASH_FLOOD,Severe,88.0,93.6
2026-09-01 05:55:20,IN-DELHI-01,25.2,81.5,29.4,1000.1,221.0,1.17,-0.14,10.62,10.68,0.87,18,472,1705,85,718,1400.1,3149,32,63.5,-1.17,1,5,WATER_CONTAMINATION,Severe,93.0,92.7
2026-09-01 05:55:25,IN-DELHI-01,27.4,47.5,28.7,1000.5,217.6,1.05,-0.17,10.75,10.8,0.99,3,410,4095,0,6,9.0,4078,0,187.8,-0.02,0,0,NORMAL,None,3.0,98.8
2026-09-01 05:55:30,IN-DELHI-01,19.1,86.2,21.0,993.1,279.5,6.4,1.63,10.93,12.77,2.96,18,463,1197,100,259,414.4,1488,90,161.6,-0.92,1,2,LANDSLIDE_PRECURSOR,Extreme,95.0,91.1
2026-09-01 05:55:35,IN-DELHI-01,22.3,91.3,26.0,986.1,339.1,0.97,-0.19,10.63,10.68,0.87,16,456,1313,99,370,666.0,1196,100,55.7,-14.02,0,1,FLASH_FLOOD,Severe,88.9,89.7
2026-09-01 05:55:40,IN-DELHI-01,29.4,53.1,32.2,1002.6,199.8,0.99,-0.26,10.56,10.61,0.8,5,417,4026,2,7,10.5,4061,1,162.3,0.1,0,0,NORMAL,None,7.2,93.0
2026-09-01 05:55:45,IN-DELHI-01,41.3,18.4,41.7,997.0,246.6,0.95,-0.07,10.61,10.65,0.84,65,952,4094,0,1,1.5,4095,0,193.5,0.0,0,3,WILDFIRE,Severe,89.4,94.5
2026-09-01 05:55:50,IN-DELHI-01,22.5,64.5,23.9,1007.1,161.8,1.03,-0.3,10.78,10.83,1.02,205,2860,4000,3,10,15.0,4021,2,180.2,0.0,0,4,HAZARDOUS_AIR_POLLUTION,Extreme,96.6,92.2
2026-09-01 05:55:55,IN-DELHI-01,22.5,62.6,23.8,1000.2,220.3,1.07,-0.12,10.68,10.74,0.93,5,420,1926,77,590,1150.5,3046,36,66.0,-1.99,0,5,WATER_CONTAMINATION,Severe,88.0,86.2
2026-09-01 05:56:00,IN-DELHI-01,25.3,87.2,30.3,995.3,261.4,-3.47,-2.9,9.76,10.76,0.95,13,445,1268,100,294,470.4,1758,80,152.4,-6.5,0,2,LANDSLIDE_PRECURSOR,Extreme,98.9,96.4
2026-09-01 05:56:05,IN-DELHI-01,27.7,50.6,29.6,999.8,223.4,1.07,-0.25,10.78,10.83,1.02,11,438,4076,0,18,27.0,4054,1,181.6,0.08,0,0,NORMAL,None,4.2,93.0
2026-09-01 05:56:10,IN-DELHI-01,26.1,70.0,29.5,1003.5,191.8,1.05,-0.26,10.55,10.6,0.79,18,472,1938,77,668,1302.6,3168,32,80.5,-2.5,0,5,WATER_CONTAMINATION,Severe,91.1,93.3
2026-09-01 05:56:15,IN-DELHI-01,23.3,86.8,27.2,992.4,286.0,5.46,3.27,11.32,12.98,3.17,12,442,1276,100,236,377.6,1801,79,134.6,-2.87,1,2,LANDSLIDE_PRECURSOR,Extreme,85.7,96.4
2026-09-01 05:56:20,IN-DELHI-01,23.7,89.8,27.9,993.5,276.4,1.11,-0.17,10.53,10.59,0.78,10,435,1312,99,237,426.6,1249,98,54.3,-8.63,0,1,FLASH_FLOOD,Severe,89.1,91.2
2026-09-01 05:56:25,IN-DELHI-01,23.4,90.0,27.6,992.0,289.0,5.17,2.08,12.21,13.42,3.61,10,435,1315,99,277,443.2,1605,86,151.5,-7.57,0,2,LANDSLIDE_PRECURSOR,Extreme,93.0,89.9
2026-09-01 05:56:30,IN-DELHI-01,23.8,95.8,28.8,987.8,324.6,1.12,-0.36,11.04,11.1,1.29,20,470,1319,99,376,676.8,1286,97,50.7,-18.03,0,1,FLASH_FLOOD,Severe,89.9,97.5
2026-09-01 05:56:35,IN-DELHI-01,30.4,46.2,32.6,1000.4,218.4,1.15,-0.27,10.69,10.75,0.94,0,400,4049,1,12,18.0,4075,0,165.5,-0.13,0,0,NORMAL,None,17.1,97.8
2026-09-01 05:56:40,IN-DELHI-01,27.2,49.3,28.7,1002.2,203.4,0.96,-0.19,10.78,10.82,1.01,4,414,4026,2,5,7.5,4093,0,189.4,0.13,0,0,NORMAL,None,9.5,98.6
2026-09-01 05:56:45,IN-DELHI-01,26.8,63.5,29.8,999.9,222.4,1.11,-0.17,10.76,10.82,1.01,16,464,1987,75,452,881.4,3734,12,66.0,-1.69,0,5,WATER_CONTAMINATION,Severe,82.6,88.1
2026-09-01 05:56:50,IN-DELHI-01,28.7,47.3,30.5,1000.7,216.1,1.14,-0.19,10.69,10.76,0.95,1,403,4050,1,7,10.5,4095,0,178.3,0.08,0,0,NORMAL,None,6.2,94.7
2026-09-01 05:56:55,IN-DELHI-01,23.2,98.4,28.1,989.1,313.8,1.08,-0.03,10.68,10.74,0.93,8,428,1388,96,364,655.2,1441,91,32.9,-15.05,1,1,FLASH_FLOOD,Severe,93.4,88.5
2026-09-01 05:57:00,IN-DELHI-01,27.2,52.4,29.0,1000.9,214.4,1.09,-0.07,10.78,10.83,1.02,1,403,4095,0,14,21.0,4063,1,181.4,-0.15,0,0,NORMAL,None,5.8,93.4
2026-09-01 05:57:05,IN-DELHI-01,22.1,66.3,23.6,1008.9,146.7,1.13,-0.14,10.62,10.68,0.87,241,3292,4039,2,14,21.0,4087,0,179.6,0.0,0,4,HAZARDOUS_AIR_POLLUTION,Extreme,99.0,96.5
2026-09-01 05:57:10,IN-DELHI-01,26.6,50.1,28.0,1001.1,212.8,0.95,-0.16,10.52,10.57,0.76,0,400,3991,3,7,10.5,4042,1,192.2,-0.0,0,0,NORMAL,None,6.6,92.6
2026-09-01 05:57:15,IN-DELHI-01,29.5,58.7,33.1,999.9,222.7,0.94,-0.21,10.72,10.76,0.95,3,410,4023,2,23,34.5,4056,1,171.1,-0.02,0,0,NORMAL,None,7.4,95.8
2026-09-01 05:57:20,IN-DELHI-01,40.5,18.2,40.7,995.7,258.2,1.16,-0.19,10.8,10.86,1.05,83,1105,4068,0,4,6.0,4095,0,187.2,0.0,0,3,WILDFIRE,Severe,86.9,94.9
2026-09-01 05:57:25,IN-DELHI-01,22.1,95.3,26.1,985.4,345.2,0.89,0.07,10.88,10.91,1.1,18,463,1365,97,328,590.4,1379,93,55.6,-17.69,0,1,FLASH_FLOOD,Severe,88.9,93.3
2026-09-01 05:57:30,IN-DELHI-01,21.8,91.0,25.2,990.8,299.0,-3.21,-2.16,10.44,11.13,1.32,10,435,1285,100,256,409.6,1470,90,180.0,-6.57,0,2,LANDSLIDE_PRECURSOR,Extreme,97.5,89.9
2026-09-01 05:57:35,IN-DELHI-01,29.5,62.1,33.5,1007.2,160.7,1.12,-0.13,10.79,10.85,1.04,191,2692,3952,5,34,51.0,4076,0,174.8,0.0,1,4,HAZARDOUS_AIR_POLLUTION,Extreme,94.9,91.1
2026-09-01 05:57:40,IN-DELHI-01,21.4,92.6,24.8,988.1,321.9,0.78,-0.34,10.99,11.03,1.22,12,442,1306,99,361,649.8,1200,100,50.4,-8.36,1,1,FLASH_FLOOD,Severe,89.9,94.4
2026-09-01 05:57:45,IN-DELHI-01,30.4,63.9,35.1,1004.5,183.9,0.94,-0.27,10.84,10.89,1.08,143,2116,3968,4,11,16.5,4080,0,188.3,0.0,1,4,HAZARDOUS_AIR_POLLUTION,Severe,89.2,97.4
2026-09-01 05:57:50,IN-DELHI-01,23.5,83.5,27.1,991.1,297.0,4.05,1.25,9.9,10.77,0.96,8,428,1236,100,196,313.6,1584,86,107.1,-7.36,0,2,LANDSLIDE_PRECURSOR,Extreme,97.7,92.4
2026-09-01 05:57:55,IN-DELHI-01,27.9,58.2,30.7,1001.4,210.1,0.99,-0.16,10.85,10.89,1.08,3,410,4076,0,9,13.5,4085,0,189.6,0.14,1,0,NORMAL,None,5.2,95.7
2026-09-01 05:58:00,IN-DELHI-01,28.7,47.9,30.5,998.2,236.5,0.96,-0.2,10.67,10.72,0.91,0,400,4036,2,5,7.5,4034,2,180.4,-0.25,0,0,NORMAL,None,12.0,98.6
2026-09-01 05:58:05,IN-DELHI-01,21.8,86.7,24.8,992.9,281.4,-4.6,-2.77,11.14,12.37,2.56,6,421,1348,98,215,344.0,1603,86,154.3,-6.39,0,2,LANDSLIDE_PRECURSOR,Extreme,92.9,94.5
2026-09-01 05:58:10,IN-DELHI-01,40.6,16.3,40.6,997.1,245.9,1.1,-0.05,10.87,10.93,1.12,149,1666,4087,0,9,13.5,4095,0,193.9,0.0,0,3,WILDFIRE,Severe,87.1,87.3
2026-09-01 05:58:15,IN-DELHI-01,25.0,92.0,30.2,984.2,354.8,1.01,-0.22,10.67,10.72,0.91,19,466,1280,100,284,511.2,1234,98,51.4,-8.91,0,1,FLASH_FLOOD,Severe,89.7,89.9
2026-09-01 05:58:20,IN-DELHI-01,26.5,71.8,30.4,1009.2,144.4,1.1,-0.25,10.71,10.77,0.96,185,2620,3927,6,2,3.0,4054,1,174.6,0.0,1,4,HAZARDOUS_AIR_POLLUTION,Extreme,94.2,94.4
2026-09-01 05:58:25,IN-DELHI-01,26.6,49.2,27.9,1002.5,200.8,1.12,-0.16,10.63,10.69,0.88,0,400,4052,1,13,19.5,4069,0,182.6,0.04,0,0,NORMAL,None,6.7,92.3
2026-09-01 05:58:30,IN-DELHI-01,39.7,18.3,39.7,999.5,225.7,1.19,-0.13,10.77,10.84,1.03,88,1148,4070,0,0,0.0,4095,0,184.5,0.0,0,3,WILDFIRE,Severe,83.9,96.9
2026-09-01 05:58:35,IN-DELHI-01,26.3,53.1,28.0,1000.1,220.6,0.98,-0.17,10.6,10.64,0.83,1,403,4076,0,10,15.0,4064,1,182.6,0.0,0,0,NORMAL,None,8.9,92.1
2026-09-01 05:58:40,IN-DELHI-01,27.7,47.0,29.1,1000.1,220.6,1.13,-0.14,10.73,10.79,0.98,1,403,4047,1,0,0.0,4051,1,179.0,0.02,0,0,NORMAL,None,13.7,95.4
2026-09-01 05:58:45,IN-DELHI-01,31.9,50.5,35.4,1002.2,203.1,1.19,-0.13,10.69,10.75,0.94,2,407,4090,0,13,19.5,4070,0,185.7,0.09,0,0,NORMAL,None,10.1,96.3
2026-09-01 05:58:50,IN-DELHI-01,25.6,72.6,29.1,1001.8,206.9,1.15,-0.26,10.91,10.97,1.16,21,484,2164,69,708,1380.6,2752,46,117.4,-1.17,0,5,WATER_CONTAMINATION,Severe,92.6,90.6
2026-09-01 05:58:55,IN-DELHI-01,26.2,60.7,28.6,1000.9,214.3,1.05,-0.1,10.77,10.82,1.01,26,504,2384,61,554,1080.3,3287,27,72.3,-1.0,0,5,WATER_CONTAMINATION,Severe,86.6,85.1
2026-09-01 05:59:00,IN-DELHI-01,27.1,49.6,28.5,1003.2,194.6,0.9,-0.23,10.61,10.65,0.84,0,400,4000,3,9,13.5,4063,1,192.7,0.07,0,0,NORMAL,None,14.6,93.6
2026-09-01 05:59:05,IN-DELHI-01,22.6,93.6,26.7,988.6,317.9,1.3,-0.01,10.4,10.49,0.68,16,456,1407,96,296,532.8,1355,94,39.0,-10.12,1,1,FLASH_FLOOD,Severe,92.2,91.6
2026-09-01 05:59:10,IN-DELHI-01,22.8,89.0,26.5,992.5,285.2,1.23,-0.09,10.58,10.65,0.84,18,463,1309,99,278,500.4,1388,93,25.3,-11.32,0,1,FLASH_FLOOD,Extreme,94.9,89.5
2026-09-01 05:59:15,IN-DELHI-01,28.5,50.4,30.6,1001.1,212.3,0.95,-0.3,10.88,10.93,1.12,2,407,4040,1,11,16.5,4071,0,173.2,0.07,0,0,NORMAL,None,10.1,92.2
2026-09-01 05:59:20,IN-DELHI-01,24.4,95.5,29.6,991.0,298.0,1.06,-0.12,10.55,10.61,0.8,16,456,1362,97,361,649.8,1283,97,48.9,-13.16,0,1,FLASH_FLOOD,Severe,90.2,95.4
2026-09-01 05:59:25,IN-DELHI-01,22.2,87.8,25.6,988.7,316.7,1.4,-0.01,10.78,10.87,1.06,15,452,1274,100,337,606.6,1199,100,35.7,-9.73,1,1,FLASH_FLOOD,Severe,92.9,94.8
2026-09-01 05:59:30,IN-DELHI-01,27.1,62.8,30.2,1006.1,169.9,0.98,-0.17,10.73,10.78,0.97,169,2428,3922,6,25,37.5,4089,0,180.4,0.0,0,4,HAZARDOUS_AIR_POLLUTION,Severe,92.3,90.2
2026-09-01 05:59:35,IN-DELHI-01,41.5,12.7,41.5,996.3,252.7,1.01,-0.14,10.77,10.81,1.0,144,1624,4085,0,6,9.0,4095,0,190.6,0.0,0,3,WILDFIRE,Severe,90.2,87.1
2026-09-01 05:59:40,IN-DELHI-01,22.5,50.3,22.6,1000.0,221.4,1.27,-0.16,10.76,10.84,1.03,2,407,4070,0,14,21.0,4056,1,180.1,-0.05,0,0,NORMAL,None,16.3,96.8
2026-09-01 05:59:45,IN-DELHI-01,21.2,64.9,22.3,1004.3,185.8,1.14,-0.1,10.76,10.83,1.02,198,2776,3960,4,26,39.0,4056,1,182.1,0.0,1,4,HAZARDOUS_AIR_POLLUTION,Extreme,95.8,91.0
2026-09-01 05:59:50,IN-DELHI-01,29.6,52.9,32.4,999.5,226.2,0.9,-0.17,10.86,10.9,1.09,0,400,4023,2,0,0.0,4046,1,183.6,-0.02,0,0,NORMAL,None,4.8,96.1
2026-09-01 05:59:55,IN-DELHI-01,22.1,86.0,25.3,990.9,298.5,-2.06,-1.63,10.64,10.96,1.15,16,456,1263,100,205,328.0,1562,87,137.9,-5.6,0,2,LANDSLIDE_PRECURSOR,Extreme,85.5,92.8
2026-09-01 06:00:00,IN-DELHI-01,22.2,92.7,26.0,989.4,311.4,-2.43,-1.46,10.51,10.89,1.08,6,421,1243,100,193,308.8,1686,83,130.6,-1.43,0,2,LANDSLIDE_PRECURSOR,Extreme,92.4,95.8
2026-09-01 06:00:05,IN-DELHI-01,25.3,61.3,27.4,999.4,227.1,1.01,-0.23,10.68,10.73,0.92,28,512,1771,83,879,1714.0,3554,18,55.9,-2.18,1,5,WATER_CONTAMINATION,Severe,96.0,93.0
2026-09-01 06:00:10,IN-DELHI-01,26.9,59.3,29.5,1001.9,205.8,1.07,-0.13,10.93,10.98,1.17,2,407,4083,0,9,13.5,4080,0,182.2,-0.03,0,0,NORMAL,None,8.7,92.4
2026-09-01 06:00:15,IN-DELHI-01,37.2,18.0,37.2,996.7,249.8,1.09,-0.08,10.84,10.89,1.08,129,1496,4095,0,13,19.5,4095,0,181.0,0.0,0,3,WILDFIRE,Severe,75.2,92.3
2026-09-01 06:00:20,IN-DELHI-01,23.0,90.5,27.1,993.2,279.4,5.49,1.1,11.16,12.48,2.67,9,431,1203,100,190,304.0,1518,89,119.1,-2.06,0,2,LANDSLIDE_PRECURSOR,Extreme,96.0,91.6
2026-09-01 06:00:25,IN-DELHI-01,25.6,94.3,31.4,987.4,328.3,1.0,-0.13,11.02,11.06,1.25,24,484,1374,97,294,529.2,1203,99,44.9,-10.67,0,1,FLASH_FLOOD,Severe,91.0,89.3
2026-09-01 06:00:30,IN-DELHI-01,28.8,68.2,33.3,1005.1,178.3,1.02,-0.16,10.79,10.83,1.02,16,464,1722,84,530,1033.5,2773,45,88.4,-0.28,0,5,WATER_CONTAMINATION,Severe,85.7,90.3
2026-09-01 06:00:35,IN-DELHI-01,39.6,15.9,39.6,998.1,238.1,1.07,-0.21,10.66,10.72,0.91,146,1641,4087,0,12,18.0,4095,0,190.9,0.0,1,3,WILDFIRE,Severe,83.4,95.3
2026-09-01 06:00:40,IN-DELHI-01,40.5,24.0,42.1,997.6,241.5,0.98,-0.27,10.68,10.73,0.92,74,1029,4085,0,2,3.0,4095,0,188.6,0.0,1,3,WILDFIRE,Severe,86.6,93.0
2026-09-01 06:00:45,IN-DELHI-01,26.4,47.5,27.5,1001.3,210.4,1.13,-0.19,10.81,10.87,1.06,3,410,4033,2,0,0.0,4063,1,178.5,0.12,0,0,NORMAL,None,15.0,93.9
2026-09-01 06:00:50,IN-DELHI-01,27.5,69.1,31.5,1003.4,193.0,0.94,-0.15,10.81,10.85,1.04,18,472,1993,75,853,1663.3,3226,30,44.0,-3.02,0,5,WATER_CONTAMINATION,Severe,96.0,85.8
2026-09-01 06:00:55,IN-DELHI-01,29.0,47.0,30.8,1000.3,218.9,1.11,-0.21,10.72,10.78,0.97,2,407,4066,1,8,12.0,4082,0,191.4,-0.24,0,0,NORMAL,None,3.8,92.2
2026-09-01 06:01:00,IN-DELHI-01,26.1,77.2,30.3,1001.3,210.4,0.96,-0.18,10.79,10.83,1.02,12,448,2053,73,460,897.0,3229,29,70.9,-0.49,1,5,WATER_CONTAMINATION,Severe,82.9,92.2
2026-09-01 06:01:05,IN-DELHI-01,26.6,71.1,30.4,1007.6,157.7,1.01,-0.18,10.77,10.82,1.01,162,2344,4050,1,7,10.5,4066,1,174.2,0.0,0,4,HAZARDOUS_AIR_POLLUTION,Severe,91.4,91.9
2026-09-01 06:01:10,IN-DELHI-01,41.2,18.8,41.7,997.1,246.2,1.11,-0.15,10.74,10.8,0.99,123,1445,4085,0,0,0.0,4095,0,187.0,0.0,1,3,WILDFIRE,Severe,89.2,89.4
2026-09-01 06:01:15,IN-DELHI-01,44.0,23.5,46.6,999.0,230.4,1.17,-0.11,10.63,10.69,0.88,124,1454,4095,0,1,1.5,4095,0,188.7,0.0,0,3,WILDFIRE,Extreme,98.0,92.8
2026-09-01 06:01:20,IN-DELHI-01,25.0,52.5,26.2,1002.4,201.7,1.01,-0.16,10.68,10.73,0.92,2,407,3994,3,19,28.5,4054,1,194.9,0.09,0,0,NORMAL,None,16.6,97.7
2026-09-01 06:01:25,IN-DELHI-01,41.7,24.2,43.8,996.3,252.6,0.91,-0.17,10.7,10.74,0.93,115,1377,4081,0,2,3.0,4095,0,187.7,0.0,0,3,WILDFIRE,Severe,91.0,90.9
2026-09-01 06:01:30,IN-DELHI-01,23.2,95.3,27.8,986.8,333.4,0.95,-0.16,10.93,10.97,1.16,13,445,1271,100,216,388.8,1151,100,49.2,-9.95,0,1,FLASH_FLOOD,Severe,90.2,95.3
2026-09-01 06:01:35,IN-DELHI-01,25.7,70.9,29.1,1002.2,203.2,1.02,-0.19,10.75,10.8,0.99,21,484,1922,77,555,1082.2,3418,23,44.9,-3.15,0,5,WATER_CONTAMINATION,Severe,86.6,88.9
2026-09-01 06:01:40,IN-DELHI-01,25.4,48.4,26.2,998.6,233.9,1.06,-0.35,10.64,10.69,0.88,1,403,4051,1,3,4.5,4065,1,181.6,-0.13,0,0,NORMAL,None,13.9,95.2
2026-09-01 06:01:45,IN-DELHI-01,27.6,54.1,29.8,1001.1,212.6,0.97,-0.18,10.61,10.66,0.85,0,400,4095,0,8,12.0,4080,0,183.6,0.11,0,0,NORMAL,None,6.7,93.1
2026-09-01 06:01:50,IN-DELHI-01,29.5,52.4,32.2,1000.1,220.6,1.12,-0.23,10.8,10.86,1.05,2,407,3996,3,8,12.0,4059,1,193.4,-0.06,0,0,NORMAL,None,15.4,94.7
2026-09-01 06:01:55,IN-DELHI-01,25.6,52.8,27.0,1002.9,197.5,0.98,-0.21,10.75,10.8,0.99,13,445,4094,0,21,31.5,4095,0,187.4,0.0,0,0,NORMAL,None,12.0,95.5
2026-09-01 06:02:00,IN-DELHI-01,19.1,88.6,21.3,993.6,275.2,5.62,2.28,10.61,12.22,2.41,14,449,1180,100,189,302.4,1524,88,175.2,-1.57,0,2,LANDSLIDE_PRECURSOR,Extreme,98.0,86.9
2026-09-01 06:02:05,IN-DELHI-01,24.4,65.9,26.7,1007.3,160.3,0.88,-0.2,10.71,10.75,0.94,149,2188,3959,4,16,24.0,4070,0,179.7,0.0,0,4,HAZARDOUS_AIR_POLLUTION,Severe,89.9,93.7
2026-09-01 06:02:10,IN-DELHI-01,21.8,90.1,25.1,991.2,295.5,-4.46,-2.93,12.2,13.32,3.51,13,445,1236,100,228,364.8,1556,87,119.1,-2.88,0,2,LANDSLIDE_PRECURSOR,Extreme,86.5,95.6
2026-09-01 06:02:15,IN-DELHI-01,26.8,47.2,28.0,1003.9,188.9,1.1,-0.07,10.44,10.5,0.69,1,403,4078,0,9,13.5,4077,0,197.0,0.03,1,0,NORMAL,None,11.3,94.7
2026-09-01 06:02:20,IN-DELHI-01,22.2,91.6,26.0,990.6,300.9,7.77,2.38,10.01,12.89,3.08,16,456,1273,100,247,395.2,1685,83,127.1,-6.64,0,2,LANDSLIDE_PRECURSOR,Extreme,91.7,88.0
2026-09-01 06:02:25,IN-DELHI-01,24.4,93.2,29.5,988.8,316.1,1.12,-0.16,10.74,10.8,0.99,13,445,1438,95,240,432.0,1266,97,27.6,-12.11,0,1,FLASH_FLOOD,Extreme,94.5,93.8
2026-09-01 06:02:30,IN-DELHI-01,23.1,90.1,27.1,986.9,332.4,1.18,-0.17,10.92,10.99,1.18,20,470,1425,95,361,649.8,1123,100,41.2,-12.2,1,1,FLASH_FLOOD,Severe,91.8,88.4
2026-09-01 06:02:35,IN-DELHI-01,19.5,89.3,21.8,992.1,288.6,4.75,1.42,10.48,11.59,1.78,5,417,1289,100,145,232.0,1633,85,126.4,-4.07,0,2,LANDSLIDE_PRECURSOR,Extreme,87.0,92.4
2026-09-01 06:02:40,IN-DELHI-01,26.5,65.4,29.6,1005.3,176.9,1.08,-0.12,10.72,10.77,0.96,197,2764,3976,4,9,13.5,4090,0,172.0,0.0,1,4,HAZARDOUS_AIR_POLLUTION,Extreme,95.6,94.0
2026-09-01 06:02:45,IN-DELHI-01,26.0,60.3,28.4,1005.8,172.4,1.27,-0.21,10.78,10.85,1.04,112,1744,4029,2,14,21.0,4063,1,182.1,0.0,0,4,HAZARDOUS_AIR_POLLUTION,Severe,85.4,91.0
2026-09-01 06:02:50,IN-DELHI-01,26.8,51.6,28.4,1002.2,202.8,1.1,-0.13,10.79,10.85,1.04,1,403,4095,0,6,9.0,4084,0,176.3,-0.04,0,0,NORMAL,None,8.5,92.3
2026-09-01 06:02:55,IN-DELHI-01,41.3,13.6,41.3,998.7,232.4,1.19,-0.22,10.95,11.01,1.2,158,1743,4091,0,8,12.0,4095,0,190.7,0.0,0,3,WILDFIRE,Severe,89.4,91.8
2026-09-01 06:03:00,IN-DELHI-01,21.0,89.5,23.9,985.3,346.0,1.02,-0.2,10.94,10.99,1.18,21,473,1355,98,287,516.6,1215,99,61.7,-19.65,1,1,FLASH_FLOOD,Severe,87.7,93.8
2026-09-01 06:03:05,IN-DELHI-01,26.6,50.9,28.1,1001.6,208.6,1.04,-0.1,10.98,11.02,1.21,3,410,4087,0,10,15.0,4094,0,178.2,-0.05,0,0,NORMAL,None,11.9,95.9
2026-09-01 06:03:10,IN-DELHI-01,21.8,94.8,25.7,989.6,309.8,0.99,-0.28,10.54,10.59,0.78,7,424,1367,97,344,619.2,1189,100,15.0,-13.87,0,1,FLASH_FLOOD,Extreme,97.0,92.9
2026-09-01 06:03:15,IN-DELHI-01,24.0,61.2,25.7,999.6,225.0,1.09,-0.14,10.81,10.87,1.06,36,544,1580,89,560,1092.0,2970,38,30.0,-1.13,0,5,WATER_CONTAMINATION,Severe,86.8,87.7
2026-09-01 06:03:20,IN-DELHI-01,42.2,18.1,42.8,999.3,227.2,1.0,-0.31,10.74,10.79,0.98,151,1683,4095,0,2,3.0,4095,0,190.4,0.0,0,3,WILDFIRE,Extreme,92.7,88.7
2026-09-01 06:03:25,IN-DELHI-01,26.6,54.5,28.5,997.9,239.0,0.94,-0.25,10.59,10.64,0.83,2,407,4041,1,5,7.5,4095,0,192.3,-0.02,0,0,NORMAL,None,12.6,95.8
2026-09-01 06:03:30,IN-DELHI-01,20.1,82.8,22.1,994.5,268.1,5.36,2.48,10.68,12.2,2.39,12,442,1212,100,164,262.4,1399,93,135.7,-3.0,1,2,LANDSLIDE_PRECURSOR,Extreme,93.7,93.4
2026-09-01 06:03:35,IN-DELHI-01,26.6,74.5,30.8,1000.2,220.2,1.02,-0.13,10.83,10.88,1.07,22,488,1781,82,584,1138.8,3280,28,78.9,-1.18,0,5,WATER_CONTAMINATION,Severe,87.8,89.0
2026-09-01 06:03:40,IN-DELHI-01,24.3,91.1,29.1,984.3,353.9,1.16,-0.21,10.53,10.6,0.79,10,435,1355,98,338,608.4,1251,98,41.2,-13.29,1,1,FLASH_FLOOD,Severe,91.8,89.1
2026-09-01 06:03:45,IN-DELHI-01,23.9,57.0,25.1,1000.6,216.6,1.0,-0.25,10.58,10.63,0.82,25,487,4003,3,1,1.5,4057,1,183.0,0.44,0,0,NORMAL,None,2.3,97.0
2026-09-01 06:03:50,IN-DELHI-01,40.0,19.6,40.4,995.9,255.9,1.07,-0.17,10.66,10.72,0.91,129,1496,4076,0,4,6.0,4095,0,193.3,0.0,0,3,WILDFIRE,Severe,84.9,96.6
2026-09-01 06:03:55,IN-DELHI-01,26.8,86.7,32.4,993.2,278.7,3.67,1.22,9.77,10.51,0.7,14,449,1379,97,202,323.2,1539,88,80.0,-5.25,1,2,LANDSLIDE_PRECURSOR,Extreme,96.5,92.7
2026-09-01 06:04:00,IN-DELHI-01,25.2,45.8,25.7,1000.0,222.1,0.91,-0.07,10.78,10.82,1.01,16,456,4054,1,6,9.0,4065,1,189.6,0.01,0,0,NORMAL,None,4.6,96.1
2026-09-01 06:04:05,IN-DELHI-01,31.1,46.6,33.7,1000.6,217.0,1.04,0.03,10.72,10.77,0.96,3,410,4095,0,0,0.0,4083,0,178.0,-0.21,0,0,NORMAL,None,5.9,95.7
2026-09-01 06:04:10,IN-DELHI-01,21.8,91.8,25.3,984.3,353.9,1.39,-0.18,10.63,10.72,0.91,13,445,1308,99,370,666.0,1334,95,51.2,-6.16,0,1,FLASH_FLOOD,Severe,89.8,97.1
2026-09-01 06:04:15,IN-DELHI-01,43.1,18.2,44.0,997.3,244.8,1.23,-0.24,10.93,11.01,1.2,82,1097,4077,0,1,1.5,4095,0,194.9,0.0,0,3,WILDFIRE,Extreme,95.9,96.8
2026-09-01 06:04:20,IN-DELHI-01,42.4,26.0,45.3,997.4,244.0,1.09,-0.21,10.68,10.73,0.92,122,1437,4083,0,7,10.5,4095,0,192.4,0.0,0,3,WILDFIRE,Extreme,93.6,94.2
2026-09-01 06:04:25,IN-DELHI-01,39.1,15.2,39.1,996.3,253.3,1.15,-0.16,10.69,10.75,0.94,125,1462,4082,0,9,13.5,4095,0,189.6,0.0,0,3,WILDFIRE,Severe,81.9,95.6
2026-09-01 06:04:30,IN-DELHI-01,45.6,20.5,47.9,997.5,242.5,1.13,-0.19,10.66,10.72,0.91,128,1488,4077,0,3,4.5,4095,0,189.4,0.0,0,3,WILDFIRE,Extreme,98.0,92.4
2026-09-01 06:04:35,IN-DELHI-01,18.8,94.8,21.3,986.3,337.3,1.11,0.03,10.39,10.45,0.64,3,410,1317,99,293,527.4,1265,97,47.5,-15.64,0,1,FLASH_FLOOD,Severe,90.5,89.9
2026-09-01 06:04:40,IN-DELHI-01,20.1,91.0,22.9,991.3,295.4,4.3,1.32,9.18,10.22,0.41,15,452,1319,99,284,454.4,1593,86,96.9,-4.2,0,2,LANDSLIDE_PRECURSOR,Extreme,90.6,95.7
2026-09-01 06:04:45,IN-DELHI-01,24.4,93.4,29.5,992.7,283.1,3.31,1.43,10.17,10.79,0.98,11,438,1271,100,179,286.4,1687,83,145.2,-4.33,0,2,LANDSLIDE_PRECURSOR,Extreme,96.6,90.2
2026-09-01 06:04:50,IN-DELHI-01,24.1,92.3,28.8,990.4,302.6,1.37,-0.08,10.58,10.67,0.86,13,445,1348,98,326,586.8,1456,91,56.5,-11.95,1,1,FLASH_FLOOD,Severe,88.7,95.7
2026-09-01 06:04:55,IN-DELHI-01,24.5,44.4,24.7,1003.0,196.1,0.99,-0.18,10.76,10.8,0.99,0,400,4094,0,4,6.0,4066,1,183.8,0.06,0,0,NORMAL,None,8.3,98.1
2026-09-01 06:05:00,IN-DELHI-01,25.3,47.6,26.0,1001.4,210.0,0.91,-0.15,10.82,10.85,1.04,1,403,4022,2,10,15.0,4037,2,191.4,-0.2,1,0,NORMAL,None,15.5,97.1
2026-09-01 06:05:05,IN-DELHI-01,26.3,50.3,27.6,1001.0,213.4,1.14,-0.2,10.92,10.98,1.17,3,410,4095,0,16,24.0,4062,1,172.7,0.19,0,0,NORMAL,None,7.2,96.0
2026-09-01 06:05:10,IN-DELHI-01,21.6,88.0,24.8,990.2,304.7,0.88,0.01,10.94,10.97,1.16,17,459,1360,97,289,520.2,1161,100,36.5,-14.79,0,1,FLASH_FLOOD,Severe,92.7,93.4
2026-09-01 06:05:15,IN-DELHI-01,40.6,19.9,41.2,994.8,265.4,1.18,-0.09,10.65,10.72,0.91,121,1428,4086,0,11,16.5,4095,0,191.4,0.0,0,3,WILDFIRE,Severe,87.1,92.5
2026-09-01 06:05:20,IN-DELHI-01,28.4,60.6,31.7,1005.0,179.4,1.06,-0.14,10.95,11.01,1.2,156,2272,4080,0,19,28.5,4056,1,181.2,0.0,0,4,HAZARDOUS_AIR_POLLUTION,Severe,90.7,96.6
2026-09-01 06:05:25,IN-DELHI-01,41.6,12.2,41.6,995.9,255.9,1.0,-0.22,10.65,10.7,0.89,84,1114,4082,0,0,0.0,4095,0,185.8,0.0,0,3,WILDFIRE,Severe,90.6,91.1
2026-09-01 06:05:30,IN-DELHI-01,29.3,62.0,33.3,1003.5,192.1,1.09,-0.18,10.61,10.66,0.85,160,2320,3962,4,18,27.0,4064,1,181.5,0.0,0,4,HAZARDOUS_AIR_POLLUTION,Severe,91.2,94.5
2026-09-01 06:05:35,IN-DELHI-01,25.7,71.5,29.2,998.4,235.0,1.0,-0.24,10.7,10.75,0.94,21,484,1738,84,672,1310.4,2923,40,69.3,-1.14,1,5,WATER_CONTAMINATION,Severe,91.2,94.2
2026-09-01 06:05:40,IN-DELHI-01,26.8,56.8,29.1,1000.3,219.3,1.07,-0.23,10.87,10.92,1.11,0,400,4043,1,0,0.0,4056,1,178.2,0.18,0,0,NORMAL,None,13.9,97.7
2026-09-01 06:05:45,IN-DELHI-01,27.0,61.4,29.9,1006.3,168.8,0.99,-0.11,10.7,10.75,0.94,139,2068,4039,2,11,16.5,4069,0,183.9,0.0,0,4,HAZARDOUS_AIR_POLLUTION,Severe,88.7,95.8
2026-09-01 06:05:50,IN-DELHI-01,26.0,71.7,29.5,1003.8,189.5,1.09,-0.2,10.81,10.87,1.06,145,2140,4036,2,21,31.5,4075,0,183.1,0.0,0,4,HAZARDOUS_AIR_POLLUTION,Severe,89.4,90.3
2026-09-01 06:05:55,IN-DELHI-01,43.1,19.7,44.4,997.1,245.8,1.04,-0.1,10.79,10.84,1.03,89,1156,4088,0,0,0.0,4095,0,192.1,0.0,0,3,WILDFIRE,Extreme,96.0,91.6
2026-09-01 06:06:00,IN-DELHI-01,25.5,92.8,31.1,992.5,285.1,1.19,-0.32,11.42,11.48,1.67,20,470,1374,97,436,784.8,1155,100,41.5,-9.66,1,1,FLASH_FLOOD,Severe,91.7,95.6
2026-09-01 06:06:05,IN-DELHI-01,26.0,80.3,30.6,992.2,287.1,5.95,3.11,9.8,11.88,2.07,18,463,1319,99,259,414.4,1545,88,133.2,-7.64,0,2,LANDSLIDE_PRECURSOR,Extreme,87.3,88.8
2026-09-01 06:06:10,IN-DELHI-01,25.0,70.9,28.1,1001.5,209.4,0.99,-0.2,10.86,10.91,1.1,11,444,1691,86,693,1351.3,3162,32,46.3,-1.5,0,5,WATER_CONTAMINATION,Severe,92.0,87.2
2026-09-01 06:06:15,IN-DELHI-01,23.2,91.1,27.3,991.1,296.7,1.07,-0.06,10.91,10.96,1.15,10,435,1377,97,317,570.6,1122,100,15.0,-9.49,0,1,FLASH_FLOOD,Extreme,97.0,95.1
2026-09-01 06:06:20,IN-DELHI-01,22.4,62.4,23.6,999.8,223.3,1.17,-0.19,10.76,10.83,1.02,25,500,2052,73,526,1025.7,3059,35,62.1,-1.88,0,5,WATER_CONTAMINATION,Severe,85.5,87.8
2026-09-01 06:06:25,IN-DELHI-01,25.2,55.0,26.6,1001.5,208.7,1.04,-0.22,10.55,10.6,0.79,2,407,4001,3,2,3.0,4030,2,173.2,-0.36,0,0,NORMAL,None,4.2,94.5
2026-09-01 06:06:30,IN-DELHI-01,27.3,53.9,29.4,1006.2,169.4,0.95,-0.22,10.71,10.76,0.95,160,2320,3940,5,8,12.0,4078,0,174.2,0.0,0,4,HAZARDOUS_AIR_POLLUTION,Severe,91.2,93.4
2026-09-01 06:06:35,IN-DELHI-01,25.0,46.4,25.5,1000.7,215.5,1.06,-0.05,10.87,10.92,1.11,2,407,4014,2,16,24.0,4043,1,177.0,-0.28,0,0,NORMAL,None,16.8,93.9
2026-09-01 06:06:40,IN-DELHI-01,26.1,55.9,28.0,1008.1,153.4,1.01,-0.16,10.9,10.95,1.14,100,1600,3900,6,19,28.5,4080,0,183.0,0.0,1,4,HAZARDOUS_AIR_POLLUTION,Severe,84.0,97.6
2026-09-01 06:06:45,IN-DELHI-01,23.0,93.7,27.3,989.1,313.6,1.01,-0.45,11.18,11.24,1.43,14,449,1386,96,370,666.0,1247,98,41.4,-14.66,0,1,FLASH_FLOOD,Severe,91.7,91.1
2026-09-01 06:06:50,IN-DELHI-01,22.9,91.8,27.0,991.3,295.3,-0.64,-2.69,11.56,11.89,2.08,8,428,1245,100,239,382.4,1430,92,136.0,-0.91,0,2,LANDSLIDE_PRECURSOR,Extreme,94.0,87.7
2026-09-01 06:06:55,IN-DELHI-01,28.1,65.3,31.8,1000.7,215.5,1.05,-0.2,10.81,10.87,1.06,17,468,1903,78,780,1521.0,2586,52,82.6,-2.36,0,5,WATER_CONTAMINATION,Severe,95.4,87.4
2026-09-01 06:07:00,IN-DELHI-01,26.0,68.1,29.2,998.6,233.7,1.01,-0.13,10.76,10.81,1.0,15,460,1973,75,810,1579.5,2866,42,92.6,-1.19,0,5,WATER_CONTAMINATION,Severe,96.0,92.5
2026-09-01 06:07:05,IN-DELHI-01,23.6,55.6,24.6,1002.1,203.6,1.17,-0.31,10.67,10.73,0.92,7,424,4034,2,11,16.5,4067,0,174.9,-0.31,0,0,NORMAL,None,17.9,92.3
2026-09-01 06:07:10,IN-DELHI-01,20.9,88.3,23.7,990.3,303.2,-4.25,-3.5,8.21,9.88,0.07,11,438,1275,100,243,388.8,1525,88,128.6,-5.36,0,2,LANDSLIDE_PRECURSOR,Extreme,95.6,89.1
2026-09-01 06:07:15,IN-DELHI-01,27.8,49.6,29.5,999.7,224.5,1.18,-0.2,10.81,10.87,1.06,3,410,4090,0,11,16.5,4079,0,174.9,0.21,0,0,NORMAL,None,13.1,94.3
2026-09-01 06:07:20,IN-DELHI-01,27.1,46.4,28.3,1002.3,202.3,0.89,-0.21,10.69,10.73,0.92,2,407,4046,1,11,16.5,4048,1,175.6,-0.18,0,0,NORMAL,None,7.4,96.9
2026-09-01 06:07:25,IN-DELHI-01,26.8,45.7,27.7,1001.2,211.7,1.1,-0.19,10.68,10.74,0.93,6,421,4025,2,2,3.0,4068,0,190.3,0.23,0,0,NORMAL,None,12.2,95.4
2026-09-01 06:07:30,IN-DELHI-01,26.5,51.2,28.0,1001.7,207.2,0.96,-0.2,10.73,10.78,0.97,0,400,4013,2,7,10.5,4052,1,189.7,-0.23,0,0,NORMAL,None,9.1,95.8
2026-09-01 06:07:35,IN-DELHI-01,21.4,87.2,24.3,987.6,326.5,1.0,-0.04,10.71,10.76,0.95,9,431,1301,99,274,493.2,1278,97,71.1,-7.96,0,1,FLASH_FLOOD,Severe,85.8,89.0
2026-09-01 06:07:40,IN-DELHI-01,23.1,67.0,25.0,998.5,233.9,1.08,-0.23,10.72,10.77,0.96,9,436,1645,87,668,1302.6,3135,33,30.0,-0.93,0,5,WATER_CONTAMINATION,Severe,91.1,90.2
2026-09-01 06:07:45,IN-DELHI-01,24.5,70.2,27.2,1004.2,186.4,1.08,-0.2,10.45,10.51,0.7,202,2824,4065,1,8,12.0,4040,1,177.3,0.0,0,4,HAZARDOUS_AIR_POLLUTION,Extreme,96.2,92.0
2026-09-01 06:07:50,IN-DELHI-01,43.9,10.4,43.9,995.1,262.8,1.0,-0.12,10.7,10.74,0.93,80,1080,4089,0,6,9.0,4095,0,192.8,0.0,0,3,WILDFIRE,Extreme,98.0,94.9
2026-09-01 06:07:55,IN-DELHI-01,29.7,46.2,31.6,1000.3,219.0,1.09,-0.18,10.7,10.76,0.95,10,435,4063,1,4,6.0,4080,0,185.9,-0.25,0,0,NORMAL,None,4.8,93.3
2026-09-01 06:08:00,IN-DELHI-01,23.4,56.0,24.4,1004.0,188.2,1.09,-0.11,10.75,10.8,0.99,180,2560,3942,5,6,9.0,4059,1,186.5,0.0,1,4,HAZARDOUS_AIR_POLLUTION,Extreme,93.6,93.5
2026-09-01 06:08:05,IN-DELHI-01,23.7,61.3,25.3,1002.2,203.2,1.09,-0.12,10.71,10.77,0.96,20,480,1882,79,591,1152.5,3075,35,52.3,-2.34,1,5,WATER_CONTAMINATION,Severe,88.0,92.0
2026-09-01 06:08:10,IN-DELHI-01,22.9,59.8,24.0,1005.1,178.6,1.07,-0.15,10.72,10.78,0.97,208,2896,3963,4,17,25.5,4044,1,180.9,0.0,0,4,HAZARDOUS_AIR_POLLUTION,Extreme,97.0,96.7
2026-09-01 06:08:15,IN-DELHI-01,30.4,52.8,33.6,999.6,225.4,0.97,-0.14,10.67,10.72,0.91,0,400,4052,1,5,7.5,4079,0,179.7,0.13,0,0,NORMAL,None,12.9,97.8
2026-09-01 06:08:20,IN-DELHI-01,22.9,88.1,26.7,988.0,322.7,1.11,-0.28,10.99,11.05,1.24,14,449,1303,99,387,696.6,1255,98,61.8,-13.11,1,1,FLASH_FLOOD,Severe,87.6,92.3
2026-09-01 06:08:25,IN-DELHI-01,23.4,94.2,28.0,987.3,328.4,-1.62,-2.27,9.12,9.53,0.28,10,435,1291,100,206,329.6,1738,81,122.2,-5.08,0,2,LANDSLIDE_PRECURSOR,Extreme,88.4,92.9
2026-09-01 06:08:30,IN-DELHI-01,22.7,88.8,26.5,987.2,329.3,0.95,-0.31,10.59,10.64,0.83,16,456,1339,98,203,365.4,1228,99,35.0,-6.53,0,1,FLASH_FLOOD,Severe,93.0,92.1
2026-09-01 06:08:35,IN-DELHI-01,21.1,90.1,24.2,986.5,335.7,1.2,-0.31,10.94,11.01,1.2,17,459,1375,97,408,734.4,1192,100,32.0,-13.32,0,1,FLASH_FLOOD,Severe,93.6,91.4
2026-09-01 06:08:40,IN-DELHI-01,29.7,46.7,31.8,1000.6,216.9,1.09,-0.22,10.56,10.62,0.81,0,400,4095,0,15,22.5,4094,0,181.4,0.12,0,0,NORMAL,None,12.1,93.7
2026-09-01 06:08:45,IN-DELHI-01,24.6,55.4,25.9,1001.4,210.2,1.14,-0.24,10.77,10.83,1.02,2,407,4061,1,24,36.0,4080,0,181.1,-0.13,0,0,NORMAL,None,14.4,95.2
2026-09-01 06:08:50,IN-DELHI-01,25.7,66.0,28.5,1001.8,206.8,0.98,-0.13,10.76,10.8,0.99,14,456,1952,76,488,951.6,3197,31,72.7,-1.52,0,5,WATER_CONTAMINATION,Severe,84.0,89.0
2026-09-01 06:08:55,IN-DELHI-01,23.9,52.8,24.7,1007.3,159.8,0.99,-0.16,10.73,10.78,0.97,183,2596,3940,5,20,30.0,4052,1,180.5,0.0,0,4,HAZARDOUS_AIR_POLLUTION,Extreme,94.0,90.8
2026-09-01 06:09:00,IN-DELHI-01,28.2,48.1,29.9,1003.3,193.6,1.15,-0.24,10.7,10.77,0.96,0,400,4065,1,2,3.0,4071,0,177.4,-0.15,0,0,NORMAL,None,12.8,97.1
2026-09-01 06:09:05,IN-DELHI-01,19.6,92.3,22.2,990.8,299.2,-3.57,-2.1,10.37,11.17,1.36,13,445,1249,100,258,412.8,1662,84,125.9,-4.77,0,2,LANDSLIDE_PRECURSOR,Extreme,97.3,88.9
2026-09-01 06:09:10,IN-DELHI-01,45.0,22.7,47.8,1000.5,217.2,1.1,-0.22,10.65,10.7,0.89,145,1632,4094,0,6,9.0,4095,0,196.4,0.0,0,3,WILDFIRE,Extreme,98.0,88.6
2026-09-01 06:09:15,IN-DELHI-01,29.6,48.0,31.8,999.7,224.0,0.98,-0.28,10.74,10.78,0.97,7,424,4056,1,14,21.0,4091,0,192.6,0.15,0,0,NORMAL,None,10.6,98.5
2026-09-01 06:09:20,IN-DELHI-01,22.5,91.9,26.4,988.1,322.0,1.01,-0.16,11.02,11.07,1.26,0,400,1394,96,318,572.4,1164,100,24.8,-11.12,0,1,FLASH_FLOOD,Extreme,95.0,88.8
2026-09-01 06:09:25,IN-DELHI-01,28.9,55.1,31.7,1000.7,216.0,1.16,-0.21,10.8,10.86,1.05,0,400,4020,2,2,3.0,4061,1,183.6,0.14,0,0,NORMAL,None,17.5,98.3
2026-09-01 06:09:30,IN-DELHI-01,20.9,95.4,24.4,986.8,333.1,1.1,0.11,11.01,11.06,1.25,7,424,1330,98,246,442.8,1209,99,49.2,-13.3,1,1,FLASH_FLOOD,Severe,90.2,95.9
2026-09-01 06:09:35,IN-DELHI-01,22.7,88.9,26.4,988.1,322.4,1.14,-0.08,10.67,10.73,0.92,10,435,1404,96,251,451.8,1329,95,56.9,-13.76,0,1,FLASH_FLOOD,Severe,88.6,88.2
2026-09-01 06:09:40,IN-DELHI-01,26.6,51.0,28.1,1000.3,219.2,1.13,-0.13,10.59,10.66,0.85,9,431,4016,2,10,15.0,4057,1,194.4,-0.23,0,0,NORMAL,None,16.1,92.4
2026-09-01 06:09:45,IN-DELHI-01,38.9,20.5,39.3,999.1,229.1,0.94,-0.16,10.63,10.67,0.86,124,1454,4080,0,7,10.5,4095,0,194.7,0.0,0,3,WILDFIRE,Severe,81.2,93.6
2026-09-01 06:09:50,IN-DELHI-01,24.9,95.5,30.4,989.9,306.9,1.25,-0.21,10.92,10.99,1.18,16,456,1192,100,296,532.8,1200,100,47.4,-14.09,1,1,FLASH_FLOOD,Severe,90.5,91.1
2026-09-01 06:09:55,IN-DELHI-01,21.8,97.5,25.9,993.4,277.6,0.84,-0.07,10.64,10.68,0.87,21,473,1338,98,282,507.6,1225,99,53.9,-15.88,1,1,FLASH_FLOOD,Severe,89.2,90.6
2026-09-01 06:10:00,IN-DELHI-01,20.1,86.7,22.4,993.2,278.8,4.75,1.68,10.5,11.64,1.83,10,435,1321,99,188,300.8,1792,79,129.2,-3.27,0,2,LANDSLIDE_PRECURSOR,Extreme,96.1,89.9
2026-09-01 06:10:05,IN-DELHI-01,43.9,17.5,44.7,994.3,269.6,0.99,-0.13,10.74,10.79,0.98,116,1386,4081,0,6,9.0,4095,0,191.6,0.0,0,3,WILDFIRE,Extreme,98.0,97.3
2026-09-01 06:10:10,IN-DELHI-01,21.2,87.1,24.0,992.7,283.1,-2.87,-1.27,11.19,11.62,1.81,7,424,1386,96,254,406.4,1579,86,123.7,-4.4,0,2,LANDSLIDE_PRECURSOR,Extreme,94.6,94.0
2026-09-01 06:10:15,IN-DELHI-01,22.3,86.8,25.6,990.8,299.1,-2.29,-1.69,11.24,11.6,1.79,5,417,1314,99,180,288.0,1863,77,106.3,-5.34,0,2,LANDSLIDE_PRECURSOR,Extreme,97.5,91.2
2026-09-01 06:10:20,IN-DELHI-01,28.1,53.6,30.5,998.7,232.8,0.94,-0.14,10.87,10.91,1.1,3,410,4081,0,16,24.0,4051,1,169.4,0.08,1,0,NORMAL,None,3.6,94.7
2026-09-01 06:10:25,IN-DELHI-01,29.7,62.4,33.9,1005.3,176.7,1.03,-0.21,10.84,10.89,1.08,190,2680,3989,3,11,16.5,4061,1,181.8,0.0,0,4,HAZARDOUS_AIR_POLLUTION,Extreme,94.8,90.2
2026-09-01 06:10:30,IN-DELHI-01,29.4,49.6,31.8,1002.1,203.6,1.2,-0.12,10.76,10.83,1.02,4,414,4047,1,6,9.0,4084,0,181.4,-0.02,0,0,NORMAL,None,14.0,95.2
2026-09-01 06:10:35,IN-DELHI-01,37.3,14.9,37.3,998.5,234.4,1.07,-0.14,10.86,10.92,1.11,118,1403,4090,0,1,1.5,4095,0,192.7,0.0,0,3,WILDFIRE,Severe,75.5,89.2
2026-09-01 06:10:40,IN-DELHI-01,27.4,54.8,29.7,1001.1,212.3,1.0,-0.15,10.48,10.53,0.72,4,414,4051,1,10,15.0,4055,1,190.9,0.1,1,0,NORMAL,None,8.4,92.5
2026-09-01 06:10:45,IN-DELHI-01,26.8,55.3,28.9,1002.1,204.2,0.96,-0.14,10.92,10.97,1.16,4,414,4008,3,1,1.5,4073,0,177.5,0.31,0,0,NORMAL,None,2.2,96.4
2026-09-01 06:10:50,IN-DELHI-01,24.8,92.0,29.9,993.3,278.4,-4.92,-2.49,9.66,11.12,1.31,14,449,1234,100,210,336.0,1689,83,146.4,-4.73,0,2,LANDSLIDE_PRECURSOR,Extreme,95.2,89.7
2026-09-01 06:10:55,IN-DELHI-01,23.5,69.0,25.8,998.0,238.7,1.08,-0.21,10.65,10.71,0.9,22,488,1882,79,721,1406.0,4095,0,78.2,-1.9,1,5,WATER_CONTAMINATION,Severe,93.1,92.1
2026-09-01 06:11:00,IN-DELHI-01,23.2,93.1,27.6,989.7,308.2,1.14,-0.22,10.63,10.69,0.88,21,473,1287,100,347,624.6,1285,97,71.4,-12.84,0,1,FLASH_FLOOD,Severe,85.7,95.2
2026-09-01 06:11:05,IN-DELHI-01,24.1,92.7,28.9,991.1,297.0,1.0,-0.18,11.13,11.17,1.36,19,466,1459,94,322,579.6,1306,96,40.1,-14.04,0,1,FLASH_FLOOD,Severe,92.0,96.2
2026-09-01 06:11:10,IN-DELHI-01,26.3,53.2,27.9,1002.1,204.1,1.01,-0.2,10.71,10.76,0.95,8,428,4077,0,15,22.5,4082,0,182.7,-0.01,0,0,NORMAL,None,9.8,92.6
2026-09-01 06:11:15,IN-DELHI-01,27.8,54.9,30.2,1001.0,213.1,1.06,-0.1,10.65,10.7,0.89,3,410,3953,5,11,16.5,4050,1,170.1,0.14,0,0,NORMAL,None,16.7,96.4
2026-09-01 06:11:20,IN-DELHI-01,23.9,91.3,28.5,993.9,273.0,1.04,-0.33,10.54,10.6,0.79,10,435,1364,97,347,624.6,1215,99,52.9,-13.72,0,1,FLASH_FLOOD,Severe,89.4,90.8
2026-09-01 06:11:25,IN-DELHI-01,25.6,71.0,28.9,1000.7,216.0,1.1,-0.12,10.86,10.92,1.11,23,492,1809,81,658,1283.1,3228,29,97.8,-1.1,1,5,WATER_CONTAMINATION,Severe,90.7,88.3
2026-09-01 06:11:30,IN-DELHI-01,28.6,59.0,31.9,999.5,225.9,0.98,-0.29,10.63,10.68,0.87,2,407,4058,1,13,19.5,4072,0,175.5,0.27,0,0,NORMAL,None,7.7,96.2
2026-09-01 06:11:35,IN-DELHI-01,28.6,47.2,30.3,1000.9,214.0,1.01,-0.17,10.84,10.88,1.07,1,403,3993,3,5,7.5,4067,0,183.6,0.29,1,0,NORMAL,None,5.6,94.5
2026-09-01 06:11:40,IN-DELHI-01,23.4,91.0,27.7,992.1,288.7,5.07,1.87,12.63,13.74,3.93,12,442,1302,99,189,302.4,1440,91,150.9,-5.31,0,2,LANDSLIDE_PRECURSOR,Extreme,92.7,86.9
2026-09-01 06:11:45,IN-DELHI-01,42.5,18.9,43.4,1001.8,206.4,1.06,-0.23,10.82,10.87,1.06,130,1505,4084,0,4,6.0,4095,0,189.4,0.0,0,3,WILDFIRE,Extreme,93.8,88.1
2026-09-01 06:11:50,IN-DELHI-01,39.1,17.4,39.1,996.0,255.3,1.03,-0.22,10.71,10.76,0.95,129,1496,4072,0,0,0.0,4095,0,189.1,0.0,0,3,WILDFIRE,Severe,81.7,96.8
2026-09-01 06:11:55,IN-DELHI-01,26.4,77.6,30.9,1003.2,194.5,1.06,-0.24,10.64,10.7,0.89,25,500,1733,84,553,1078.3,3330,26,96.4,-1.44,0,5,WATER_CONTAMINATION,Severe,86.6,86.5
2026-09-01 06:12:00,IN-DELHI-01,27.5,50.6,29.3,1000.9,214.3,1.08,-0.19,10.9,10.96,1.15,7,424,4040,1,12,18.0,4085,0,178.3,0.07,0,0,NORMAL,None,15.2,93.3
2026-09-01 06:12:05,IN-DELHI-01,26.4,56.9,28.5,1000.4,218.4,1.16,-0.17,10.72,10.79,0.98,3,410,3994,3,15,22.5,4051,1,179.7,0.26,0,0,NORMAL,None,7.8,93.9
2026-09-01 06:12:10,IN-DELHI-01,27.4,50.3,29.1,999.4,227.1,0.99,-0.12,10.66,10.71,0.9,1,403,4033,2,7,10.5,4065,1,175.3,0.07,0,0,NORMAL,None,14.3,98.7
2026-09-01 06:12:15,IN-DELHI-01,23.8,92.0,28.3,989.0,314.8,1.0,-0.38,11.03,11.08,1.27,20,470,1361,97,392,705.6,1371,94,15.0,-10.58,0,1,FLASH_FLOOD,Extreme,97.0,90.8
2026-09-01 06:12:20,IN-DELHI-01,42.8,16.6,43.1,995.2,262.5,1.13,-0.24,10.73,10.79,0.98,181,1938,4084,0,6,9.0,4095,0,188.5,0.0,1,3,WILDFIRE,Extreme,94.9,94.8
2026-09-01 06:12:25,IN-DELHI-01,23.8,96.3,28.9,987.0,331.4,1.04,-0.33,10.75,10.8,0.99,9,431,1333,98,308,554.4,1260,97,48.7,-15.04,0,1,FLASH_FLOOD,Severe,90.3,88.2
2026-09-01 06:12:30,IN-DELHI-01,20.5,88.1,23.1,991.0,298.0,5.38,2.65,11.19,12.7,2.89,14,449,1343,98,200,320.0,1420,92,128.5,-2.5,0,2,LANDSLIDE_PRECURSOR,Extreme,85.9,91.7
2026-09-01 06:12:35,IN-DELHI-01,23.9,51.2,24.5,1002.0,204.9,1.0,-0.22,10.66,10.71,0.9,1,403,3989,3,8,12.0,4058,1,186.3,-0.0,0,0,NORMAL,None,8.6,98.7
2026-09-01 06:12:40,IN-DELHI-01,22.1,86.6,25.3,992.3,286.5,-3.54,-1.7,12.34,12.95,3.14,11,438,1303,99,256,409.6,1667,83,89.8,-2.64,0,2,LANDSLIDE_PRECURSOR,Extreme,97.5,92.1
2026-09-01 06:12:45,IN-DELHI-01,20.7,93.0,23.9,990.2,304.3,6.3,1.87,10.48,12.37,2.56,5,417,1250,100,200,320.0,1490,89,109.8,-5.16,1,2,LANDSLIDE_PRECURSOR,Extreme,96.4,86.8
2026-09-01 06:12:50,IN-DELHI-01,39.7,15.6,39.7,998.9,230.6,1.14,-0.11,10.68,10.75,0.94,65,952,4091,0,6,9.0,4095,0,192.3,0.0,0,3,WILDFIRE,Severe,83.8,92.0
2026-09-01 06:12:55,IN-DELHI-01,23.1,91.0,27.2,992.5,284.5,-5.48,-2.9,10.22,11.95,2.14,8,428,1300,100,189,302.4,1438,91,124.5,-3.63,0,2,LANDSLIDE_PRECURSOR,Extreme,86.9,93.3
2026-09-01 06:13:00,IN-DELHI-01,28.8,49.0,30.8,1001.7,207.1,1.01,-0.19,10.64,10.69,0.88,123,1876,3936,5,24,36.0,4039,1,173.1,0.0,1,4,HAZARDOUS_AIR_POLLUTION,Severe,86.8,95.4
2026-09-01 06:13:05,IN-DELHI-01,26.6,70.9,30.4,1002.3,202.4,1.08,-0.19,10.84,10.9,1.09,27,508,2137,70,691,1347.5,3384,24,75.5,-1.13,0,5,WATER_CONTAMINATION,Severe,92.0,93.5
2026-09-01 06:13:10,IN-DELHI-01,23.0,63.3,24.5,1003.6,191.2,1.07,-0.22,10.71,10.77,0.96,28,512,1938,77,651,1269.5,2644,50,65.1,-0.47,0,5,WATER_CONTAMINATION,Severe,90.4,86.3
2026-09-01 06:13:15,IN-DELHI-01,26.7,51.1,28.2,1001.3,210.4,1.05,-0.08,10.69,10.74,0.93,25,487,4072,0,11,16.5,4041,1,195.9,0.35,0,0,NORMAL,None,11.3,93.1
2026-09-01 06:13:20,IN-DELHI-01,25.3,59.2,27.3,1001.5,209.2,1.02,-0.17,10.76,10.81,1.0,2,407,4048,1,7,10.5,4051,1,177.3,-0.03,0,0,NORMAL,None,3.7,98.2
2026-09-01 06:13:25,IN-DELHI-01,27.8,72.0,32.2,1006.9,163.5,1.08,-0.16,10.76,10.81,1.0,175,2500,3916,6,17,25.5,4032,2,175.9,0.0,0,4,HAZARDOUS_AIR_POLLUTION,Severe,93.0,96.5
2026-09-01 06:13:30,IN-DELHI-01,27.4,71.6,31.6,1000.5,217.2,1.05,-0.16,10.82,10.87,1.06,19,476,1879,79,684,1333.8,3231,29,61.0,-1.43,1,5,WATER_CONTAMINATION,Severe,91.7,85.4
2026-09-01 06:13:35,IN-DELHI-01,20.7,58.9,21.1,1007.7,156.6,1.15,-0.22,10.65,10.71,0.9,165,2380,3998,3,16,24.0,4067,0,182.5,0.0,0,4,HAZARDOUS_AIR_POLLUTION,Severe,91.8,94.2
2026-09-01 06:13:40,IN-DELHI-01,18.8,94.4,21.2,991.6,292.5,-3.07,-2.53,11.35,12.02,2.21,8,428,1283,100,270,432.0,1706,82,124.9,-5.38,0,2,LANDSLIDE_PRECURSOR,Extreme,85.2,94.0
2026-09-01 06:13:45,IN-DELHI-01,21.5,92.7,25.0,987.9,323.8,1.1,-0.52,10.89,10.96,1.15,17,459,1266,100,380,684.0,1168,100,23.8,-10.47,0,1,FLASH_FLOOD,Extreme,95.2,95.6
2026-09-01 06:13:50,IN-DELHI-01,38.8,25.7,40.3,996.9,247.4,1.19,-0.21,10.87,10.94,1.13,140,1590,4092,0,2,3.0,4095,0,186.0,0.0,0,3,WILDFIRE,Severe,80.8,89.6
2026-09-01 06:13:55,IN-DELHI-01,28.7,54.1,31.4,1001.4,210.2,1.17,-0.22,10.55,10.62,0.81,1,403,4073,0,0,0.0,4075,0,183.2,-0.1,0,0,NORMAL,None,13.9,96.0
2026-09-01 06:14:00,IN-DELHI-01,27.1,57.8,29.5,1000.6,216.7,1.03,-0.17,10.94,10.99,1.18,1,403,4002,3,11,16.5,4025,2,192.6,-0.0,0,0,NORMAL,None,8.4,92.4
2026-09-01 06:14:05,IN-DELHI-01,22.1,87.7,25.4,996.3,253.2,-4.29,-3.26,8.78,10.3,0.49,14,449,1257,100,193,308.8,1785,79,132.3,-3.76,0,2,LANDSLIDE_PRECURSOR,Extreme,87.2,90.3
2026-09-01 06:14:10,IN-DELHI-01,23.2,95.4,27.8,987.9,324.1,1.17,-0.35,10.75,10.82,1.01,11,438,1332,98,359,646.2,1304,96,41.8,-11.89,0,1,FLASH_FLOOD,Severe,91.6,91.0
2026-09-01 06:14:15,IN-DELHI-01,20.2,63.9,20.9,1007.2,160.8,1.02,-0.22,10.66,10.71,0.9,187,2644,3982,4,28,42.0,4079,0,179.7,0.0,1,4,HAZARDOUS_AIR_POLLUTION,Extreme,94.4,94.1
2026-09-01 06:14:20,IN-DELHI-01,40.8,17.9,41.0,997.7,240.8,1.01,-0.23,10.56,10.61,0.8,140,1590,4085,0,14,21.0,4095,0,188.2,0.0,0,3,WILDFIRE,Severe,87.9,96.0
2026-09-01 06:14:25,IN-DELHI-01,25.1,93.9,30.5,988.2,321.4,1.11,-0.21,10.99,11.05,1.24,4,414,1374,97,304,547.2,1260,97,57.4,-13.46,0,1,FLASH_FLOOD,Severe,88.5,93.3
2026-09-01 06:14:30,IN-DELHI-01,28.6,53.0,31.0,1001.5,208.6,1.06,-0.2,10.94,10.99,1.18,3,410,4075,0,13,19.5,4067,0,183.2,0.38,0,0,NORMAL,None,11.6,95.2
2026-09-01 06:14:35,IN-DELHI-01,26.6,45.5,27.5,999.5,225.9,1.06,-0.12,11.01,11.06,1.25,3,410,4036,2,5,7.5,4054,1,189.3,0.13,1,0,NORMAL,None,16.3,95.6
2026-09-01 06:14:40,IN-DELHI-01,30.2,48.3,32.6,1000.7,216.1,1.0,-0.2,10.7,10.75,0.94,1,403,4057,1,15,22.5,4045,1,164.1,-0.04,0,0,NORMAL,None,14.1,94.2
2026-09-01 06:14:45,IN-DELHI-01,26.1,68.9,29.5,1006.9,163.6,1.16,-0.23,10.72,10.79,0.98,164,2368,3948,5,9,13.5,4064,1,171.2,0.0,0,4,HAZARDOUS_AIR_POLLUTION,Severe,91.7,94.1
2026-09-01 06:14:50,IN-DELHI-01,25.3,62.5,27.5,1002.8,197.9,1.01,-0.11,10.87,10.92,1.11,14,456,1889,78,692,1349.4,3129,33,69.0,-1.5,1,5,WATER_CONTAMINATION,Severe,92.0,92.0
2026-09-01 06:14:55,IN-DELHI-01,28.6,55.0,31.3,999.5,225.9,1.04,-0.23,10.84,10.89,1.08,2,407,4058,1,0,0.0,4089,0,180.9,0.13,0,0,NORMAL,None,3.0,96.9
2026-09-01 06:15:00,IN-DELHI-01,23.0,63.3,24.5,1001.1,212.8,1.14,-0.18,10.82,10.88,1.07,6,424,1817,81,551,1074.5,3508,20,54.1,-0.17,1,5,WATER_CONTAMINATION,Severe,86.5,94.6
2026-09-01 06:15:05,IN-DELHI-01,29.3,56.2,32.6,1001.1,212.6,0.97,-0.19,10.82,10.86,1.05,1,403,4095,0,13,19.5,4059,1,184.5,0.12,1,0,NORMAL,None,16.6,98.4
2026-09-01 06:15:10,IN-DELHI-01,23.0,70.2,25.1,1001.9,205.7,1.22,-0.16,10.66,10.74,0.93,26,504,2026,74,689,1343.5,3165,32,52.8,-0.57,0,5,WATER_CONTAMINATION,Severe,91.9,86.2
2026-09-01 06:15:15,IN-DELHI-01,23.7,71.1,26.3,1000.3,218.7,1.01,-0.17,10.7,10.75,0.94,16,464,1736,84,653,1273.3,2998,37,67.7,-1.74,0,5,WATER_CONTAMINATION,Severe,90.5,86.8
2026-09-01 06:15:20,IN-DELHI-01,41.9,17.7,42.3,996.8,248.3,0.93,-0.19,10.72,10.76,0.95,181,1938,4077,0,6,9.0,4095,0,181.8,0.0,0,3,WILDFIRE,Severe,91.7,92.6
2026-09-01 06:15:25,IN-DELHI-01,24.9,59.9,26.8,1001.1,212.4,1.09,-0.16,10.68,10.74,0.93,21,484,1695,85,590,1150.5,3437,22,60.7,-2.06,0,5,WATER_CONTAMINATION,Severe,88.0,85.8
2026-09-01 06:15:30,IN-DELHI-01,24.7,49.3,25.3,1000.2,220.0,1.14,-0.21,10.51,10.58,0.77,5,417,4078,0,4,6.0,4075,0,183.3,0.08,0,0,NORMAL,None,4.2,96.8
2026-09-01 06:15:35,IN-DELHI-01,29.0,51.1,31.3,1000.2,220.2,1.02,-0.19,10.84,10.89,1.08,1,403,4095,0,11,16.5,4067,0,182.5,-0.12,0,0,NORMAL,None,14.7,95.6
2026-09-01 06:15:40,IN-DELHI-01,27.3,55.0,29.5,1001.8,206.9,1.04,-0.21,10.84,10.89,1.08,2,407,3998,3,20,30.0,4060,1,188.7,-0.09,0,0,NORMAL,None,4.7,98.9
2026-09-01 06:15:45,IN-DELHI-01,26.8,47.9,28.0,1000.7,215.8,1.13,-0.11,10.87,10.93,1.12,6,421,4095,0,7,10.5,4064,1,183.0,-0.38,0,0,NORMAL,None,15.5,94.2
2026-09-01 06:15:50,IN-DELHI-01,43.7,11.4,43.7,997.6,241.9,0.97,-0.14,10.67,10.71,0.9,122,1437,4086,0,8,12.0,4095,0,189.6,0.0,0,3,WILDFIRE,Extreme,98.0,93.1
2026-09-01 06:15:55,IN-DELHI-01,21.0,86.6,23.8,992.5,284.6,-1.32,-1.3,10.32,10.48,0.67,21,473,1218,100,157,251.2,1644,84,132.6,-4.85,0,2,LANDSLIDE_PRECURSOR,Extreme,88.9,91.2
2026-09-01 06:16:00,IN-DELHI-01,42.7,15.7,42.8,995.0,263.9,1.0,-0.18,10.78,10.83,1.02,177,1904,4087,0,8,12.0,4095,0,194.3,0.0,0,3,WILDFIRE,Extreme,94.6,92.0
2026-09-01 06:16:05,IN-DELHI-01,26.6,56.5,28.7,1004.4,184.3,1.02,-0.15,10.76,10.81,1.0,6,421,4087,0,8,12.0,4091,0,167.7,-0.03,0,0,NORMAL,None,12.2,93.4
2026-09-01 06:16:10,IN-DELHI-01,26.6,61.8,29.3,1009.2,144.2,1.06,-0.2,10.72,10.77,0.96,230,3160,4029,2,14,21.0,4057,1,172.6,0.0,0,4,HAZARDOUS_AIR_POLLUTION,Extreme,99.0,93.5
2026-09-01 06:16:15,IN-DELHI-01,25.5,46.9,26.1,1001.1,212.0,1.08,-0.23,10.72,10.78,0.97,10,435,4066,1,11,16.5,4095,0,166.1,-0.01,0,0,NORMAL,None,7.2,95.8
2026-09-01 06:16:20,IN-DELHI-01,24.2,44.9,24.3,1000.2,220.0,1.11,-0.03,10.88,10.94,1.13,6,421,4095,0,0,0.0,4095,0,175.6,0.18,0,0,NORMAL,None,3.3,97.7
2026-09-01 06:16:25,IN-DELHI-01,17.9,88.9,19.6,991.3,294.8,-5.29,-3.17,12.25,13.71,3.9,19,466,1297,100,202,323.2,1645,84,149.3,-8.1,1,2,LANDSLIDE_PRECURSOR,Extreme,91.3,91.2
2026-09-01 06:16:30,IN-DELHI-01,29.4,66.3,33.9,1006.8,164.0,0.95,-0.11,10.78,10.82,1.01,193,2716,4058,1,16,24.0,4046,1,185.7,0.0,0,4,HAZARDOUS_AIR_POLLUTION,Extreme,95.2,94.1
2026-09-01 06:16:35,IN-DELHI-01,20.1,93.8,23.0,991.4,294.5,-2.29,-1.99,9.01,9.51,0.3,6,421,1301,99,239,382.4,1741,81,97.9,-3.01,1,2,LANDSLIDE_PRECURSOR,Extreme,86.3,93.7
2026-09-01 06:16:40,IN-DELHI-01,22.3,88.0,25.8,985.3,345.9,1.27,-0.0,10.56,10.63,0.82,13,445,1342,98,322,579.6,1210,99,49.4,-13.19,1,1,FLASH_FLOOD,Severe,90.1,91.8
2026-09-01 06:16:45,IN-DELHI-01,23.3,91.5,27.6,993.3,278.5,-1.89,-2.68,9.7,10.24,0.43,9,431,1286,100,254,406.4,1873,76,142.3,-1.23,0,2,LANDSLIDE_PRECURSOR,Extreme,88.4,88.6
2026-09-01 06:16:50,IN-DELHI-01,41.0,17.7,41.2,996.1,254.3,0.94,-0.22,10.7,10.74,0.93,136,1556,4069,0,0,0.0,4095,0,190.1,0.0,0,3,WILDFIRE,Severe,88.6,90.5
2026-09-01 06:16:55,IN-DELHI-01,27.6,51.6,29.6,999.6,225.0,0.95,-0.06,10.77,10.81,1.0,0,400,4038,2,21,31.5,4084,0,178.2,-0.05,0,0,NORMAL,None,13.4,97.5
2026-09-01 06:17:00,IN-DELHI-01,29.5,58.6,33.0,1001.1,212.4,1.0,-0.15,10.83,10.88,1.07,6,421,4078,0,9,13.5,4076,0,173.4,0.05,0,0,NORMAL,None,15.2,95.1
2026-09-01 06:17:05,IN-DELHI-01,24.5,96.8,30.0,984.4,353.0,1.17,-0.24,10.45,10.52,0.71,23,480,1358,97,348,626.4,1306,96,57.6,-9.43,0,1,FLASH_FLOOD,Severe,88.5,94.4
2026-09-01 06:17:10,IN-DELHI-01,23.0,93.7,27.4,985.9,340.7,1.11,0.09,10.81,10.87,1.06,7,424,1321,99,339,610.2,1211,99,75.1,-14.31,0,1,FLASH_FLOOD,Severe,85.0,92.7
2026-09-01 06:17:15,IN-DELHI-01,20.4,88.7,23.1,992.0,288.7,5.03,2.16,10.14,11.52,1.71,16,456,1275,100,320,512.0,1740,81,148.2,-0.71,0,2,LANDSLIDE_PRECURSOR,Extreme,90.0,92.0
2026-09-01 06:17:20,IN-DELHI-01,24.5,95.9,29.8,990.1,304.8,1.22,-0.19,10.83,10.9,1.09,12,442,1308,99,391,703.8,1126,100,45.6,-11.31,1,1,FLASH_FLOOD,Severe,90.9,93.8
2026-09-01 06:17:25,IN-DELHI-01,42.5,15.6,42.5,998.2,236.5,1.2,-0.12,10.84,10.9,1.09,143,1615,4094,0,0,0.0,4095,0,190.4,0.0,0,3,WILDFIRE,Extreme,93.7,95.4
2026-09-01 06:17:30,IN-DELHI-01,39.5,18.2,39.5,996.7,249.3,1.07,-0.17,10.89,10.94,1.13,72,1012,4090,0,7,10.5,4095,0,191.6,0.0,0,3,WILDFIRE,Severe,83.4,89.0
2026-09-01 06:17:35,IN-DELHI-01,20.8,89.6,23.7,994.9,264.9,-3.7,-3.03,11.21,12.18,2.37,3,410,1327,99,227,363.2,1531,88,151.8,-1.6,1,2,LANDSLIDE_PRECURSOR,Extreme,89.4,89.9
2026-09-01 06:17:40,IN-DELHI-01,27.4,47.7,28.8,999.9,222.6,0.97,-0.18,10.99,11.04,1.23,0,400,4029,2,8,12.0,4086,0,181.7,-0.03,0,0,NORMAL,None,4.3,92.8
2026-09-01 06:17:45,IN-DELHI-01,28.6,38.7,29.2,1001.4,210.1,0.92,-0.18,10.73,10.77,0.96,0,400,4014,2,22,33.0,4074,0,185.3,-0.18,0,0,NORMAL,None,16.5,93.8
2026-09-01 06:17:50,IN-DELHI-01,25.4,48.9,26.2,1001.1,212.7,1.0,-0.2,10.74,10.79,0.98,2,407,4055,1,8,12.0,4054,1,173.3,0.09,0,0,NORMAL,None,7.3,96.5
2026-09-01 06:17:55,IN-DELHI-01,42.9,18.6,43.9,1001.5,209.3,0.95,-0.18,10.81,10.85,1.04,114,1369,4086,0,7,10.5,4095,0,182.2,0.0,1,3,WILDFIRE,Extreme,95.2,95.4
2026-09-01 06:18:00,IN-DELHI-01,25.0,62.8,27.2,1004.3,185.7,1.13,-0.19,10.64,10.7,0.89,219,3028,3966,4,23,34.5,4050,1,174.5,0.0,0,4,HAZARDOUS_AIR_POLLUTION,Extreme,98.3,98.0
2026-09-01 06:18:05,IN-DELHI-01,28.5,49.6,30.5,998.7,232.7,1.0,-0.18,10.93,10.97,1.16,2,407,4042,1,13,19.5,4038,1,180.9,0.15,0,0,NORMAL,None,6.5,97.1
2026-09-01 06:18:10,IN-DELHI-01,23.0,90.2,27.1,992.3,286.7,1.22,-0.3,10.59,10.66,0.85,15,452,1489,93,355,639.0,1378,93,74.4,-9.71,0,1,FLASH_FLOOD,Severe,85.1,89.5
2026-09-01 06:18:15,IN-DELHI-01,32.6,62.7,38.4,1006.8,164.1,0.97,-0.13,10.81,10.85,1.04,211,2932,3990,3,13,19.5,4048,1,172.8,0.0,0,4,HAZARDOUS_AIR_POLLUTION,Extreme,97.3,93.9
2026-09-01 06:18:20,IN-DELHI-01,23.1,90.0,27.2,989.7,308.4,1.27,-0.25,10.88,10.96,1.15,9,431,1403,96,385,693.0,1127,100,47.0,-13.66,1,1,FLASH_FLOOD,Severe,90.6,91.3
2026-09-01 06:18:25,IN-DELHI-01,24.9,91.4,30.0,989.6,309.5,1.36,-0.29,11.08,11.16,1.35,6,421,1268,100,432,777.6,1211,99,38.3,-11.22,1,1,FLASH_FLOOD,Severe,92.3,93.1
2026-09-01 06:18:30,IN-DELHI-01,27.2,51.2,29.0,1001.0,213.3,1.09,-0.16,10.71,10.76,0.95,1,403,4019,2,8,12.0,4091,0,183.6,0.08,0,0,NORMAL,None,14.8,92.8
2026-09-01 06:18:35,IN-DELHI-01,28.4,65.4,32.3,1001.7,207.6,1.04,-0.15,10.79,10.84,1.03,25,500,1818,81,582,1134.9,3201,30,67.7,-2.24,0,5,WATER_CONTAMINATION,Severe,87.7,87.8
2026-09-01 06:18:40,IN-DELHI-01,28.5,53.2,31.0,1002.4,201.6,1.08,-0.16,10.84,10.9,1.09,0,400,4017,2,6,9.0,4060,1,180.4,0.01,1,0,NORMAL,None,12.5,98.5
2026-09-01 06:18:45,IN-DELHI-01,40.1,17.3,40.1,997.6,242.3,1.1,-0.26,10.82,10.88,1.07,69,986,4082,0,2,3.0,4095,0,190.6,0.0,0,3,WILDFIRE,Severe,85.2,91.8
2026-09-01 06:18:50,IN-DELHI-01,24.0,88.1,28.3,986.6,334.8,1.07,-0.15,10.99,11.04,1.23,10,435,1413,95,264,475.2,1289,96,40.5,-10.23,1,1,FLASH_FLOOD,Severe,91.9,88.8
2026-09-01 06:18:55,IN-DELHI-01,26.1,68.1,29.3,999.9,222.6,0.97,-0.17,10.81,10.86,1.05,34,536,2091,71,641,1250.0,3844,8,100.1,-2.12,0,5,WATER_CONTAMINATION,Severe,90.0,88.1
2026-09-01 06:19:00,IN-DELHI-01,21.7,91.7,25.2,995.0,263.8,5.69,1.9,10.22,11.85,2.04,12,442,1265,100,139,222.4,1526,88,157.1,-5.08,0,2,LANDSLIDE_PRECURSOR,Extreme,88.5,95.0
2026-09-01 06:19:05,IN-DELHI-01,23.3,91.5,27.6,987.6,326.2,1.13,-0.16,10.7,10.76,0.95,7,424,1305,99,369,664.2,1314,96,15.0,-9.26,1,1,FLASH_FLOOD,Extreme,97.0,94.2
2026-09-01 06:19:10,IN-DELHI-01,29.8,52.7,32.7,1000.7,216.2,1.02,-0.2,10.8,10.85,1.04,0,400,4063,1,21,31.5,4041,1,176.1,0.01,0,0,NORMAL,None,16.3,95.8
2026-09-01 06:19:15,IN-DELHI-01,28.8,61.7,32.5,1003.9,189.0,1.06,-0.2,10.79,10.84,1.03,135,2020,3912,6,21,31.5,4076,0,180.5,0.0,0,4,HAZARDOUS_AIR_POLLUTION,Severe,88.2,90.5
2026-09-01 06:19:20,IN-DELHI-01,31.0,49.2,33.9,1001.4,209.6,1.08,-0.16,10.63,10.69,0.88,10,435,4095,0,13,19.5,4050,1,187.4,0.1,0,0,NORMAL,None,8.9,98.1
2026-09-01 06:19:25,IN-DELHI-01,29.2,53.8,32.0,1001.4,210.0,1.05,-0.19,10.86,10.91,1.1,3,410,4025,2,1,1.5,4041,1,180.5,0.06,0,0,NORMAL,None,4.2,94.4
2026-09-01 06:19:30,IN-DELHI-01,24.3,51.2,25.1,999.0,229.9,0.98,-0.18,10.66,10.71,0.9,3,410,4082,0,14,21.0,4068,0,187.7,0.1,0,0,NORMAL,None,9.9,94.9
2026-09-01 06:19:35,IN-DELHI-01,23.2,87.1,27.0,993.6,275.3,6.91,3.1,11.42,13.7,3.89,9,431,1272,100,226,361.6,1651,84,110.1,-2.29,1,2,LANDSLIDE_PRECURSOR,Extreme,90.8,89.9
2026-09-01 06:19:40,IN-DELHI-01,23.2,95.6,27.8,991.6,292.2,1.05,-0.39,10.94,10.99,1.18,8,428,1353,98,367,660.6,1250,98,66.0,-13.26,0,1,FLASH_FLOOD,Severe,86.8,96.4
2026-09-01 06:19:45,IN-DELHI-01,24.9,54.8,26.3,1000.3,219.3,1.19,-0.16,10.85,10.92,1.11,0,400,4085,0,3,4.5,4073,0,182.1,0.04,0,0,NORMAL,None,4.9,98.4
2026-09-01 06:19:50,IN-DELHI-01,28.1,46.9,29.6,1003.6,191.8,0.97,-0.14,10.89,10.93,1.12,0,400,4078,0,0,0.0,4054,1,180.9,-0.17,0,0,NORMAL,None,3.8,96.4
2026-09-01 06:19:55,IN-DELHI-01,20.9,94.1,24.2,991.7,291.9,1.19,-0.05,10.72,10.79,0.98,10,435,1360,97,346,622.8,1222,99,63.4,-11.75,1,1,FLASH_FLOOD,Severe,87.3,94.1
2026-09-01 06:20:00,IN-DELHI-01,26.6,55.8,28.7,1002.8,198.4,0.95,-0.24,10.65,10.7,0.89,127,1924,3986,3,18,27.0,4036,2,183.9,0.0,1,4,HAZARDOUS_AIR_POLLUTION,Severe,87.2,97.1
2026-09-01 06:20:05,IN-DELHI-01,30.0,52.6,33.0,1003.4,193.1,0.97,-0.25,10.68,10.72,0.91,3,410,4035,2,18,27.0,4064,1,181.1,0.05,0,0,NORMAL,None,17.5,94.8
2026-09-01 06:20:10,IN-DELHI-01,24.7,61.6,26.7,1005.1,178.7,1.12,-0.16,10.88,10.94,1.13,160,2320,3965,4,10,15.0,4040,1,176.2,0.0,0,4,HAZARDOUS_AIR_POLLUTION,Severe,91.2,90.1
2026-09-01 06:20:15,IN-DELHI-01,30.2,51.7,33.2,1001.6,207.8,1.11,-0.19,10.55,10.61,0.8,3,410,4095,0,13,19.5,4095,0,180.4,0.06,0,0,NORMAL,None,10.8,97.0
2026-09-01 06:20:20,IN-DELHI-01,23.8,51.5,24.5,1000.8,215.1,1.16,-0.19,10.89,10.96,1.15,7,424,4047,1,3,4.5,4086,0,189.7,-0.17,0,0,NORMAL,None,4.2,98.8
2026-09-01 06:20:25,IN-DELHI-01,25.6,72.1,29.1,1000.7,215.8,1.22,-0.19,10.69,10.76,0.95,8,432,1952,76,603,1175.8,2762,46,70.4,-0.94,1,5,WATER_CONTAMINATION,Severe,88.5,94.8
2026-09-01 06:20:30,IN-DELHI-01,41.0,15.4,41.0,999.6,225.5,1.15,-0.06,10.77,10.83,1.02,132,1522,4083,0,7,10.5,4095,0,198.4,0.0,1,3,WILDFIRE,Severe,88.7,95.1
2026-09-01 06:20:35,IN-DELHI-01,28.5,44.3,29.9,1000.7,216.0,1.1,-0.25,10.75,10.81,1.0,4,414,4094,0,16,24.0,4094,0,190.8,-0.11,0,0,NORMAL,None,14.9,94.6
2026-09-01 06:20:40,IN-DELHI-01,23.2,90.8,27.4,988.0,322.7,1.17,-0.06,10.7,10.76,0.95,8,428,1318,99,402,723.6,1414,92,77.9,-16.68,1,1,FLASH_FLOOD,Severe,84.4,92.4
2026-09-01 06:20:45,IN-DELHI-01,22.7,92.3,26.8,989.8,307.9,0.79,-0.07,10.69,10.72,0.91,11,438,1275,100,323,581.4,1303,96,47.6,-17.28,0,1,FLASH_FLOOD,Severe,90.5,94.6
2026-09-01 06:20:50,IN-DELHI-01,24.7,69.5,27.4,1000.8,215.3,1.2,-0.13,10.71,10.78,0.97,11,444,1999,74,587,1144.6,2756,46,53.9,-0.45,1,5,WATER_CONTAMINATION,Severe,87.9,90.9
2026-09-01 06:20:55,IN-DELHI-01,42.8,20.9,44.3,997.6,241.8,1.11,-0.15,10.56,10.62,0.81,173,1870,4086,0,3,4.5,4095,0,188.7,0.0,0,3,WILDFIRE,Extreme,94.6,89.7
2026-09-01 06:21:00,IN-DELHI-01,26.3,68.6,29.7,1002.5,200.3,1.01,-0.12,10.76,10.81,1.0,14,456,1934,77,456,889.2,2614,51,74.7,-2.33,0,5,WATER_CONTAMINATION,Severe,82.8,88.8
2026-09-01 06:21:05,IN-DELHI-01,28.8,46.8,30.5,1002.2,202.9,1.17,-0.14,10.73,10.8,0.99,1,403,4076,0,6,9.0,4061,1,188.5,0.07,0,0,NORMAL,None,12.6,95.1
2026-09-01 06:21:10,IN-DELHI-01,23.2,91.4,27.5,989.1,313.9,1.06,-0.36,10.66,10.72,0.91,7,424,1292,100,276,496.8,1324,95,64.9,-14.3,1,1,FLASH_FLOOD,Severe,87.0,90.9
2026-09-01 06:21:15,IN-DELHI-01,26.2,70.3,29.7,1008.4,150.8,1.0,-0.19,10.78,10.83,1.02,133,1996,3986,3,13,19.5,4047,1,180.8,0.0,0,4,HAZARDOUS_AIR_POLLUTION,Severe,88.0,96.9
2026-09-01 06:21:20,IN-DELHI-01,20.8,90.3,23.8,992.7,282.8,-2.21,-1.82,12.14,12.47,2.66,9,431,1259,100,179,286.4,1613,85,138.7,-5.78,0,2,LANDSLIDE_PRECURSOR,Extreme,92.0,91.5
2026-09-01 06:21:25,IN-DELHI-01,24.5,54.0,25.6,1001.4,210.3,1.08,-0.16,10.62,10.68,0.87,2,407,4089,0,1,1.5,4079,0,188.7,0.14,0,0,NORMAL,None,10.2,96.4
2026-09-01 06:21:30,IN-DELHI-01,28.1,47.9,29.7,1000.8,214.8,1.11,-0.09,10.92,10.98,1.17,5,417,4050,1,3,4.5,4052,1,180.1,0.03,0,0,NORMAL,None,11.2,93.8
2026-09-01 06:21:35,IN-DELHI-01,25.1,63.5,27.4,1002.8,198.2,1.04,-0.14,10.68,10.74,0.93,33,532,1758,83,700,1365.0,3487,21,82.0,-1.24,0,5,WATER_CONTAMINATION,Severe,92.3,89.3
2026-09-01 06:21:40,IN-DELHI-01,19.6,85.0,21.7,991.7,291.8,-1.7,-1.51,10.82,11.06,1.25,5,417,1285,100,187,299.2,1555,87,118.2,-6.6,0,2,LANDSLIDE_PRECURSOR,Extreme,94.7,88.2
2026-09-01 06:21:45,IN-DELHI-01,29.1,57.0,32.3,1000.8,214.7,1.05,-0.1,10.75,10.81,1.0,0,400,4038,2,16,24.0,4083,0,185.4,0.11,0,0,NORMAL,None,16.8,93.6
2026-09-01 06:21:50,IN-DELHI-01,28.7,55.3,31.5,1000.1,220.5,1.09,-0.21,11.07,11.13,1.32,9,431,4074,0,13,19.5,4076,0,189.5,0.05,0,0,NORMAL,None,8.0,93.3
2026-09-01 06:21:55,IN-DELHI-01,42.5,19.2,43.5,997.2,245.6,1.09,-0.25,10.76,10.82,1.01,160,1760,4095,0,0,0.0,4095,0,192.9,0.0,0,3,WILDFIRE,Extreme,93.8,93.1
2026-09-01 06:22:00,IN-DELHI-01,23.8,63.1,25.6,1005.3,177.4,1.04,-0.19,10.8,10.85,1.04,153,2236,3949,5,21,31.5,4019,2,177.8,0.0,1,4,HAZARDOUS_AIR_POLLUTION,Severe,90.4,91.8
2026-09-01 06:22:05,IN-DELHI-01,24.1,67.1,26.4,1005.9,171.8,1.1,-0.27,10.8,10.86,1.05,117,1804,4076,0,5,7.5,4012,2,178.0,0.0,0,4,HAZARDOUS_AIR_POLLUTION,Severe,86.0,91.1
2026-09-01 06:22:10,IN-DELHI-01,23.4,89.7,27.6,991.9,290.3,-2.68,-2.44,12.35,12.88,3.07,4,414,1234,100,154,246.4,1435,91,95.5,-4.85,1,2,LANDSLIDE_PRECURSOR,Extreme,91.9,92.7
2026-09-01 06:22:15,IN-DELHI-01,24.2,95.1,29.2,983.4,361.7,1.25,-0.38,10.59,10.67,0.86,6,421,1265,100,287,516.6,1270,97,35.6,-6.98,0,1,FLASH_FLOOD,Severe,92.9,94.3
2026-09-01 06:22:20,IN-DELHI-01,22.4,89.7,26.0,992.5,284.7,-1.08,-2.82,10.14,10.58,0.77,17,459,1336,98,264,422.4,1528,88,168.7,-1.8,0,2,LANDSLIDE_PRECURSOR,Extreme,96.1,92.2
2026-09-01 06:22:25,IN-DELHI-01,27.5,55.1,29.9,999.3,227.2,1.1,-0.21,10.67,10.73,0.92,0,400,4064,1,1,1.5,4066,1,178.5,-0.02,0,0,NORMAL,None,3.8,98.4
2026-09-01 06:22:30,IN-DELHI-01,28.7,49.2,30.7,1001.2,211.8,1.21,-0.25,10.88,10.95,1.14,16,456,3987,3,13,19.5,4059,1,194.3,0.01,0,0,NORMAL,None,8.6,97.9
2026-09-01 06:22:35,IN-DELHI-01,24.9,71.6,27.9,999.5,226.2,1.0,-0.13,10.73,10.78,0.97,26,504,2046,73,509,992.5,3071,35,83.1,-1.36,0,5,WATER_CONTAMINATION,Severe,84.8,90.9
2026-09-01 06:22:40,IN-DELHI-01,26.8,57.1,29.0,1003.3,193.5,1.12,-0.17,10.68,10.74,0.93,1,403,4060,1,5,7.5,4064,1,190.3,0.0,0,0,NORMAL,None,14.5,97.1
2026-09-01 06:22:45,IN-DELHI-01,25.1,71.8,28.2,1007.6,157.7,1.15,-0.17,10.9,10.97,1.16,136,2032,4017,2,10,15.0,4063,1,178.3,0.0,1,4,HAZARDOUS_AIR_POLLUTION,Severe,88.3,91.9
2026-09-01 06:22:50,IN-DELHI-01,23.1,94.9,27.6,988.2,321.2,1.16,-0.36,10.68,10.74,0.93,18,463,1305,99,336,604.8,1286,97,28.4,-8.94,0,1,FLASH_FLOOD,Extreme,94.3,90.6
2026-09-01 06:22:55,IN-DELHI-01,20.4,69.7,21.6,1001.3,211.0,0.98,-0.19,10.58,10.63,0.82,27,508,2047,73,615,1199.2,2744,46,36.7,-0.69,1,5,WATER_CONTAMINATION,Severe,89.0,91.7
2026-09-01 06:23:00,IN-DELHI-01,24.6,81.7,28.5,994.5,268.1,-3.79,-2.3,10.19,11.11,1.3,10,435,1353,98,300,480.0,1673,83,157.9,0.3,0,2,LANDSLIDE_PRECURSOR,Extreme,94.3,86.1
2026-09-01 06:23:05,IN-DELHI-01,24.6,78.1,28.1,1005.3,177.0,1.0,-0.26,10.89,10.94,1.13,5,420,2103,71,493,961.4,3220,30,41.8,-1.49,0,5,WATER_CONTAMINATION,Severe,84.2,86.6
2026-09-01 06:23:10,IN-DELHI-01,28.7,51.7,31.1,999.5,225.5,1.14,-0.22,10.79,10.85,1.04,1,403,4052,1,11,16.5,4068,0,175.3,0.34,0,0,NORMAL,None,17.2,93.7
2026-09-01 06:23:15,IN-DELHI-01,41.5,21.9,43.0,1000.9,213.9,0.91,-0.19,10.77,10.81,1.0,142,1607,4082,0,8,12.0,4095,0,189.6,0.0,0,3,WILDFIRE,Severe,90.4,94.2
2026-09-01 06:23:20,IN-DELHI-01,24.5,90.7,29.4,989.0,314.7,1.32,-0.12,10.82,10.9,1.09,10,435,1486,93,260,468.0,1283,97,32.0,-15.31,1,1,FLASH_FLOOD,Severe,93.6,88.9
2026-09-01 06:23:25,IN-DELHI-01,27.3,53.8,29.4,1004.7,182.1,1.06,-0.18,10.83,10.88,1.07,195,2740,4013,2,12,18.0,4070,0,179.8,0.0,0,4,HAZARDOUS_AIR_POLLUTION,Extreme,95.4,96.9
2026-09-01 06:23:30,IN-DELHI-01,21.1,99.0,25.0,990.1,305.3,1.13,-0.25,10.71,10.78,0.97,9,431,1301,99,327,588.6,1239,98,33.8,-21.42,0,1,FLASH_FLOOD,Severe,93.2,90.5
2026-09-01 06:23:35,IN-DELHI-01,27.7,52.0,29.6,1002.3,202.5,1.05,-0.1,10.74,10.79,0.98,2,407,4029,2,7,10.5,4090,0,180.1,-0.02,0,0,NORMAL,None,6.8,98.8
2026-09-01 06:23:40,IN-DELHI-01,31.5,53.1,35.2,1000.5,217.6,0.98,-0.14,10.68,10.73,0.92,0,400,4006,3,2,3.0,4069,0,175.3,-0.08,0,0,NORMAL,None,5.7,94.1
2026-09-01 06:23:45,IN-DELHI-01,20.7,87.6,23.4,988.9,315.3,1.22,-0.02,11.03,11.1,1.29,9,431,1266,100,285,513.0,1368,94,42.8,-13.3,0,1,FLASH_FLOOD,Severe,91.4,92.3
2026-09-01 06:23:50,IN-DELHI-01,22.0,92.2,25.7,987.5,327.3,1.16,-0.14,10.81,10.87,1.06,11,438,1387,96,299,538.2,1286,97,65.8,-12.88,0,1,FLASH_FLOOD,Severe,86.8,93.4
2026-09-01 06:23:55,IN-DELHI-01,41.0,23.5,42.7,996.7,249.4,1.01,-0.07,10.75,10.8,0.99,160,1760,4095,0,0,0.0,4095,0,188.2,0.0,1,3,WILDFIRE,Severe,88.6,97.4
2026-09-01 06:24:00,IN-DELHI-01,23.4,65.7,25.3,1003.0,196.4,1.09,-0.15,10.7,10.76,0.95,28,512,2201,67,729,1421.5,3584,17,63.1,-1.72,0,5,WATER_CONTAMINATION,Severe,93.4,93.2
2026-09-01 06:24:05,IN-DELHI-01,22.1,90.2,25.7,993.0,280.7,-2.44,-1.49,11.03,11.39,1.58,10,435,1299,100,173,276.8,1442,91,92.5,-4.67,0,2,LANDSLIDE_PRECURSOR,Extreme,85.8,95.5
2026-09-01 06:24:10,IN-DELHI-01,41.9,16.9,42.1,996.8,248.5,1.1,-0.28,10.71,10.77,0.96,86,1131,4072,0,4,6.0,4095,0,186.4,0.0,0,3,WILDFIRE,Severe,91.7,95.5
2026-09-01 06:24:15,IN-DELHI-01,21.3,84.2,24.0,990.1,305.1,-1.29,-1.72,9.07,9.32,0.49,9,431,1228,100,211,337.6,1712,82,127.1,-4.77,0,2,LANDSLIDE_PRECURSOR,Extreme,88.3,92.8
2026-09-01 06:24:20,IN-DELHI-01,24.6,61.1,26.5,1003.2,195.1,1.13,-0.12,10.78,10.84,1.03,23,492,1715,85,873,1702.3,3256,28,73.1,-1.13,0,5,WATER_CONTAMINATION,Severe,96.0,91.4
2026-09-01 06:24:25,IN-DELHI-01,23.6,68.5,25.8,1000.9,214.5,1.14,-0.11,10.85,10.91,1.1,13,452,2095,71,499,973.0,2660,49,73.8,-3.5,0,5,WATER_CONTAMINATION,Severe,84.5,85.8
2026-09-01 06:24:30,IN-DELHI-01,28.9,56.2,31.8,1003.6,191.6,0.99,-0.21,10.71,10.76,0.95,3,410,4060,1,11,16.5,4026,2,192.0,-0.06,0,0,NORMAL,None,2.4,94.5
2026-09-01 06:24:35,IN-DELHI-01,27.4,49.8,29.1,1000.4,218.5,1.09,-0.17,10.68,10.73,0.92,1,403,4076,0,5,7.5,4058,1,178.4,-0.05,0,0,NORMAL,None,17.7,97.3
2026-09-01 06:24:40,IN-DELHI-01,23.1,92.5,27.3,985.4,344.6,0.93,0.06,10.71,10.76,0.95,17,459,1350,98,349,628.2,1305,96,31.5,-12.36,0,1,FLASH_FLOOD,Severe,93.7,92.4
2026-09-01 06:24:45,IN-DELHI-01,23.9,55.2,24.9,1001.3,210.8,1.04,-0.18,10.73,10.78,0.97,0,400,4052,1,0,0.0,4068,0,181.5,0.07,0,0,NORMAL,None,6.0,97.0
2026-09-01 06:24:50,IN-DELHI-01,28.4,53.7,30.9,1002.3,202.1,1.11,-0.21,10.83,10.89,1.08,1,403,4000,3,13,19.5,4072,0,176.0,0.02,0,0,NORMAL,None,4.8,97.9
2026-09-01 06:24:55,IN-DELHI-01,28.6,51.4,30.8,1000.0,221.9,1.21,-0.15,10.71,10.78,0.97,12,442,4092,0,5,7.5,4089,0,190.4,-0.11,0,0,NORMAL,None,13.6,96.9
2026-09-01 06:25:00,IN-DELHI-01,27.2,47.1,28.4,1000.1,221.0,1.0,-0.28,10.61,10.66,0.85,0,400,4027,2,8,12.0,4077,0,174.1,-0.18,1,0,NORMAL,None,15.8,98.6
2026-09-01 06:25:05,IN-DELHI-01,42.6,15.3,42.6,997.8,240.2,0.98,-0.2,10.67,10.72,0.91,109,1326,4075,0,4,6.0,4095,0,186.6,0.0,0,3,WILDFIRE,Extreme,94.0,97.3
2026-09-01 06:25:10,IN-DELHI-01,26.5,60.3,29.1,1004.3,185.5,0.99,-0.2,10.69,10.74,0.93,178,2536,4009,3,14,21.0,4058,1,190.9,0.0,1,4,HAZARDOUS_AIR_POLLUTION,Severe,93.4,96.2
2026-09-01 06:25:15,IN-DELHI-01,44.1,19.0,45.5,996.9,248.2,1.07,-0.23,10.66,10.72,0.91,114,1369,4091,0,3,4.5,4095,0,184.1,0.0,0,3,WILDFIRE,Extreme,98.0,97.0
2026-09-01 06:25:20,IN-DELHI-01,22.3,64.4,23.6,1007.7,157.0,1.0,-0.22,10.73,10.78,0.97,239,3268,4075,0,9,13.5,4028,2,183.5,0.0,0,4,HAZARDOUS_AIR_POLLUTION,Extreme,99.0,94.8
2026-09-01 06:25:25,IN-DELHI-01,21.2,87.9,24.1,991.5,293.6,-5.02,-2.38,10.95,12.28,2.47,3,410,1347,98,236,377.6,1377,93,116.1,-5.16,0,2,LANDSLIDE_PRECURSOR,Extreme,87.5,91.7
2026-09-01 06:25:30,IN-DELHI-01,22.8,86.7,26.4,989.3,311.7,5.92,3.31,10.38,12.4,2.59,17,459,1306,99,237,379.2,1736,81,95.5,-6.45,1,2,LANDSLIDE_PRECURSOR,Extreme,91.1,93.3
2026-09-01 06:25:35,IN-DELHI-01,41.2,18.4,41.5,999.4,226.9,1.04,-0.17,10.84,10.89,1.08,128,1488,4081,0,8,12.0,4095,0,194.8,0.0,0,3,WILDFIRE,Severe,89.1,94.3
2026-09-01 06:25:40,IN-DELHI-01,24.3,64.1,26.4,1004.0,187.7,0.96,-0.24,10.82,10.86,1.05,17,468,1840,80,728,1419.6,3001,37,76.9,-1.97,0,5,WATER_CONTAMINATION,Severe,93.4,85.2
2026-09-01 06:25:45,IN-DELHI-01,22.6,85.5,26.0,992.6,284.2,6.26,2.35,9.49,11.61,1.8,9,431,1274,100,200,320.0,1397,93,130.2,-0.89,1,2,LANDSLIDE_PRECURSOR,Extreme,87.1,90.1
2026-09-01 06:25:50,IN-DELHI-01,23.7,94.5,28.4,986.0,340.0,1.33,-0.09,10.94,11.02,1.21,20,470,1311,99,269,484.2,1149,100,20.9,-16.95,0,1,FLASH_FLOOD,Extreme,95.8,88.6
2026-09-01 06:25:55,IN-DELHI-01,23.9,83.8,27.7,995.7,257.9,-5.23,-3.08,12.45,13.85,4.04,18,463,1218,100,237,379.2,1500,89,161.6,-3.7,0,2,LANDSLIDE_PRECURSOR,Extreme,87.8,88.6
2026-09-01 06:26:00,IN-DELHI-01,24.4,57.1,25.8,1001.4,210.0,1.01,-0.2,10.7,10.75,0.94,2,407,4023,2,21,31.5,4076,0,184.6,0.03,0,0,NORMAL,None,15.7,98.0
2026-09-01 06:26:05,IN-DELHI-01,42.6,23.2,44.7,996.1,254.2,0.83,-0.26,10.89,10.93,1.12,95,1207,4082,0,4,6.0,4095,0,187.9,0.0,0,3,WILDFIRE,Extreme,94.2,91.1
2026-09-01 06:26:10,IN-DELHI-01,23.8,92.9,28.5,986.6,334.4,0.97,-0.27,10.7,10.74,0.93,4,414,1335,98,318,572.4,1193,100,44.3,-9.68,0,1,FLASH_FLOOD,Severe,91.1,88.3
2026-09-01 06:26:15,IN-DELHI-01,23.2,60.3,24.5,1007.7,157.0,1.06,-0.19,10.5,10.56,0.75,176,2512,4044,1,24,36.0,4045,1,185.9,0.0,0,4,HAZARDOUS_AIR_POLLUTION,Severe,93.1,93.9
2026-09-01 06:26:20,IN-DELHI-01,28.0,57.9,30.8,1000.4,218.2,0.94,-0.31,10.63,10.67,0.86,1,403,4095,0,3,4.5,4071,0,197.3,0.03,0,0,NORMAL,None,12.0,93.7
2026-09-01 06:26:25,IN-DELHI-01,28.5,54.4,31.2,1000.1,220.5,1.15,-0.17,10.65,10.72,0.91,1,403,4045,1,11,16.5,4093,0,188.1,0.02,0,0,NORMAL,None,14.0,96.6
2026-09-01 06:26:30,IN-DELHI-01,25.3,52.9,26.5,1001.6,208.5,0.98,-0.18,10.85,10.9,1.09,1,403,4027,2,5,7.5,4044,1,183.0,0.16,0,0,NORMAL,None,14.0,95.5
2026-09-01 06:26:35,IN-DELHI-01,23.9,66.9,26.1,1001.9,205.4,1.05,-0.2,10.84,10.89,1.08,24,496,1917,77,655,1277.2,4095,0,66.4,-1.01,0,5,WATER_CONTAMINATION,Severe,90.5,85.1
2026-09-01 06:26:40,IN-DELHI-01,21.5,63.5,22.6,998.6,233.5,1.02,-0.14,10.74,10.79,0.98,16,464,1888,78,667,1300.6,3060,35,110.0,-1.82,1,5,WATER_CONTAMINATION,Severe,91.0,88.1
2026-09-01 06:26:45,IN-DELHI-01,25.4,50.2,26.4,1000.6,216.5,0.98,-0.24,10.81,10.86,1.05,2,407,4077,0,9,13.5,4075,0,169.5,-0.31,0,0,NORMAL,None,11.2,94.4
2026-09-01 06:26:50,IN-DELHI-01,25.3,66.9,28.0,1007.1,162.0,1.13,-0.29,10.87,10.93,1.12,96,1552,3978,4,27,40.5,4067,0,185.5,0.0,1,4,HAZARDOUS_AIR_POLLUTION,Severe,83.5,91.9
2026-09-01 06:26:55,IN-DELHI-01,24.1,90.6,28.7,990.6,301.1,1.13,-0.34,10.76,10.83,1.02,17,459,1325,99,363,653.4,1191,100,40.2,-14.15,0,1,FLASH_FLOOD,Severe,92.0,91.0
2026-09-01 06:27:00,IN-DELHI-01,42.1,19.8,43.1,995.7,258.2,1.0,-0.18,10.72,10.77,0.96,131,1513,4086,0,5,7.5,4095,0,192.2,0.0,0,3,WILDFIRE,Extreme,92.3,93.4
2026-09-01 06:27:05,IN-DELHI-01,22.0,84.1,24.9,992.7,283.5,-2.61,-2.22,9.94,10.51,0.7,12,442,1240,100,232,371.2,1443,91,159.2,-5.2,0,2,LANDSLIDE_PRECURSOR,Extreme,94.5,92.3
2026-09-01 06:27:10,IN-DELHI-01,22.3,96.2,26.5,987.7,325.7,1.22,-0.12,10.84,10.91,1.1,10,435,1423,95,448,806.4,1336,95,15.0,-14.47,0,1,FLASH_FLOOD,Extreme,97.0,94.2
2026-09-01 06:27:15,IN-DELHI-01,41.0,14.1,41.0,997.4,244.0,1.15,-0.26,10.71,10.77,0.96,89,1156,4080,0,3,4.5,4095,0,184.0,0.0,0,3,WILDFIRE,Severe,88.6,97.6
2026-09-01 06:27:20,IN-DELHI-01,25.7,60.0,27.9,1002.1,203.7,0.99,-0.09,10.77,10.81,1.0,0,400,4055,1,12,18.0,4093,0,188.8,-0.09,0,0,NORMAL,None,12.7,94.4
2026-09-01 06:27:25,IN-DELHI-01,24.2,57.1,25.5,1005.9,172.0,1.11,-0.21,10.7,10.76,0.95,237,3244,4046,1,19,28.5,4048,1,177.4,0.0,0,4,HAZARDOUS_AIR_POLLUTION,Extreme,99.0,92.8
2026-09-01 06:27:30,IN-DELHI-01,23.4,90.0,27.6,986.8,333.2,1.26,0.03,10.56,10.63,0.82,19,466,1344,98,362,651.6,1232,98,28.2,-8.54,1,1,FLASH_FLOOD,Extreme,94.4,96.5
2026-09-01 06:27:35,IN-DELHI-01,25.2,64.3,27.6,1001.9,206.0,1.03,-0.18,10.81,10.86,1.05,13,452,1838,80,633,1234.3,3407,23,62.4,-1.56,0,5,WATER_CONTAMINATION,Severe,89.7,87.4
2026-09-01 06:27:40,IN-DELHI-01,20.9,82.3,23.2,994.6,267.2,5.49,2.33,11.21,12.69,2.88,18,463,1320,99,173,276.8,1712,82,137.2,-6.31,0,2,LANDSLIDE_PRECURSOR,Extreme,88.6,93.7
2026-09-01 06:27:45,IN-DELHI-01,22.4,84.0,25.5,991.6,292.6,5.13,1.78,11.65,12.85,3.04,10,435,1332,98,255,408.0,1777,80,132.5,-4.14,0,2,LANDSLIDE_PRECURSOR,Extreme,92.5,95.1
2026-09-01 06:27:50,IN-DELHI-01,29.4,70.4,34.5,1001.0,213.3,1.15,-0.16,10.59,10.66,0.85,22,488,1855,80,467,910.6,3947,5,76.0,-2.03,0,5,WATER_CONTAMINATION,Severe,83.2,85.2
2026-09-01 06:27:55,IN-DELHI-01,22.1,64.4,23.4,1004.1,186.8,1.06,-0.16,10.8,10.85,1.04,186,2632,3941,5,3,4.5,4084,0,179.6,0.0,1,4,HAZARDOUS_AIR_POLLUTION,Extreme,94.3,98.1
2026-09-01 06:28:00,IN-DELHI-01,43.1,17.5,43.7,997.6,242.3,1.04,-0.18,10.57,10.62,0.81,86,1131,4082,0,3,4.5,4095,0,181.4,0.0,0,3,WILDFIRE,Extreme,95.8,90.3
2026-09-01 06:28:05,IN-DELHI-01,27.4,51.2,29.3,1003.9,189.2,0.96,-0.29,10.86,10.91,1.1,2,407,4017,2,18,27.0,4041,1,190.6,-0.2,0,0,NORMAL,None,14.1,94.7
2026-09-01 06:28:10,IN-DELHI-01,22.3,89.8,25.8,987.4,328.1,1.24,-0.05,10.9,10.98,1.17,14,449,1298,100,302,543.6,1292,96,73.2,-14.26,1,1,FLASH_FLOOD,Severe,85.4,91.0
2026-09-01 06:28:15,IN-DELHI-01,43.1,17.2,43.6,999.1,229.0,1.06,-0.14,10.7,10.75,0.94,142,1607,4086,0,1,1.5,4095,0,189.0,0.0,0,3,WILDFIRE,Extreme,95.8,90.3
2026-09-01 06:28:20,IN-DELHI-01,21.5,90.7,24.9,994.4,268.8,7.43,3.1,11.16,13.76,3.95,12,442,1280,100,192,307.2,1863,77,122.6,-4.36,0,2,LANDSLIDE_PRECURSOR,Extreme,90.1,96.5
2026-09-01 06:28:25,IN-DELHI-01,21.4,86.1,24.3,993.3,278.1,6.8,1.66,10.69,12.78,2.97,12,442,1362,97,206,329.6,1515,89,82.3,-3.24,0,2,LANDSLIDE_PRECURSOR,Extreme,88.0,86.2
2026-09-01 06:28:30,IN-DELHI-01,21.0,65.7,22.0,1008.6,149.3,0.93,-0.17,10.67,10.71,0.9,164,2368,4010,3,21,31.5,4058,1,177.9,0.0,1,4,HAZARDOUS_AIR_POLLUTION,Severe,91.7,95.7
2026-09-01 06:28:35,IN-DELHI-01,22.4,94.9,26.4,982.7,367.7,1.0,-0.23,10.88,10.93,1.12,16,456,1422,95,388,698.4,1245,98,53.6,-12.4,1,1,FLASH_FLOOD,Severe,89.3,90.3
2026-09-01 06:28:40,IN-DELHI-01,41.3,17.6,41.6,997.7,240.8,1.03,-0.25,10.7,10.75,0.94,127,1479,4095,0,0,0.0,4095,0,186.1,0.0,0,3,WILDFIRE,Severe,89.7,96.5
2026-09-01 06:28:45,IN-DELHI-01,44.7,19.0,46.3,995.0,263.5,1.08,-0.16,10.73,10.78,0.97,65,952,4081,0,8,12.0,4095,0,195.4,0.0,0,3,WILDFIRE,Extreme,98.0,89.1
2026-09-01 06:28:50,IN-DELHI-01,24.1,94.0,29.0,992.0,289.0,1.02,-0.29,10.8,10.85,1.04,17,459,1362,97,382,687.6,1188,100,23.6,-15.12,0,1,FLASH_FLOOD,Extreme,95.3,93.8
2026-09-01 06:28:55,IN-DELHI-01,26.7,64.7,29.7,1001.7,207.6,1.11,-0.33,10.76,10.83,1.02,19,476,1898,78,656,1279.2,3054,35,68.1,-0.96,1,5,WATER_CONTAMINATION,Severe,90.6,93.0
2026-09-01 06:29:00,IN-DELHI-01,28.1,54.7,30.6,1001.3,210.4,1.03,-0.24,10.67,10.72,0.91,1,403,4091,0,8,12.0,4080,0,188.0,0.11,0,0,NORMAL,None,3.0,98.1
2026-09-01 06:29:05,IN-DELHI-01,27.2,48.9,28.7,1001.5,208.9,1.08,-0.23,10.62,10.68,0.87,0,400,4026,2,0,0.0,4095,0,182.7,0.06,0,0,NORMAL,None,15.6,97.0
2026-09-01 06:29:10,IN-DELHI-01,27.1,55.7,29.3,1001.4,209.9,0.95,-0.2,10.89,10.93,1.12,1,403,4058,1,14,21.0,4095,0,191.3,-0.17,0,0,NORMAL,None,15.3,95.2
2026-09-01 06:29:15,IN-DELHI-01,26.8,59.1,29.3,1000.5,217.2,1.13,-0.18,10.74,10.8,0.99,10,435,4085,0,13,19.5,4074,0,177.1,0.07,0,0,NORMAL,None,14.2,95.3
2026-09-01 06:29:20,IN-DELHI-01,29.4,44.5,31.1,1004.2,186.1,1.17,-0.2,10.83,10.9,1.09,5,417,4059,1,6,9.0,4081,0,185.0,-0.02,0,0,NORMAL,None,9.9,96.1
2026-09-01 06:29:25,IN-DELHI-01,31.5,53.4,35.2,999.4,226.8,1.21,-0.13,10.84,10.91,1.1,3,410,4023,2,3,4.5,4091,0,207.0,-0.18,0,0,NORMAL,None,17.4,96.2
2026-09-01 06:29:30,IN-DELHI-01,23.8,57.2,25.0,1005.5,175.0,1.01,-0.17,10.64,10.69,0.88,305,4060,3977,4,22,33.0,4030,2,183.3,0.0,0,4,HAZARDOUS_AIR_POLLUTION,Extreme,99.0,92.0
2026-09-01 06:29:35,IN-DELHI-01,21.5,92.2,24.9,991.4,293.9,-3.14,-2.03,9.96,10.64,0.83,14,449,1269,100,208,332.8,1492,89,140.5,-3.54,0,2,LANDSLIDE_PRECURSOR,Extreme,97.3,93.9
2026-09-01 06:29:40,IN-DELHI-01,32.6,57.1,37.4,1000.6,216.5,1.05,-0.2,10.85,10.91,1.1,7,424,4005,3,16,24.0,4073,0,177.2,0.03,0,0,NORMAL,None,9.4,92.2
2026-09-01 06:29:45,IN-DELHI-01,26.6,53.8,28.4,1002.7,199.1,1.01,-0.17,10.64,10.69,0.88,0,400,4060,1,9,13.5,4049,1,184.5,0.1,0,0,NORMAL,None,13.8,98.6
2026-09-01 06:29:50,IN-DELHI-01,44.0,17.7,44.9,994.0,272.0,1.03,-0.13,10.85,10.89,1.08,136,1556,4084,0,9,13.5,4095,0,183.0,0.0,1,3,WILDFIRE,Extreme,98.0,92.3
2026-09-01 06:29:55,IN-DELHI-01,28.4,53.4,30.8,1001.3,210.8,1.02,-0.09,10.82,10.87,1.06,3,410,4029,2,0,0.0,4080,0,178.1,0.06,0,0,NORMAL,None,13.7,97.4
2026-09-01 06:30:00,IN-DELHI-01,25.8,53.0,27.2,1001.7,207.6,1.03,-0.25,10.63,10.68,0.87,23,480,4075,0,12,18.0,4092,0,179.3,0.12,0,0,NORMAL,None,3.3,93.6
2026-09-01 06:30:05,IN-DELHI-01,26.5,51.3,28.0,1001.6,208.3,1.1,-0.17,10.7,10.75,0.94,3,410,4031,2,15,22.5,4084,0,181.3,-0.08,0,0,NORMAL,None,17.6,95.5
2026-09-01 06:30:10,IN-DELHI-01,25.6,57.7,27.5,997.5,242.4,1.08,-0.2,10.73,10.79,0.98,0,400,4069,0,4,6.0,4095,0,180.6,-0.15,0,0,NORMAL,None,11.7,98.9
2026-09-01 06:30:15,IN-DELHI-01,30.3,49.4,33.0,1001.6,208.5,1.15,-0.23,10.85,10.91,1.1,2,407,4081,0,10,15.0,4031,2,185.2,0.16,0,0,NORMAL,None,3.5,94.3
2026-09-01 06:30:20,IN-DELHI-01,22.6,85.1,26.0,988.2,321.4,5.58,3.05,11.74,13.35,3.54,13,445,1276,100,118,188.8,1493,89,141.0,-1.77,0,2,LANDSLIDE_PRECURSOR,Extreme,93.2,88.7
2026-09-01 06:30:25,IN-DELHI-01,24.0,90.7,28.5,986.7,334.2,1.0,0.1,10.69,10.74,0.93,14,449,1375,97,286,514.8,1355,94,23.7,-18.53,1,1,FLASH_FLOOD,Extreme,95.3,96.7
2026-09-01 06:30:30,IN-DELHI-01,22.8,95.0,27.1,986.8,332.9,1.04,-0.03,10.79,10.84,1.03,12,442,1326,99,399,718.2,1268,97,67.3,-11.68,0,1,FLASH_FLOOD,Severe,86.5,94.3
2026-09-01 06:30:35,IN-DELHI-01,24.6,76.1,28.0,1000.9,214.1,0.94,-0.12,10.81,10.85,1.04,14,456,1932,77,627,1222.6,2958,39,55.0,-1.89,0,5,WATER_CONTAMINATION,Severe,89.5,85.4
2026-09-01 06:30:40,IN-DELHI-01,26.9,51.9,28.5,1001.3,210.7,1.0,-0.22,10.67,10.72,0.91,2,407,4056,1,5,7.5,4046,1,194.3,0.21,0,0,NORMAL,None,9.1,94.6
2026-09-01 06:30:45,IN-DELHI-01,22.1,89.4,25.6,994.4,268.9,-2.19,-1.61,10.39,10.74,0.93,14,449,1283,100,217,347.2,1614,85,135.5,-10.14,1,2,LANDSLIDE_PRECURSOR,Extreme,94.0,92.2
2026-09-01 06:30:50,IN-DELHI-01,45.3,20.8,47.6,999.8,223.5,0.99,-0.29,10.76,10.81,1.0,90,1165,4081,0,4,6.0,4095,0,183.8,0.0,0,3,WILDFIRE,Extreme,98.0,90.2
2026-09-01 06:30:55,IN-DELHI-01,28.3,53.7,30.7,1002.4,201.4,1.03,-0.18,10.91,10.96,1.15,4,414,4021,2,15,22.5,4060,1,179.3,0.08,0,0,NORMAL,None,14.5,97.8
2026-09-01 06:31:00,IN-DELHI-01,24.8,54.0,26.0,1007.1,161.7,1.06,-0.18,10.76,10.81,1.0,177,2524,3986,3,18,27.0,4067,0,179.6,0.0,1,4,HAZARDOUS_AIR_POLLUTION,Severe,93.2,98.2
2026-09-01 06:31:05,IN-DELHI-01,27.8,48.8,29.5,1005.8,172.5,1.07,-0.16,10.77,10.82,1.01,174,2488,3997,3,14,21.0,4084,0,181.7,0.0,0,4,HAZARDOUS_AIR_POLLUTION,Severe,92.9,96.0
2026-09-01 06:31:10,IN-DELHI-01,36.9,15.3,36.9,994.5,267.8,1.14,-0.27,10.67,10.73,0.92,124,1454,4092,0,7,10.5,4095,0,189.8,0.0,1,3,WILDFIRE,Severe,75.0,93.0
2026-09-01 06:31:15,IN-DELHI-01,27.0,56.0,29.2,1002.9,196.9,0.94,-0.16,10.64,10.68,0.87,2,407,3996,3,4,6.0,4052,1,182.6,-0.03,0,0,NORMAL,None,11.6,97.1
2026-09-01 06:31:20,IN-DELHI-01,27.5,56.0,29.9,1002.3,202.7,0.96,-0.24,10.66,10.7,0.89,2,407,4013,2,10,15.0,4080,0,189.5,0.03,0,0,NORMAL,None,3.3,94.9
2026-09-01 06:31:25,IN-DELHI-01,25.5,61.5,27.7,1007.3,160.2,1.01,-0.14,10.71,10.76,0.95,161,2332,3933,5,15,22.5,4041,1,190.3,0.0,0,4,HAZARDOUS_AIR_POLLUTION,Severe,91.3,96.0
2026-09-01 06:31:30,IN-DELHI-01,25.1,80.0,29.1,994.2,270.4,4.23,1.97,8.53,9.72,0.09,13,445,1330,98,183,292.8,1289,96,126.0,-4.3,0,2,LANDSLIDE_PRECURSOR,Extreme,96.6,88.6
2026-09-01 06:31:35,IN-DELHI-01,26.9,47.2,28.1,999.4,226.4,1.06,-0.14,10.9,10.95,1.14,4,414,4052,1,2,3.0,4095,0,187.5,0.12,0,0,NORMAL,None,16.8,97.0
2026-09-01 06:31:40,IN-DELHI-01,24.2,96.9,29.5,986.3,337.2,1.01,-0.17,10.78,10.83,1.02,9,431,1377,97,287,516.6,1334,95,18.4,-14.98,1,1,FLASH_FLOOD,Extreme,96.3,97.5
2026-09-01 06:31:45,IN-DELHI-01,24.8,48.5,25.4,998.3,235.9,1.18,-0.16,10.91,10.98,1.17,0,400,4040,1,10,15.0,4073,0,174.5,-0.21,0,0,NORMAL,None,17.7,94.9
2026-09-01 06:31:50,IN-DELHI-01,44.0,21.0,45.9,998.2,237.0,1.21,-0.18,10.79,10.85,1.04,130,1505,4094,0,6,9.0,4095,0,187.1,0.0,0,3,WILDFIRE,Extreme,98.0,93.4
2026-09-01 06:31:55,IN-DELHI-01,23.0,85.2,26.6,995.1,263.3,-2.27,-3.38,10.96,11.69,1.88,12,442,1256,100,266,425.6,1651,84,119.9,-7.96,1,2,LANDSLIDE_PRECURSOR,Extreme,92.2,92.7
2026-09-01 06:32:00,IN-DELHI-01,22.6,93.7,26.8,988.6,317.9,0.83,-0.2,10.86,10.89,1.08,13,445,1312,99,360,648.0,1265,97,78.6,-11.05,0,1,FLASH_FLOOD,Severe,84.3,94.0
2026-09-01 06:32:05,IN-DELHI-01,41.2,21.9,42.5,997.8,240.2,1.1,-0.12,10.8,10.86,1.05,151,1683,4075,0,9,13.5,4095,0,188.2,0.0,0,3,WILDFIRE,Severe,89.3,93.1
2026-09-01 06:32:10,IN-DELHI-01,25.1,52.0,26.2,1001.0,213.6,0.96,-0.1,10.8,10.85,1.04,14,449,4082,0,3,4.5,4066,1,171.0,0.15,1,0,NORMAL,None,7.4,95.0
2026-09-01 06:32:15,IN-DELHI-01,27.8,45.8,29.1,1000.0,222.0,1.0,-0.16,10.81,10.86,1.05,7,424,4095,0,22,33.0,4065,1,166.2,-0.13,0,0,NORMAL,None,10.1,92.3
2026-09-01 06:32:20,IN-DELHI-01,26.0,46.9,26.8,1000.8,215.2,1.03,-0.21,10.8,10.85,1.04,8,428,4009,3,6,9.0,4041,1,188.9,0.14,0,0,NORMAL,None,4.0,94.5
2026-09-01 06:32:25,IN-DELHI-01,26.4,52.4,28.0,999.8,223.5,1.01,-0.15,10.88,10.93,1.12,3,410,4026,2,14,21.0,4071,0,175.7,-0.03,0,0,NORMAL,None,7.8,96.1
2026-09-01 06:32:30,IN-DELHI-01,28.1,54.8,30.6,1001.3,210.6,1.22,-0.13,10.83,10.9,1.09,0,400,4044,1,0,0.0,4052,1,189.9,0.13,0,0,NORMAL,None,13.0,92.3
2026-09-01 06:32:35,IN-DELHI-01,20.3,61.0,20.7,1006.2,169.7,0.98,-0.27,10.7,10.75,0.94,134,2008,3929,5,11,16.5,4064,1,183.3,0.0,1,4,HAZARDOUS_AIR_POLLUTION,Severe,88.1,90.7
2026-09-01 06:32:40,IN-DELHI-01,27.2,56.0,29.6,1006.9,163.5,1.02,-0.13,10.65,10.7,0.89,88,1456,4055,1,24,36.0,4041,1,181.4,0.0,0,4,HAZARDOUS_AIR_POLLUTION,Severe,82.6,92.6
2026-09-01 06:32:45,IN-DELHI-01,28.6,63.9,32.5,1005.0,179.8,1.1,-0.14,10.73,10.79,0.98,242,3304,3978,4,9,13.5,4053,1,172.7,0.0,0,4,HAZARDOUS_AIR_POLLUTION,Extreme,99.0,97.0
2026-09-01 06:32:50,IN-DELHI-01,28.0,55.8,30.6,1000.9,213.9,1.12,-0.24,10.72,10.78,0.97,5,417,4059,1,6,9.0,4075,0,198.4,-0.08,0,0,NORMAL,None,11.5,94.2
2026-09-01 06:32:55,IN-DELHI-01,22.5,74.7,24.9,1000.3,219.5,1.05,-0.19,10.67,10.73,0.92,12,448,1886,79,691,1347.5,3180,31,86.8,-3.05,0,5,WATER_CONTAMINATION,Severe,92.0,88.9
2026-09-01 06:33:00,IN-DELHI-01,25.0,75.9,28.6,1005.5,175.0,1.13,-0.23,10.77,10.83,1.02,15,460,1923,77,509,992.5,2655,49,70.8,-1.84,1,5,WATER_CONTAMINATION,Severe,84.8,90.1
2026-09-01 06:33:05,IN-DELHI-01,22.1,90.7,25.7,990.4,302.7,1.14,-0.09,11.05,11.11,1.3,20,470,1390,96,351,631.8,1214,99,61.7,-13.87,1,1,FLASH_FLOOD,Severe,87.7,97.0
2026-09-01 06:33:10,IN-DELHI-01,23.1,80.8,26.3,992.6,284.3,-3.32,-1.25,8.88,9.56,0.25,17,459,1305,99,216,345.6,1606,85,123.6,-3.58,1,2,LANDSLIDE_PRECURSOR,Extreme,93.6,86.1
2026-09-01 06:33:15,IN-DELHI-01,23.8,89.7,28.1,991.1,296.8,0.94,-0.35,10.65,10.7,0.89,14,449,1315,99,350,630.0,1312,96,33.0,-15.26,0,1,FLASH_FLOOD,Severe,93.4,91.3
2026-09-01 06:33:20,IN-DELHI-01,22.1,96.6,26.2,987.9,323.4,1.14,-0.41,10.84,10.9,1.09,16,456,1268,100,335,603.0,1216,99,51.4,-12.38,1,1,FLASH_FLOOD,Severe,89.7,94.1
2026-09-01 06:33:25,IN-DELHI-01,23.1,92.3,27.3,990.3,303.4,0.83,0.07,10.69,10.72,0.91,12,442,1384,96,243,437.4,1379,93,64.1,-14.43,0,1,FLASH_FLOOD,Severe,87.2,89.9
2026-09-01 06:33:30,IN-DELHI-01,25.1,89.5,30.1,988.1,321.7,5.0,0.76,8.88,10.22,0.41,10,435,1290,100,200,320.0,1385,93,97.0,-4.28,0,2,LANDSLIDE_PRECURSOR,Extreme,94.8,96.2
2026-09-01 06:33:35,IN-DELHI-01,26.8,52.2,28.5,999.9,222.5,0.96,-0.2,10.63,10.68,0.87,5,417,4019,2,10,15.0,4058,1,180.6,0.08,0,0,NORMAL,None,3.0,97.4
2026-09-01 06:33:40,IN-DELHI-01,23.9,66.2,26.0,1007.2,161.4,0.96,-0.27,10.69,10.74,0.93,132,1984,3973,4,15,22.5,4041,1,171.2,0.0,0,4,HAZARDOUS_AIR_POLLUTION,Severe,87.8,91.6
2026-09-01 06:33:45,IN-DELHI-01,25.2,53.6,26.5,1002.4,201.1,1.11,-0.24,10.73,10.79,0.98,0,400,4095,0,18,27.0,4042,1,181.0,-0.02,0,0,NORMAL,None,3.6,92.6
2026-09-01 06:33:50,IN-DELHI-01,26.6,55.1,28.6,1004.0,187.6,0.99,-0.13,10.84,10.88,1.07,147,2164,3980,4,28,42.0,4070,0,177.3,0.0,1,4,HAZARDOUS_AIR_POLLUTION,Severe,89.6,92.6
2026-09-01 06:33:55,IN-DELHI-01,28.4,48.1,30.2,999.9,222.8,0.98,-0.11,10.65,10.69,0.88,1,403,4043,1,17,25.5,4095,0,182.7,-0.08,0,0,NORMAL,None,10.3,97.7
2026-09-01 06:34:00,IN-DELHI-01,29.1,59.4,32.6,1007.3,159.9,1.09,-0.26,10.65,10.71,0.9,109,1708,3982,4,16,24.0,4062,1,187.7,0.0,0,4,HAZARDOUS_AIR_POLLUTION,Severe,85.1,94.1
2026-09-01 06:34:05,IN-DELHI-01,26.5,59.4,29.0,1004.0,188.4,1.03,-0.14,10.98,11.03,1.22,134,2008,3961,4,24,36.0,4007,3,183.1,0.0,1,4,HAZARDOUS_AIR_POLLUTION,Severe,88.1,95.1
2026-09-01 06:34:10,IN-DELHI-01,24.9,62.2,27.0,1002.2,203.2,1.01,-0.15,10.67,10.72,0.91,14,456,1560,90,691,1347.5,3142,32,81.3,-1.97,1,5,WATER_CONTAMINATION,Severe,92.0,92.3
2026-09-01 06:34:15,IN-DELHI-01,27.2,47.5,28.5,1000.5,217.7,1.08,-0.34,10.51,10.57,0.76,2,407,4019,2,18,27.0,4036,2,185.9,-0.01,0,0,NORMAL,None,4.4,93.1
2026-09-01 06:34:20,IN-DELHI-01,21.7,91.2,25.2,985.1,347.4,1.15,-0.02,10.86,10.93,1.12,14,449,1331,98,272,489.6,1340,95,59.9,-10.13,0,1,FLASH_FLOOD,Severe,88.0,93.5
2026-09-01 06:34:25,IN-DELHI-01,27.3,78.2,32.3,1003.0,196.1,1.05,-0.17,10.84,10.89,1.08,131,1972,3982,4,17,25.5,4031,2,182.6,0.0,0,4,HAZARDOUS_AIR_POLLUTION,Severe,87.7,92.4
2026-09-01 06:34:30,IN-DELHI-01,27.8,64.2,31.4,1003.8,189.4,1.13,-0.14,10.81,10.87,1.06,121,1852,3930,5,13,19.5,4092,0,173.7,0.0,0,4,HAZARDOUS_AIR_POLLUTION,Severe,86.5,94.5
2026-09-01 06:34:35,IN-DELHI-01,24.3,94.0,29.3,987.5,327.0,1.17,-0.13,10.98,11.04,1.23,19,466,1383,97,300,540.0,1261,97,68.2,-14.87,1,1,FLASH_FLOOD,Severe,86.4,89.9
2026-09-01 06:34:40,IN-DELHI-01,27.6,58.6,30.3,1001.9,206.1,0.98,-0.11,10.73,10.77,0.96,0,400,4035,2,11,16.5,4044,1,173.2,-0.29,0,0,NORMAL,None,17.8,98.3
2026-09-01 06:34:45,IN-DELHI-01,20.8,96.8,24.3,988.7,317.2,-5.05,-3.32,10.1,11.77,1.96,8,428,1244,100,258,412.8,1618,85,122.1,-3.96,0,2,LANDSLIDE_PRECURSOR,Extreme,98.5,87.8
2026-09-01 06:34:50,IN-DELHI-01,19.5,92.4,22.0,992.5,284.6,-3.32,-2.17,11.64,12.3,2.49,15,452,1318,99,256,409.6,1477,90,143.5,-6.83,0,2,LANDSLIDE_PRECURSOR,Extreme,95.5,88.9
2026-09-01 06:34:55,IN-DELHI-01,29.9,46.3,32.0,1000.6,217.1,1.02,-0.2,10.85,10.9,1.09,0,400,4095,0,6,9.0,4076,0,190.8,-0.02,0,0,NORMAL,None,4.6,95.2
2026-09-01 06:35:00,IN-DELHI-01,26.4,56.6,28.5,1000.0,221.9,1.13,-0.12,10.59,10.65,0.84,2,407,3972,4,10,15.0,4066,1,192.8,0.2,0,0,NORMAL,None,18.0,98.8
2026-09-01 06:35:05,IN-DELHI-01,21.7,95.4,25.5,988.2,321.0,1.21,-0.44,10.66,10.74,0.93,19,466,1378,97,415,747.0,1228,99,29.2,-10.29,0,1,FLASH_FLOOD,Extreme,94.2,91.5
2026-09-01 06:35:10,IN-DELHI-01,45.4,20.6,47.7,1000.4,218.7,0.95,-0.1,10.82,10.86,1.05,161,1768,4078,0,0,0.0,4095,0,188.8,0.0,0,3,WILDFIRE,Extreme,98.0,91.0
2026-09-01 06:35:15,IN-DELHI-01,28.1,60.8,31.3,1002.4,201.2,0.95,-0.28,10.83,10.88,1.07,2,407,4095,0,12,18.0,4072,0,184.4,0.24,0,0,NORMAL,None,11.6,96.0
2026-09-01 06:35:20,IN-DELHI-01,28.6,62.1,32.2,999.8,223.5,1.0,-0.27,10.82,10.86,1.05,15,452,4037,2,5,7.5,4095,0,189.8,0.09,0,0,NORMAL,None,12.6,98.8
2026-09-01 06:35:25,IN-DELHI-01,23.7,89.4,28.0,989.9,307.0,-4.12,-3.35,10.36,11.64,1.83,17,459,1287,100,131,209.6,1757,80,136.0,-3.66,0,2,LANDSLIDE_PRECURSOR,Extreme,93.6,93.6
2026-09-01 06:35:30,IN-DELHI-01,30.1,56.8,33.7,1001.8,206.6,0.99,-0.21,10.92,10.96,1.15,5,417,4080,0,10,15.0,4069,0,181.4,0.1,1,0,NORMAL,None,3.6,93.2
2026-09-01 06:35:35,IN-DELHI-01,26.3,55.9,28.3,1004.1,187.1,1.01,-0.14,10.69,10.74,0.93,2,407,4015,2,10,15.0,4067,0,183.4,-0.21,0,0,NORMAL,None,5.7,92.9
2026-09-01 06:35:40,IN-DELHI-01,23.5,88.7,27.6,988.0,323.1,0.93,-0.49,10.6,10.65,0.84,20,470,1402,96,338,608.4,1295,96,15.0,-18.77,0,1,FLASH_FLOOD,Extreme,97.0,95.1
2026-09-01 06:35:45,IN-DELHI-01,28.5,50.2,30.6,999.8,223.0,1.12,-0.2,10.75,10.81,1.0,1,403,4071,0,11,16.5,4079,0,180.5,-0.0,0,0,NORMAL,None,4.4,92.0
2026-09-01 06:35:50,IN-DELHI-01,37.9,18.6,37.9,996.9,247.8,0.88,-0.18,10.73,10.77,0.96,102,1267,4094,0,2,3.0,4095,0,180.4,0.0,0,3,WILDFIRE,Severe,77.7,94.4
2026-09-01 06:35:55,IN-DELHI-01,30.2,48.7,32.8,1001.3,210.9,1.08,-0.24,10.71,10.77,0.96,7,424,4095,0,14,21.0,4039,1,174.2,0.46,0,0,NORMAL,None,10.3,98.6
2026-09-01 06:36:00,IN-DELHI-01,21.1,91.9,24.2,989.5,310.5,5.43,1.45,12.59,13.79,3.98,15,452,1230,100,195,312.0,1728,81,86.5,-4.7,0,2,LANDSLIDE_PRECURSOR,Extreme,86.1,91.5
2026-09-01 06:36:05,IN-DELHI-01,40.8,13.8,40.8,996.4,251.8,0.92,-0.22,10.67,10.72,0.91,156,1726,4095,0,9,13.5,4095,0,190.1,0.0,0,3,WILDFIRE,Severe,87.8,91.7
2026-09-01 06:36:10,IN-DELHI-01,26.6,59.9,29.0,1001.7,207.7,1.11,-0.2,10.67,10.73,0.92,0,400,4013,2,0,0.0,4074,0,188.3,-0.19,0,0,NORMAL,None,2.7,97.3
2026-09-01 06:36:15,IN-DELHI-01,24.8,59.6,26.6,1001.5,209.2,1.0,-0.29,10.51,10.56,0.75,6,421,4095,0,12,18.0,4044,1,181.5,-0.13,0,0,NORMAL,None,5.1,96.2
2026-09-01 06:36:20,IN-DELHI-01,29.9,54.7,33.1,999.7,223.8,1.09,-0.21,10.83,10.89,1.08,2,407,4067,1,4,6.0,4060,1,174.9,-0.05,0,0,NORMAL,None,11.8,92.2
2026-09-01 06:36:25,IN-DELHI-01,21.9,99.0,26.0,991.3,295.1,1.01,-0.03,10.96,11.01,1.2,13,445,1302,99,309,556.2,1219,99,45.7,-13.82,0,1,FLASH_FLOOD,Severe,90.9,92.2
2026-09-01 06:36:30,IN-DELHI-01,24.5,93.2,29.6,988.2,321.5,1.1,-0.45,11.0,11.06,1.25,18,463,1392,96,295,531.0,1308,96,66.3,-15.03,1,1,FLASH_FLOOD,Severe,86.7,92.5
2026-09-01 06:36:35,IN-DELHI-01,22.5,89.4,26.2,990.7,300.4,-3.89,-2.32,10.58,11.51,1.7,6,421,1375,97,192,307.2,1719,82,130.1,-5.1,0,2,LANDSLIDE_PRECURSOR,Extreme,94.5,91.3
2026-09-01 06:36:40,IN-DELHI-01,41.6,16.0,41.6,998.3,235.8,1.14,-0.11,10.74,10.8,0.99,91,1173,4091,0,9,13.5,4095,0,186.2,0.0,0,3,WILDFIRE,Severe,90.5,94.4
2026-09-01 06:36:45,IN-DELHI-01,29.3,55.5,32.4,1002.3,202.6,1.13,-0.15,10.71,10.77,0.96,0,400,4035,2,4,6.0,4066,1,189.0,0.17,1,0,NORMAL,None,12.1,92.3
2026-09-01 06:36:50,IN-DELHI-01,27.3,53.1,29.3,1000.3,219.0,1.01,-0.24,10.6,10.65,0.84,9,431,4095,0,7,10.5,4091,0,184.3,-0.01,0,0,NORMAL,None,8.9,96.6
2026-09-01 06:36:55,IN-DELHI-01,21.5,91.3,24.8,991.7,292.0,-3.92,-2.62,8.94,10.11,0.3,10,435,1287,100,276,441.6,1523,88,174.6,-6.96,0,2,LANDSLIDE_PRECURSOR,Extreme,86.1,89.2
2026-09-01 06:37:00,IN-DELHI-01,25.1,93.6,30.6,988.7,316.8,1.18,-0.08,11.01,11.07,1.26,24,484,1349,98,297,534.6,1235,98,44.6,-10.44,1,1,FLASH_FLOOD,Severe,91.1,96.6
2026-09-01 06:37:05,IN-DELHI-01,22.4,93.0,26.4,988.5,318.3,0.97,-0.29,11.16,11.21,1.4,5,417,1321,99,371,667.8,1221,99,50.6,-10.02,0,1,FLASH_FLOOD,Severe,89.9,95.7
2026-09-01 06:37:10,IN-DELHI-01,26.4,49.8,27.7,1000.9,214.5,1.15,-0.18,10.77,10.83,1.02,2,407,4053,1,9,13.5,4093,0,183.0,0.15,0,0,NORMAL,None,17.7,93.9
2026-09-01 06:37:15,IN-DELHI-01,19.8,92.5,22.5,992.0,289.3,-2.67,-2.25,11.07,11.6,1.79,14,449,1254,100,217,347.2,1809,78,103.7,-2.67,0,2,LANDSLIDE_PRECURSOR,Extreme,95.0,90.2
2026-09-01 06:37:20,IN-DELHI-01,20.3,90.4,23.0,994.3,269.8,5.95,1.03,9.99,11.67,1.86,12,442,1316,99,251,401.6,1608,85,152.4,-5.93,0,2,LANDSLIDE_PRECURSOR,Extreme,93.3,88.3
2026-09-01 06:37:25,IN-DELHI-01,26.1,54.1,27.7,999.6,224.7,1.03,-0.1,10.69,10.74,0.93,6,421,4061,1,6,9.0,4068,0,184.4,0.19,0,0,NORMAL,None,9.1,95.3
2026-09-01 06:37:30,IN-DELHI-01,30.3,52.4,33.3,1002.1,203.7,1.06,-0.19,10.8,10.85,1.04,3,410,4012,2,14,21.0,4054,1,169.5,-0.22,0,0,NORMAL,None,7.1,96.5
2026-09-01 06:37:35,IN-DELHI-01,24.7,69.9,27.4,1003.6,191.0,1.09,-0.1,10.94,10.99,1.18,19,476,1749,83,484,943.8,3778,10,73.4,-1.22,0,5,WATER_CONTAMINATION,Severe,83.9,87.4
2026-09-01 06:37:40,IN-DELHI-01,25.4,74.7,29.0,1004.0,187.6,1.22,-0.18,10.68,10.75,0.94,85,1420,4006,3,8,12.0,4069,0,185.4,0.0,0,4,HAZARDOUS_AIR_POLLUTION,Severe,82.2,94.0
2026-09-01 06:37:45,IN-DELHI-01,31.0,50.5,34.1,999.1,229.0,0.97,-0.13,10.79,10.83,1.02,7,424,4039,2,11,16.5,4070,0,203.0,-0.21,0,0,NORMAL,None,7.9,97.5
2026-09-01 06:37:50,IN-DELHI-01,26.5,56.5,28.6,1001.9,205.6,1.23,-0.3,10.7,10.78,0.97,2,407,4059,1,13,19.5,4087,0,182.7,0.23,0,0,NORMAL,None,15.4,98.3
2026-09-01 06:37:55,IN-DELHI-01,21.6,87.3,24.6,992.9,281.6,7.03,2.94,9.88,12.47,2.66,11,438,1222,100,187,299.2,1676,83,104.3,-5.2,0,2,LANDSLIDE_PRECURSOR,Extreme,98.1,86.7
2026-09-01 06:38:00,IN-DELHI-01,26.3,51.1,27.7,999.4,226.4,0.99,-0.21,10.66,10.71,0.9,6,421,3991,3,10,15.0,4053,1,191.0,0.1,1,0,NORMAL,None,13.5,95.5
2026-09-01 06:38:05,IN-DELHI-01,29.4,60.4,33.2,1004.8,181.0,1.08,-0.17,10.73,10.78,0.97,155,2260,3871,8,21,31.5,4072,0,179.5,0.0,1,4,HAZARDOUS_AIR_POLLUTION,Severe,90.6,94.7
2026-09-01 06:38:10,IN-DELHI-01,26.7,49.6,28.1,1000.4,218.3,1.07,-0.3,10.79,10.85,1.04,0,400,4045,1,9,13.5,4067,0,190.0,-0.03,0,0,NORMAL,None,4.8,98.2
2026-09-01 06:38:15,IN-DELHI-01,24.6,43.8,24.7,1000.8,215.1,1.04,-0.18,10.81,10.86,1.05,6,421,4052,1,20,30.0,4087,0,172.8,-0.32,0,0,NORMAL,None,8.6,92.9
2026-09-01 06:38:20,IN-DELHI-01,20.2,87.2,22.6,992.2,287.0,-1.3,-2.71,10.52,10.94,1.13,9,431,1304,99,162,259.2,1473,90,142.9,-1.37,0,2,LANDSLIDE_PRECURSOR,Extreme,97.2,96.4
2026-09-01 06:38:25,IN-DELHI-01,40.9,17.2,41.0,994.6,267.3,1.13,-0.2,10.78,10.84,1.03,141,1598,4087,0,0,0.0,4095,0,192.5,0.0,0,3,WILDFIRE,Severe,88.3,89.7
2026-09-01 06:38:30,IN-DELHI-01,23.5,97.4,28.4,986.0,340.0,1.19,-0.36,10.88,10.95,1.14,15,452,1301,99,278,500.4,1278,97,37.7,-14.5,0,1,FLASH_FLOOD,Severe,92.5,90.5
2026-09-01 06:38:35,IN-DELHI-01,22.1,86.9,25.4,993.0,280.5,-3.03,-1.67,10.51,11.06,1.25,9,431,1248,100,220,352.0,1754,80,152.8,-7.53,0,2,LANDSLIDE_PRECURSOR,Extreme,90.7,93.0
2026-09-01 06:38:40,IN-DELHI-01,28.9,45.4,30.5,1000.1,220.8,0.99,-0.16,11.09,11.14,1.33,6,421,4072,0,17,25.5,4081,0,185.8,-0.02,0,0,NORMAL,None,8.0,96.5
2026-09-01 06:38:45,IN-DELHI-01,25.9,52.7,27.3,1001.9,205.8,0.97,-0.21,10.81,10.85,1.04,20,470,4082,0,2,3.0,4080,0,189.0,-0.07,0,0,NORMAL,None,13.7,96.5
2026-09-01 06:38:50,IN-DELHI-01,25.5,55.8,27.2,1002.3,202.1,0.91,-0.2,10.47,10.51,0.7,4,414,3989,3,6,9.0,4095,0,187.8,-0.24,0,0,NORMAL,None,6.3,92.6
2026-09-01 06:38:55,IN-DELHI-01,20.2,94.6,23.2,986.2,338.2,0.89,-0.18,10.76,10.8,0.99,27,494,1361,97,295,531.0,1350,94,34.8,-6.78,0,1,FLASH_FLOOD,Severe,93.0,90.8
2026-09-01 06:39:00,IN-DELHI-01,22.1,52.1,22.3,1006.7,165.1,1.07,-0.19,10.66,10.72,0.91,173,2476,4062,1,14,21.0,4040,1,178.2,0.0,0,4,HAZARDOUS_AIR_POLLUTION,Severe,92.8,96.5
2026-09-01 06:39:05,IN-DELHI-01,28.4,47.9,30.1,1002.4,201.2,1.01,-0.17,10.87,10.91,1.1,16,456,4018,2,22,33.0,4095,0,176.8,-0.4,0,0,NORMAL,None,17.5,92.4
2026-09-01 06:39:10,IN-DELHI-01,27.1,45.0,28.1,1003.0,196.3,1.0,-0.19,10.95,11.0,1.19,0,400,4095,0,10,15.0,4025,2,182.5,0.12,0,0,NORMAL,None,17.6,92.8
2026-09-01 06:39:15,IN-DELHI-01,27.7,53.0,29.9,1001.1,212.4,1.09,-0.25,10.84,10.9,1.09,3,410,4095,0,20,30.0,4089,0,175.2,0.0,0,0,NORMAL,None,13.7,98.1
2026-09-01 06:39:20,IN-DELHI-01,27.6,55.1,29.9,1000.6,216.4,1.08,-0.15,10.92,10.98,1.17,0,400,4041,1,11,16.5,4060,1,184.5,0.18,0,0,NORMAL,None,3.9,93.9
2026-09-01 06:39:25,IN-DELHI-01,26.7,53.6,28.6,1000.8,214.8,1.14,-0.2,10.89,10.95,1.14,0,400,3998,3,16,24.0,4049,1,177.4,-0.01,0,0,NORMAL,None,11.7,96.5
2026-09-01 06:39:30,IN-DELHI-01,26.1,44.5,26.7,999.7,224.3,1.09,-0.13,10.71,10.76,0.95,7,424,4005,3,15,22.5,4031,2,199.7,0.12,0,0,NORMAL,None,15.4,98.4
2026-09-01 06:39:35,IN-DELHI-01,26.9,66.8,30.3,1002.7,198.5,0.98,-0.21,10.76,10.81,1.0,16,464,1710,85,774,1509.3,2641,50,75.0,-0.55,0,5,WATER_CONTAMINATION,Severe,95.2,89.9
2026-09-01 06:39:40,IN-DELHI-01,23.1,95.3,27.7,989.4,310.8,1.14,-0.43,10.72,10.79,0.98,25,487,1381,97,358,644.4,1212,99,42.4,-10.63,1,1,FLASH_FLOOD,Severe,91.5,95.5
2026-09-01 06:39:45,IN-DELHI-01,26.0,90.9,31.7,988.2,321.1,1.18,-0.21,10.93,11.0,1.19,15,452,1224,100,344,619.2,1323,95,69.2,-10.99,1,1,FLASH_FLOOD,Severe,86.2,95.3
2026-09-01 06:39:50,IN-DELHI-01,24.3,73.2,27.3,1000.8,214.9,1.14,-0.19,10.79,10.85,1.04,22,488,1817,81,382,744.9,3521,19,80.3,-1.28,0,5,WATER_CONTAMINATION,Moderate,79.9,87.2
2026-09-01 06:39:55,IN-DELHI-01,26.4,53.1,28.1,1008.4,150.6,1.09,-0.16,10.91,10.97,1.16,216,2992,3969,4,9,13.5,4048,1,180.5,0.0,0,4,HAZARDOUS_AIR_POLLUTION,Extreme,97.9,92.4
2026-09-01 06:40:00,IN-DELHI-01,24.1,67.6,26.4,1005.9,171.8,0.98,-0.15,10.58,10.63,0.82,152,2224,3974,4,14,21.0,4041,1,181.5,0.0,1,4,HAZARDOUS_AIR_POLLUTION,Severe,90.2,91.0
2026-09-01 06:40:05,IN-DELHI-01,23.3,60.0,24.6,1004.0,187.7,1.12,-0.22,10.63,10.69,0.88,157,2284,3992,3,21,31.5,4020,2,180.3,0.0,1,4,HAZARDOUS_AIR_POLLUTION,Severe,90.8,96.0
2026-09-01 06:40:10,IN-DELHI-01,21.8,88.6,25.0,989.2,312.7,6.23,2.5,10.81,12.73,2.92,11,438,1275,100,228,364.8,1648,84,142.1,-1.01,0,2,LANDSLIDE_PRECURSOR,Extreme,97.0,96.3
2026-09-01 06:40:15,IN-DELHI-01,27.9,58.3,30.7,1001.6,208.2,1.05,-0.17,10.79,10.84,1.03,0,400,4056,1,6,9.0,4064,1,178.0,-0.03,0,0,NORMAL,None,16.7,93.4
2026-09-01 06:40:20,IN-DELHI-01,43.0,14.9,43.0,995.4,260.6,1.04,-0.15,10.72,10.77,0.96,65,952,4084,0,2,3.0,4095,0,189.5,0.0,1,3,WILDFIRE,Extreme,95.5,87.9
2026-09-01 06:40:25,IN-DELHI-01,23.4,95.2,28.1,989.5,310.2,1.2,-0.26,10.65,10.72,0.91,19,466,1314,99,374,673.2,1276,97,31.3,-13.99,1,1,FLASH_FLOOD,Severe,93.7,97.2
2026-09-01 06:40:30,IN-DELHI-01,30.1,48.4,32.6,1002.4,201.2,1.08,-0.17,10.81,10.87,1.06,2,407,3996,3,11,16.5,4095,0,175.8,-0.05,0,0,NORMAL,None,5.4,93.9
2026-09-01 06:40:35,IN-DELHI-01,28.7,62.2,32.4,1001.0,213.6,1.03,-0.17,10.59,10.64,0.83,2,407,4054,1,17,25.5,4095,0,182.8,-0.03,0,0,NORMAL,None,6.7,97.5
2026-09-01 06:40:40,IN-DELHI-01,31.9,48.7,35.2,1000.6,216.5,1.06,-0.19,10.76,10.81,1.0,2,407,4034,2,6,9.0,4070,0,186.1,0.29,0,0,NORMAL,None,5.4,94.4
2026-09-01 06:40:45,IN-DELHI-01,24.9,87.8,29.6,991.7,292.1,6.83,3.54,10.32,12.87,3.06,12,442,1321,99,254,406.4,1707,82,87.2,-4.0,0,2,LANDSLIDE_PRECURSOR,Extreme,87.5,91.7
2026-09-01 06:40:50,IN-DELHI-01,17.8,89.1,19.4,992.6,284.1,5.72,1.28,10.86,12.34,2.53,11,438,1289,100,271,433.6,1486,90,104.4,-6.89,0,2,LANDSLIDE_PRECURSOR,Extreme,89.7,91.2
2026-09-01 06:40:55,IN-DELHI-01,40.0,17.4,40.0,995.3,261.7,1.0,-0.05,10.71,10.76,0.95,118,1403,4092,0,8,12.0,4095,0,182.5,0.0,0,3,WILDFIRE,Severe,85.1,91.3
2026-09-01 06:41:00,IN-DELHI-01,29.6,52.4,32.4,1002.0,204.9,1.07,-0.16,10.93,10.98,1.17,0,400,4049,1,10,15.0,4052,1,183.2,0.2,0,0,NORMAL,None,6.3,98.5
2026-09-01 06:41:05,IN-DELHI-01,26.7,55.4,28.7,1001.2,211.5,0.97,-0.19,10.7,10.75,0.94,0,400,4095,0,11,16.5,4082,0,176.7,0.13,0,0,NORMAL,None,4.2,95.9
2026-09-01 06:41:10,IN-DELHI-01,18.8,88.9,20.8,992.4,286.1,2.8,1.86,8.89,9.51,0.3,3,410,1210,100,174,278.4,1777,80,124.8,-4.47,0,2,LANDSLIDE_PRECURSOR,Extreme,98.2,88.3
2026-09-01 06:41:15,IN-DELHI-01,26.5,54.9,28.5,999.5,225.7,1.17,-0.22,10.87,10.93,1.12,1,403,4024,2,10,15.0,4058,1,182.5,-0.19,1,0,NORMAL,None,11.1,94.8
2026-09-01 06:41:20,IN-DELHI-01,26.5,55.3,28.4,1000.6,216.7,0.89,-0.14,10.77,10.8,0.99,0,400,4027,2,17,25.5,4062,1,186.2,0.1,0,0,NORMAL,None,15.6,92.5
2026-09-01 06:41:25,IN-DELHI-01,24.8,60.6,26.8,1000.9,214.2,1.08,-0.18,10.73,10.79,0.98,31,524,2132,70,570,1111.5,3511,20,107.3,-1.77,0,5,WATER_CONTAMINATION,Severe,87.2,89.5
2026-09-01 06:41:30,IN-DELHI-01,26.5,64.2,29.5,1005.5,175.6,1.02,-0.16,10.7,10.75,0.94,132,1984,3955,5,23,34.5,4042,1,182.3,0.0,0,4,HAZARDOUS_AIR_POLLUTION,Severe,87.8,94.8
2026-09-01 06:41:35,IN-DELHI-01,24.8,73.0,28.0,1000.7,215.9,1.02,-0.16,10.75,10.8,0.99,25,500,1917,77,586,1142.7,3376,24,58.4,-0.05,0,5,WATER_CONTAMINATION,Severe,87.9,89.0
2026-09-01 06:41:40,IN-DELHI-01,30.1,60.0,34.2,1010.3,134.6,1.0,-0.12,10.78,10.83,1.02,151,2212,3997,3,23,34.5,4034,2,179.1,0.0,0,4,HAZARDOUS_AIR_POLLUTION,Severe,90.1,90.1
2026-09-01 06:41:45,IN-DELHI-01,25.9,65.7,28.8,1007.0,162.7,1.21,-0.1,10.64,10.71,0.9,170,2440,4013,2,14,21.0,4046,1,180.8,0.0,1,4,HAZARDOUS_AIR_POLLUTION,Severe,92.4,97.7
2026-09-01 06:41:50,IN-DELHI-01,41.1,19.5,41.7,999.8,223.8,1.04,-0.16,10.76,10.82,1.01,94,1199,4088,0,0,0.0,4095,0,192.1,0.0,0,3,WILDFIRE,Severe,88.8,88.7
2026-09-01 06:41:55,IN-DELHI-01,25.0,61.1,27.0,998.2,237.3,1.01,-0.25,10.68,10.73,0.92,16,464,1732,84,658,1283.1,3173,31,37.6,-2.2,0,5,WATER_CONTAMINATION,Severe,90.7,91.5
2026-09-01 06:42:00,IN-DELHI-01,22.2,63.0,23.5,999.5,225.5,1.15,-0.19,10.85,10.91,1.1,19,476,1957,76,724,1411.8,3265,28,59.4,-2.05,0,5,WATER_CONTAMINATION,Severe,93.2,91.8
2026-09-01 06:42:05,IN-DELHI-01,22.9,98.2,27.6,988.2,321.1,0.96,-0.13,11.32,11.36,1.55,14,449,1344,98,303,545.4,1315,96,23.6,-18.17,1,1,FLASH_FLOOD,Extreme,95.3,95.2
2026-09-01 06:42:10,IN-DELHI-01,26.1,60.3,28.5,999.9,222.2,0.98,-0.11,10.71,10.76,0.95,9,431,4041,1,0,0.0,4085,0,184.4,-0.19,0,0,NORMAL,None,8.5,93.8
2026-09-01 06:42:15,IN-DELHI-01,29.0,51.0,31.4,1002.7,198.6,1.08,-0.19,10.71,10.77,0.96,5,417,4042,1,1,1.5,4095,0,176.2,-0.13,0,0,NORMAL,None,6.9,98.3
2026-09-01 06:42:20,IN-DELHI-01,21.9,85.7,24.9,995.7,258.2,-3.66,-1.76,10.96,11.69,1.88,14,449,1305,99,199,318.4,1697,82,139.5,-2.77,0,2,LANDSLIDE_PRECURSOR,Extreme,92.8,87.2
2026-09-01 06:42:25,IN-DELHI-01,29.9,53.2,32.9,1002.8,198.0,0.93,-0.1,10.84,10.88,1.07,4,414,4093,0,4,6.0,4070,0,182.8,0.1,0,0,NORMAL,None,16.3,96.9
2026-09-01 06:42:30,IN-DELHI-01,43.3,19.0,44.4,997.6,242.0,1.05,-0.13,10.84,10.89,1.08,92,1182,4083,0,1,1.5,4095,0,186.3,0.0,0,3,WILDFIRE,Extreme,96.5,90.1
2026-09-01 06:42:35,IN-DELHI-01,23.9,92.1,28.5,984.5,352.3,0.96,-0.24,10.98,11.02,1.21,17,459,1363,97,368,662.4,1124,100,64.2,-16.16,1,1,FLASH_FLOOD,Severe,87.2,88.3
2026-09-01 06:42:40,IN-DELHI-01,28.0,58.5,30.9,1005.1,178.3,1.02,-0.22,10.66,10.71,0.9,223,3076,4024,2,14,21.0,4073,0,181.9,0.0,0,4,HAZARDOUS_AIR_POLLUTION,Extreme,98.8,92.0
2026-09-01 06:42:45,IN-DELHI-01,23.5,91.0,27.9,989.7,308.8,0.91,-0.32,10.82,10.87,1.06,5,417,1358,97,340,612.0,1252,98,55.4,-16.81,0,1,FLASH_FLOOD,Severe,88.9,95.6
2026-09-01 06:42:50,IN-DELHI-01,22.5,92.4,26.4,986.9,332.2,1.13,-0.21,10.73,10.79,0.98,11,438,1344,98,398,716.4,1185,100,15.9,-19.51,0,1,FLASH_FLOOD,Extreme,96.8,89.6
2026-09-01 06:42:55,IN-DELHI-01,27.8,45.6,29.0,1001.0,213.6,0.97,-0.26,10.92,10.97,1.16,2,407,4071,0,14,21.0,4069,0,181.4,-0.13,0,0,NORMAL,None,6.5,95.6
2026-09-01 06:43:00,IN-DELHI-01,29.4,60.8,33.2,1001.2,211.4,1.01,-0.1,10.81,10.86,1.05,1,403,4095,0,0,0.0,4038,1,187.5,-0.2,1,0,NORMAL,None,15.6,95.3
2026-09-01 06:43:05,IN-DELHI-01,25.2,63.3,27.5,1007.3,160.0,1.12,-0.25,10.74,10.8,0.99,244,3328,3969,4,19,28.5,4065,1,174.2,0.0,1,4,HAZARDOUS_AIR_POLLUTION,Extreme,99.0,98.0
2026-09-01 06:43:10,IN-DELHI-01,43.2,23.3,45.6,998.1,238.1,1.11,-0.08,10.74,10.8,0.99,126,1471,4085,0,5,7.5,4095,0,189.3,0.0,0,3,WILDFIRE,Extreme,96.3,92.3
2026-09-01 06:43:15,IN-DELHI-01,29.3,53.5,32.1,999.5,225.8,1.02,-0.15,10.99,11.04,1.23,2,407,4041,1,3,4.5,4042,1,182.4,-0.06,0,0,NORMAL,None,14.8,97.7
2026-09-01 06:43:20,IN-DELHI-01,23.4,90.7,27.7,987.8,324.9,1.34,-0.17,10.71,10.8,0.99,13,445,1403,96,313,563.4,1111,100,25.7,-13.37,0,1,FLASH_FLOOD,Extreme,94.9,93.6
2026-09-01 06:43:25,IN-DELHI-01,27.0,56.8,29.2,1000.4,218.3,1.08,-0.21,10.72,10.78,0.97,7,424,4040,1,5,7.5,4041,1,183.6,0.23,0,0,NORMAL,None,15.9,97.7
2026-09-01 06:43:30,IN-DELHI-01,26.4,58.4,28.7,1003.9,189.1,0.97,-0.22,10.73,10.78,0.97,169,2428,3976,4,20,30.0,4074,0,173.9,0.0,0,4,HAZARDOUS_AIR_POLLUTION,Severe,92.3,92.6
2026-09-01 06:43:35,IN-DELHI-01,24.2,58.6,25.6,1001.6,207.9,0.9,-0.29,11.01,11.05,1.24,2,407,4060,1,10,15.0,4054,1,184.0,-0.11,0,0,NORMAL,None,9.8,94.3
2026-09-01 06:43:40,IN-DELHI-01,27.8,53.3,30.0,998.9,230.6,1.2,-0.17,10.78,10.84,1.03,0,400,4072,0,3,4.5,4081,0,182.6,0.2,0,0,NORMAL,None,11.2,98.1
2026-09-01 06:43:45,IN-DELHI-01,24.6,65.0,26.9,1002.4,201.3,1.16,-0.19,10.68,10.74,0.93,205,2860,4003,3,25,37.5,4068,0,179.8,0.0,0,4,HAZARDOUS_AIR_POLLUTION,Extreme,96.6,95.3
2026-09-01 06:43:50,IN-DELHI-01,25.0,73.5,28.3,1002.3,201.9,1.06,-0.23,10.72,10.78,0.97,35,540,1691,86,509,992.5,3083,34,104.0,-2.18,0,5,WATER_CONTAMINATION,Severe,84.8,89.5
2026-09-01 06:43:55,IN-DELHI-01,26.2,63.9,29.0,1001.1,212.2,1.05,-0.19,10.61,10.67,0.86,7,428,2064,72,574,1119.3,2959,39,51.0,-1.76,0,5,WATER_CONTAMINATION,Severe,87.4,94.8
2026-09-01 06:44:00,IN-DELHI-01,44.0,22.5,46.3,997.9,239.1,1.23,-0.09,10.81,10.88,1.07,169,1836,4074,0,3,4.5,4095,0,185.9,0.0,1,3,WILDFIRE,Extreme,98.0,96.7
2026-09-01 06:44:05,IN-DELHI-01,25.7,52.0,27.0,1001.8,206.8,1.12,-0.13,10.74,10.8,0.99,1,403,4003,3,5,7.5,4083,0,187.3,-0.02,0,0,NORMAL,None,11.3,95.2
2026-09-01 06:44:10,IN-DELHI-01,42.3,21.4,43.8,998.6,233.8,1.13,-0.23,10.74,10.8,0.99,120,1420,4092,0,9,13.5,4095,0,192.3,0.0,0,3,WILDFIRE,Extreme,93.2,96.0
2026-09-01 06:44:15,IN-DELHI-01,29.4,65.1,33.9,1005.1,178.5,1.1,-0.18,10.84,10.89,1.08,184,2608,3955,5,20,30.0,4052,1,189.7,0.0,0,4,HAZARDOUS_AIR_POLLUTION,Extreme,94.1,93.0
2026-09-01 06:44:20,IN-DELHI-01,44.0,22.8,46.5,994.6,267.1,1.08,-0.34,10.75,10.81,1.0,139,1581,4077,0,0,0.0,4095,0,187.8,0.0,0,3,WILDFIRE,Extreme,98.0,96.1
2026-09-01 06:44:25,IN-DELHI-01,21.5,80.3,23.9,991.8,290.7,-2.45,-1.59,12.37,12.71,2.9,12,442,1228,100,208,332.8,1592,86,141.5,-2.69,1,2,LANDSLIDE_PRECURSOR,Extreme,94.3,87.1
2026-09-01 06:44:30,IN-DELHI-01,42.9,18.2,43.6,995.2,262.5,1.16,-0.06,10.79,10.85,1.04,122,1437,4082,0,3,4.5,4095,0,180.4,0.0,0,3,WILDFIRE,Extreme,95.0,88.0
2026-09-01 06:44:35,IN-DELHI-01,24.7,93.7,29.9,988.6,318.0,1.09,-0.07,10.71,10.76,0.95,13,445,1334,98,227,408.6,1262,97,35.0,-14.52,0,1,FLASH_FLOOD,Severe,93.0,93.4
2026-09-01 06:44:40,IN-DELHI-01,38.8,17.1,38.8,995.6,258.4,1.06,-0.2,10.79,10.84,1.03,112,1352,4070,0,4,6.0,4095,0,185.8,0.0,0,3,WILDFIRE,Severe,80.9,96.8
2026-09-01 06:44:45,IN-DELHI-01,24.5,76.9,27.9,1000.9,213.7,0.95,-0.22,10.71,10.76,0.95,10,440,1841,80,631,1230.5,3010,37,55.8,-1.28,0,5,WATER_CONTAMINATION,Severe,89.6,93.7
2026-09-01 06:44:50,IN-DELHI-01,27.5,45.4,28.6,1000.0,221.7,1.13,-0.22,10.78,10.84,1.03,12,442,4095,0,6,9.0,4085,0,181.0,0.17,1,0,NORMAL,None,11.6,96.8
2026-09-01 06:44:55,IN-DELHI-01,20.1,90.9,22.8,992.1,288.3,-3.96,-3.17,11.01,12.12,2.31,13,445,1248,100,210,336.0,1500,89,124.9,-1.88,0,2,LANDSLIDE_PRECURSOR,Extreme,89.9,89.1
2026-09-01 06:45:00,IN-DELHI-01,23.8,84.5,27.6,992.7,283.5,-2.56,-1.85,11.48,11.91,2.1,17,459,1276,100,195,312.0,1848,77,126.2,2.52,0,2,LANDSLIDE_PRECURSOR,Extreme,97.5,88.7
2026-09-01 06:45:05,IN-DELHI-01,29.0,53.8,31.8,1000.6,216.6,1.06,-0.2,10.79,10.85,1.04,2,407,4066,1,11,16.5,4047,1,186.3,-0.41,0,0,NORMAL,None,11.1,94.7
2026-09-01 06:45:10,IN-DELHI-01,28.6,42.5,29.7,1000.8,215.0,1.13,-0.23,10.71,10.77,0.96,2,407,4008,3,14,21.0,4026,2,182.7,-0.1,0,0,NORMAL,None,10.1,95.6
2026-09-01 06:45:15,IN-DELHI-01,23.7,55.6,24.8,1010.1,136.2,1.14,-0.21,10.77,10.84,1.03,196,2752,3976,4,20,30.0,4089,0,188.3,0.0,1,4,HAZARDOUS_AIR_POLLUTION,Extreme,95.5,93.7
2026-09-01 06:45:20,IN-DELHI-01,27.3,63.3,30.6,999.7,224.4,1.14,-0.13,10.81,10.87,1.06,20,480,1973,75,433,844.4,3609,16,43.1,-1.54,0,5,WATER_CONTAMINATION,Severe,81.9,92.8
2026-09-01 06:45:25,IN-DELHI-01,26.9,57.8,29.3,1007.3,159.9,0.88,-0.2,10.68,10.71,0.9,159,2308,3856,8,14,21.0,4027,2,183.1,0.0,1,4,HAZARDOUS_AIR_POLLUTION,Severe,91.1,93.1
2026-09-01 06:45:30,IN-DELHI-01,22.8,97.1,27.4,988.5,319.0,1.04,-0.2,10.77,10.82,1.01,9,431,1327,99,362,651.6,1110,100,41.3,-16.84,0,1,FLASH_FLOOD,Severe,91.7,96.3
2026-09-01 06:45:35,IN-DELHI-01,45.0,17.5,46.1,997.5,242.9,1.08,-0.15,10.74,10.8,0.99,123,1445,4095,0,6,9.0,4095,0,187.7,0.0,0,3,WILDFIRE,Extreme,98.0,90.7
2026-09-01 06:45:40,IN-DELHI-01,24.9,74.8,28.2,1008.7,148.7,0.99,-0.15,10.97,11.02,1.21,128,1936,3949,5,12,18.0,4056,1,181.0,0.0,1,4,HAZARDOUS_AIR_POLLUTION,Severe,87.4,90.1
2026-09-01 06:45:45,IN-DELHI-01,21.6,92.0,25.1,989.5,310.3,6.13,2.54,8.84,11.05,1.24,16,456,1325,99,235,376.0,1473,90,140.5,-5.17,0,2,LANDSLIDE_PRECURSOR,Extreme,97.5,95.6
2026-09-01 06:45:50,IN-DELHI-01,24.8,60.4,26.6,1007.3,160.4,0.95,-0.23,10.6,10.64,0.83,203,2836,3937,5,12,18.0,4066,1,179.2,0.0,0,4,HAZARDOUS_AIR_POLLUTION,Extreme,96.4,91.2
2026-09-01 06:45:55,IN-DELHI-01,25.9,68.3,29.1,999.7,224.1,1.0,-0.26,10.72,10.77,0.96,21,484,2029,73,605,1179.8,3269,28,73.9,-0.73,1,5,WATER_CONTAMINATION,Severe,88.6,86.8
2026-09-01 06:46:00,IN-DELHI-01,42.8,16.0,43.0,997.9,239.1,1.21,-0.19,10.85,10.91,1.1,121,1428,4084,0,0,0.0,4095,0,190.8,0.0,0,3,WILDFIRE,Extreme,94.9,97.4
2026-09-01 06:46:05,IN-DELHI-01,28.2,41.5,29.1,1001.0,213.1,1.14,-0.06,10.65,10.71,0.9,1,403,4095,0,16,24.0,4073,0,183.2,-0.03,0,0,NORMAL,None,9.4,96.6
2026-09-01 06:46:10,IN-DELHI-01,29.1,54.7,32.0,1001.1,212.1,1.08,-0.22,10.78,10.83,1.02,0,400,4038,2,9,13.5,4079,0,188.3,0.02,0,0,NORMAL,None,9.4,93.2
2026-09-01 06:46:15,IN-DELHI-01,21.7,88.7,24.9,983.8,358.2,1.17,-0.45,10.94,11.02,1.21,10,435,1436,95,339,610.2,1090,100,53.2,-11.15,0,1,FLASH_FLOOD,Severe,89.4,96.6
2026-09-01 06:46:20,IN-DELHI-01,39.8,20.9,40.4,997.7,240.9,1.09,-0.22,10.74,10.8,0.99,65,952,4082,0,7,10.5,4095,0,184.3,0.0,0,3,WILDFIRE,Severe,84.2,97.5
2026-09-01 06:46:25,IN-DELHI-01,26.8,49.4,28.2,1001.8,206.9,1.14,-0.2,10.78,10.84,1.03,1,403,4047,1,0,0.0,4085,0,188.8,-0.19,0,0,NORMAL,None,17.1,98.2
2026-09-01 06:46:30,IN-DELHI-01,21.3,74.5,23.2,1005.7,173.3,0.97,-0.18,10.7,10.75,0.94,10,440,1849,80,614,1197.3,3120,33,58.5,-0.33,0,5,WATER_CONTAMINATION,Severe,88.9,93.0
2026-09-01 06:46:35,IN-DELHI-01,18.5,90.0,20.5,989.3,311.7,-1.78,-1.29,8.62,8.89,0.92,13,445,1361,97,114,182.4,1627,85,138.9,-5.87,0,2,LANDSLIDE_PRECURSOR,Extreme,86.5,90.2
2026-09-01 06:46:40,IN-DELHI-01,23.5,96.8,28.3,986.4,336.5,1.14,-0.22,10.68,10.74,0.93,16,456,1351,98,300,540.0,1263,97,41.5,-11.9,0,1,FLASH_FLOOD,Severe,91.7,96.7
2026-09-01 06:46:45,IN-DELHI-01,28.0,53.3,30.3,1001.4,209.5,1.12,-0.12,10.83,10.89,1.08,6,421,4030,2,10,15.0,4055,1,176.1,0.03,0,0,NORMAL,None,6.6,96.0
2026-09-01 06:46:50,IN-DELHI-01,29.2,55.3,32.2,1002.6,199.9,1.14,-0.15,10.76,10.82,1.01,153,2236,3991,3,21,31.5,4071,0,184.9,0.0,0,4,HAZARDOUS_AIR_POLLUTION,Severe,90.4,96.6
2026-09-01 06:46:55,IN-DELHI-01,26.5,48.5,27.7,1001.2,211.8,1.06,-0.21,10.77,10.83,1.02,2,407,4020,2,4,6.0,4062,1,183.6,-0.04,0,0,NORMAL,None,14.8,94.4
2026-09-01 06:47:00,IN-DELHI-01,40.4,17.0,40.4,997.3,244.5,1.06,-0.2,10.82,10.87,1.06,163,1785,4078,0,0,0.0,4095,0,191.2,0.0,0,3,WILDFIRE,Severe,86.4,94.7
2026-09-01 06:47:05,IN-DELHI-01,22.2,92.0,25.9,987.4,328.3,1.22,0.03,10.96,11.03,1.22,14,449,1288,100,225,405.0,1249,98,35.7,-7.56,0,1,FLASH_FLOOD,Severe,92.9,91.5
2026-09-01 06:47:10,IN-DELHI-01,23.7,88.6,27.9,986.9,332.5,1.18,-0.32,10.96,11.02,1.21,7,424,1366,97,318,572.4,1255,98,67.5,-21.87,1,1,FLASH_FLOOD,Severe,86.5,88.9
2026-09-01 06:47:15,IN-DELHI-01,37.1,18.5,37.1,996.9,248.0,1.06,-0.14,10.65,10.7,0.89,152,1692,4095,0,3,4.5,4095,0,185.1,0.0,0,3,WILDFIRE,Severe,75.0,93.6
2026-09-01 06:47:20,IN-DELHI-01,24.6,60.1,26.3,999.9,222.2,1.03,-0.15,10.57,10.62,0.81,3,410,4014,2,11,16.5,4059,1,193.0,0.11,0,0,NORMAL,None,2.8,93.7
2026-09-01 06:47:25,IN-DELHI-01,24.4,46.9,24.7,999.9,222.5,1.15,-0.21,10.65,10.72,0.91,3,410,4076,0,13,19.5,4086,0,189.3,0.09,0,0,NORMAL,None,7.2,92.2
2026-09-01 06:47:30,IN-DELHI-01,27.0,52.7,28.8,998.4,235.1,0.84,-0.17,10.85,10.88,1.07,0,400,4064,1,13,19.5,4095,0,175.0,0.17,1,0,NORMAL,None,3.8,92.5
2026-09-01 06:47:35,IN-DELHI-01,29.1,49.4,31.4,1001.6,208.4,0.97,-0.22,10.59,10.64,0.83,2,407,4045,1,3,4.5,4065,1,187.5,-0.03,0,0,NORMAL,None,15.9,96.8
2026-09-01 06:47:40,IN-DELHI-01,45.5,17.9,47.0,998.6,233.8,1.21,-0.17,10.76,10.83,1.02,143,1615,4095,0,2,3.0,4095,0,184.6,0.0,0,3,WILDFIRE,Extreme,98.0,91.6
2026-09-01 06:47:45,IN-DELHI-01,27.4,55.3,29.6,1001.5,209.4,0.93,-0.19,10.66,10.7,0.89,5,417,4095,0,3,4.5,4070,0,176.6,0.04,1,0,NORMAL,None,8.6,92.1
2026-09-01 06:47:50,IN-DELHI-01,26.7,52.4,28.4,1002.6,199.4,1.09,-0.08,10.76,10.82,1.01,200,2800,4028,2,7,10.5,4065,1,178.3,0.0,0,4,HAZARDOUS_AIR_POLLUTION,Extreme,96.0,93.9
2026-09-01 06:47:55,IN-DELHI-01,27.4,58.8,30.1,1000.1,221.2,1.22,-0.19,10.95,11.02,1.21,9,431,4015,2,14,21.0,4059,1,180.5,-0.04,1,0,NORMAL,None,6.9,93.8
2026-09-01 06:48:00,IN-DELHI-01,25.9,48.6,26.9,1002.4,201.4,0.95,-0.21,10.83,10.87,1.06,141,2092,3915,6,15,22.5,4056,1,181.6,0.0,0,4,HAZARDOUS_AIR_POLLUTION,Severe,88.9,98.1
2026-09-01 06:48:05,IN-DELHI-01,26.7,52.9,28.5,1000.4,218.1,1.02,-0.11,10.52,10.57,0.76,0,400,4095,0,10,15.0,4017,2,173.9,0.07,0,0,NORMAL,None,12.5,96.8
2026-09-01 06:48:10,IN-DELHI-01,27.3,61.7,30.3,1000.2,219.7,1.0,-0.33,10.56,10.61,0.8,1,403,4055,1,0,0.0,4068,0,185.4,-0.03,0,0,NORMAL,None,9.1,97.9
2026-09-01 06:48:15,IN-DELHI-01,41.3,17.0,41.4,996.4,251.9,1.0,-0.13,10.76,10.81,1.0,91,1173,4079,0,6,9.0,4095,0,182.2,0.0,0,3,WILDFIRE,Severe,89.6,88.2
2026-09-01 06:48:20,IN-DELHI-01,26.7,45.4,27.6,1001.3,210.9,1.02,-0.1,10.77,10.82,1.01,1,403,3989,3,3,4.5,4076,0,183.1,-0.0,0,0,NORMAL,None,2.4,92.8
2026-09-01 06:48:25,IN-DELHI-01,23.4,87.9,27.4,986.1,339.1,0.8,-0.29,10.92,10.95,1.14,12,442,1370,97,319,574.2,1165,100,45.1,-16.21,0,1,FLASH_FLOOD,Severe,91.0,88.1
2026-09-01 06:48:30,IN-DELHI-01,24.0,91.9,28.6,984.6,351.2,1.19,-0.33,10.96,11.03,1.22,17,459,1383,97,311,559.8,1185,100,41.1,-7.7,0,1,FLASH_FLOOD,Severe,91.8,96.2
2026-09-01 06:48:35,IN-DELHI-01,26.7,53.6,28.6,999.1,229.3,0.98,-0.18,10.6,10.65,0.84,3,410,4077,0,6,9.0,4076,0,199.8,-0.0,0,0,NORMAL,None,4.0,94.2
2026-09-01 06:48:40,IN-DELHI-01,20.5,90.8,23.4,989.0,314.4,-2.19,-2.07,8.27,8.8,1.01,13,445,1292,100,151,241.6,1190,100,122.0,-4.5,0,2,LANDSLIDE_PRECURSOR,Extreme,87.9,86.2
2026-09-01 06:48:45,IN-DELHI-01,28.2,61.3,31.5,1006.1,170.2,1.01,-0.04,10.68,10.73,0.92,164,2368,3933,5,28,42.0,4047,1,170.3,0.0,0,4,HAZARDOUS_AIR_POLLUTION,Severe,91.7,93.6
2026-09-01 06:48:50,IN-DELHI-01,39.5,18.4,39.5,996.5,251.5,1.0,-0.17,10.77,10.81,1.0,105,1292,4085,0,4,6.0,4095,0,190.3,0.0,0,3,WILDFIRE,Severe,83.2,94.8
2026-09-01 06:48:55,IN-DELHI-01,22.9,87.9,26.6,992.6,283.8,3.13,0.98,11.17,11.64,1.83,12,442,1314,99,242,387.2,1401,93,133.0,-4.75,0,2,LANDSLIDE_PRECURSOR,Extreme,98.0,92.9
2026-09-01 06:49:00,IN-DELHI-01,22.1,85.3,25.2,996.6,250.2,-3.4,-2.77,10.06,10.97,1.16,6,421,1271,100,248,396.8,1640,84,139.1,-3.8,0,2,LANDSLIDE_PRECURSOR,Extreme,96.1,87.3
2026-09-01 06:49:05,IN-DELHI-01,42.1,18.3,42.7,995.6,258.4,1.04,-0.16,10.72,10.77,0.96,128,1488,4093,0,0,0.0,4095,0,187.4,0.0,0,3,WILDFIRE,Extreme,92.4,93.9
2026-09-01 06:49:10,IN-DELHI-01,46.3,22.8,49.6,998.4,234.9,0.91,-0.27,10.73,10.77,0.96,94,1199,4075,0,0,0.0,4095,0,180.6,0.0,0,3,WILDFIRE,Extreme,98.0,90.5
2026-09-01 06:49:15,IN-DELHI-01,23.3,95.9,27.9,987.7,325.2,1.03,-0.33,10.27,10.33,0.52,18,463,1291,100,350,630.0,1280,97,54.8,-12.93,0,1,FLASH_FLOOD,Severe,89.0,93.3
2026-09-01 06:49:20,IN-DELHI-01,25.7,48.3,26.6,1000.8,214.7,1.01,-0.17,10.68,10.73,0.92,2,407,4085,0,15,22.5,4074,0,178.0,-0.01,0,0,NORMAL,None,9.5,93.7
2026-09-01 06:49:25,IN-DELHI-01,23.7,56.2,24.8,1003.5,191.9,1.02,-0.08,10.85,10.9,1.09,3,410,4006,3,1,1.5,4074,0,183.1,-0.05,0,0,NORMAL,None,5.9,97.0
2026-09-01 06:49:30,IN-DELHI-01,28.5,53.7,31.0,1002.0,205.0,1.04,-0.24,10.51,10.57,0.76,1,403,4022,2,20,30.0,4087,0,184.1,0.02,0,0,NORMAL,None,7.5,94.2
2026-09-01 06:49:35,IN-DELHI-01,27.7,54.5,30.0,1001.1,212.7,1.0,-0.12,10.92,10.97,1.16,1,403,4026,2,16,24.0,4082,0,171.8,-0.16,0,0,NORMAL,None,7.3,98.9
2026-09-01 06:49:40,IN-DELHI-01,23.4,73.4,25.9,999.8,223.2,1.09,-0.15,10.65,10.71,0.9,27,508,1870,79,580,1131.0,3346,25,90.0,-2.03,0,5,WATER_CONTAMINATION,Severe,87.6,87.9
2026-09-01 06:49:45,IN-DELHI-01,28.7,45.5,30.2,999.5,225.7,1.11,-0.23,10.88,10.94,1.13,0,400,4070,0,3,4.5,4051,1,167.4,-0.07,0,0,NORMAL,None,8.3,92.7
2026-09-01 06:49:50,IN-DELHI-01,23.0,97.7,27.6,987.4,327.8,0.7,-0.06,10.74,10.76,0.95,18,463,1318,99,340,612.0,1255,98,48.4,-9.54,1,1,FLASH_FLOOD,Severe,90.3,88.1
2026-09-01 06:49:55,IN-DELHI-01,22.6,91.6,26.5,990.7,300.1,5.5,2.57,12.27,13.69,3.88,9,431,1329,98,189,302.4,1737,81,134.5,-3.17,1,2,LANDSLIDE_PRECURSOR,Extreme,92.2,96.0
2026-09-01 06:50:00,IN-DELHI-01,40.0,22.7,41.1,998.3,235.7,0.91,-0.18,10.77,10.81,1.0,85,1122,4074,0,4,6.0,4095,0,192.0,0.0,0,3,WILDFIRE,Severe,84.9,97.1
2026-09-01 06:50:05,IN-DELHI-01,22.4,89.9,26.0,995.2,262.3,3.63,2.4,11.22,12.03,2.22,11,438,1272,100,254,406.4,1621,85,162.0,-2.17,1,2,LANDSLIDE_PRECURSOR,Extreme,93.5,89.1
2026-09-01 06:50:10,IN-DELHI-01,22.4,98.1,26.8,987.0,331.2,1.12,-0.12,10.88,10.94,1.13,12,442,1341,98,447,804.6,1196,100,78.3,-13.38,0,1,FLASH_FLOOD,Severe,84.3,92.5
2026-09-01 06:50:15,IN-DELHI-01,20.9,94.2,24.3,992.7,283.6,-2.89,-2.22,10.3,10.93,1.12,14,449,1217,100,193,308.8,1577,86,131.0,-2.63,0,2,LANDSLIDE_PRECURSOR,Extreme,89.8,92.9
2026-09-01 06:50:20,IN-DELHI-01,22.1,86.7,25.3,991.3,295.2,-1.17,-0.33,9.43,9.51,0.3,15,452,1256,100,166,265.6,1682,83,98.6,-3.21,1,2,LANDSLIDE_PRECURSOR,Extreme,96.4,91.6
2026-09-01 06:50:25,IN-DELHI-01,39.5,22.0,40.4,998.7,233.0,0.95,-0.28,10.79,10.83,1.02,115,1377,4094,0,2,3.0,4095,0,186.3,0.0,0,3,WILDFIRE,Severe,83.3,88.3
2026-09-01 06:50:30,IN-DELHI-01,39.2,17.8,39.2,997.0,246.7,1.12,-0.25,10.85,10.91,1.1,87,1139,4074,0,13,19.5,4095,0,189.1,0.0,1,3,WILDFIRE,Severe,82.1,90.8
2026-09-01 06:50:35,IN-DELHI-01,25.2,89.2,30.2,988.3,320.6,1.09,-0.39,10.78,10.84,1.03,22,477,1314,99,373,671.4,1287,96,63.2,-5.15,1,1,FLASH_FLOOD,Severe,87.4,95.3
2026-09-01 06:50:40,IN-DELHI-01,25.0,75.4,28.6,1002.2,203.4,1.13,-0.1,10.65,10.71,0.9,20,480,1923,77,623,1214.8,3548,18,75.2,-1.77,1,5,WATER_CONTAMINATION,Severe,89.3,90.6
2026-09-01 06:50:45,IN-DELHI-01,41.0,16.4,41.0,998.3,235.9,1.07,-0.24,10.74,10.8,0.99,166,1811,4083,0,8,12.0,4095,0,193.7,0.0,0,3,WILDFIRE,Severe,88.7,96.0
2026-09-01 06:50:50,IN-DELHI-01,22.0,97.2,26.1,985.8,341.3,0.96,-0.16,10.91,10.95,1.14,17,459,1373,97,286,514.8,1159,100,59.8,-7.8,1,1,FLASH_FLOOD,Severe,88.0,92.8
2026-09-01 06:50:55,IN-DELHI-01,25.1,87.8,30.0,992.5,285.2,-4.77,-2.38,12.9,13.96,4.15,15,452,1288,100,183,292.8,1576,87,154.1,-4.32,1,2,LANDSLIDE_PRECURSOR,Extreme,85.6,95.7
2026-09-01 06:51:00,IN-DELHI-01,26.6,48.6,27.8,1003.9,189.1,1.02,-0.2,10.85,10.9,1.09,4,414,4075,0,9,13.5,4077,0,188.3,0.44,0,0,NORMAL,None,9.5,97.1
2026-09-01 06:51:05,IN-DELHI-01,26.7,65.6,29.9,998.2,236.6,0.93,-0.27,10.73,10.77,0.96,5,420,1914,78,710,1384.5,3709,13,74.5,-1.49,0,5,WATER_CONTAMINATION,Severe,92.7,93.9
2026-09-01 06:51:10,IN-DELHI-01,21.8,68.8,23.3,1007.3,160.1,1.0,-0.11,10.62,10.67,0.86,214,2968,3939,5,3,4.5,4040,1,183.7,0.0,1,4,HAZARDOUS_AIR_POLLUTION,Extreme,97.7,96.5
2026-09-01 06:51:15,IN-DELHI-01,22.3,83.1,25.3,991.4,294.1,6.84,3.07,10.43,12.85,3.04,13,445,1238,100,190,304.0,1630,85,85.8,-5.82,0,2,LANDSLIDE_PRECURSOR,Extreme,89.0,89.2
2026-09-01 06:51:20,IN-DELHI-01,27.8,37.9,28.1,999.8,223.7,1.02,-0.17,10.79,10.84,1.03,0,400,4066,1,16,24.0,4083,0,193.3,-0.06,1,0,NORMAL,None,2.4,93.9
2026-09-01 06:51:25,IN-DELHI-01,29.7,50.9,32.3,1001.9,205.6,1.07,-0.22,10.9,10.95,1.14,9,431,4095,0,7,10.5,4063,1,185.6,0.04,0,0,NORMAL,None,14.4,93.4
2026-09-01 06:51:30,IN-DELHI-01,19.4,89.7,21.7,991.5,293.2,6.12,2.24,10.38,12.26,2.45,6,421,1334,98,172,275.2,1402,93,119.1,-2.36,0,2,LANDSLIDE_PRECURSOR,Extreme,96.2,89.0
2026-09-01 06:51:35,IN-DELHI-01,27.4,40.5,27.9,1000.3,219.1,1.11,-0.23,10.86,10.92,1.11,2,407,4086,0,4,6.0,4095,0,178.1,-0.33,0,0,NORMAL,None,17.0,92.0
2026-09-01 06:51:40,IN-DELHI-01,22.9,64.1,24.4,998.0,238.6,1.11,-0.15,10.78,10.84,1.03,31,524,1792,82,531,1035.5,3238,29,78.4,-0.87,0,5,WATER_CONTAMINATION,Severe,85.7,93.0
2026-09-01 06:51:45,IN-DELHI-01,25.1,96.1,30.9,983.6,359.8,1.01,-0.36,10.9,10.95,1.14,9,431,1322,99,248,446.4,1324,95,41.0,-14.42,1,1,FLASH_FLOOD,Severe,91.8,92.1
2026-09-01 06:51:50,IN-DELHI-01,28.1,50.6,30.1,1002.9,197.1,1.2,-0.12,10.73,10.8,0.99,0,400,4004,3,10,15.0,4047,1,183.7,0.23,0,0,NORMAL,None,15.2,97.6
2026-09-01 06:51:55,IN-DELHI-01,22.0,55.3,22.4,1000.1,221.0,1.16,-0.19,10.82,10.89,1.08,10,440,2006,74,535,1043.2,3049,36,65.2,-1.42,0,5,WATER_CONTAMINATION,Severe,85.9,93.1
2026-09-01 06:52:00,IN-DELHI-01,27.0,50.7,28.5,1000.0,221.9,1.04,-0.23,10.69,10.74,0.93,0,400,4085,0,17,25.5,4054,1,192.1,-0.02,0,0,NORMAL,None,9.0,94.6
2026-09-01 06:52:05,IN-DELHI-01,24.9,58.2,26.5,1001.8,206.1,0.96,-0.09,10.7,10.74,0.93,1,403,4004,3,16,24.0,4079,0,174.0,0.09,0,0,NORMAL,None,9.4,95.9
2026-09-01 06:52:10,IN-DELHI-01,30.2,54.7,33.6,1000.4,218.3,0.98,-0.17,10.59,10.64,0.83,2,407,4095,0,10,15.0,4053,1,187.7,-0.09,0,0,NORMAL,None,13.7,96.2
2026-09-01 06:52:15,IN-DELHI-01,27.4,49.1,29.0,1002.9,197.0,0.88,-0.18,10.61,10.65,0.84,2,407,4062,1,13,19.5,4090,0,187.9,0.05,0,0,NORMAL,None,5.0,96.5
2026-09-01 06:52:20,IN-DELHI-01,22.9,55.4,23.7,1007.6,158.0,1.12,-0.15,10.6,10.66,0.85,230,3160,3944,5,14,21.0,4054,1,180.6,0.0,1,4,HAZARDOUS_AIR_POLLUTION,Extreme,99.0,91.2
2026-09-01 06:52:25,IN-DELHI-01,22.8,91.6,26.8,989.1,313.2,3.88,1.12,8.96,9.83,0.02,12,442,1385,96,204,326.4,1532,88,159.0,-2.0,0,2,LANDSLIDE_PRECURSOR,Extreme,91.4,96.1
2026-09-01 06:52:30,IN-DELHI-01,22.2,99.0,26.6,988.7,317.0,1.14,-0.35,10.48,10.55,0.74,7,424,1256,100,334,601.2,1230,98,15.0,-10.36,1,1,FLASH_FLOOD,Extreme,97.0,93.0
2026-09-01 06:52:35,IN-DELHI-01,22.6,70.3,24.6,1005.1,178.7,1.04,-0.19,10.69,10.74,0.93,277,3724,3979,4,27,40.5,4083,0,176.8,0.0,1,4,HAZARDOUS_AIR_POLLUTION,Extreme,99.0,97.1
2026-09-01 06:52:40,IN-DELHI-01,43.6,17.8,44.4,999.1,228.9,1.08,-0.16,10.84,10.9,1.09,126,1471,4081,0,8,12.0,4095,0,180.2,0.0,0,3,WILDFIRE,Extreme,97.5,88.5
2026-09-01 06:52:45,IN-DELHI-01,28.4,54.8,31.1,1001.4,209.7,1.08,-0.22,10.76,10.82,1.01,8,428,4043,1,15,22.5,4068,0,176.6,-0.05,0,0,NORMAL,None,15.2,94.2
2026-09-01 06:52:50,IN-DELHI-01,21.2,93.6,24.6,988.1,321.9,1.11,0.02,10.87,10.93,1.12,16,456,1326,99,358,644.4,1313,96,47.3,-12.76,0,1,FLASH_FLOOD,Severe,90.5,94.7
2026-09-01 06:52:55,IN-DELHI-01,27.1,55.0,29.3,999.4,226.5,1.03,-0.17,10.77,10.82,1.01,0,400,4043,1,2,3.0,4035,2,181.8,0.08,0,0,NORMAL,None,17.1,95.5
2026-09-01 06:53:00,IN-DELHI-01,21.4,85.3,24.3,992.0,289.4,-2.56,-3.04,8.88,9.73,0.08,13,445,1284,100,185,296.0,1567,87,134.8,-3.28,1,2,LANDSLIDE_PRECURSOR,Extreme,95.9,87.4
2026-09-01 06:53:05,IN-DELHI-01,28.7,55.2,31.5,1001.8,206.1,1.1,-0.13,10.84,10.9,1.09,2,407,4047,1,10,15.0,4091,0,184.2,-0.23,0,0,NORMAL,None,2.2,92.8
2026-09-01 06:53:10,IN-DELHI-01,26.9,41.0,27.4,1000.7,215.7,1.2,-0.19,10.91,10.98,1.17,0,400,4095,0,19,28.5,4071,0,172.3,0.24,0,0,NORMAL,None,3.8,96.6
2026-09-01 06:53:15,IN-DELHI-01,37.7,17.7,37.7,995.9,256.1,1.01,-0.21,10.83,10.88,1.07,139,1581,4076,0,0,0.0,4095,0,190.1,0.0,0,3,WILDFIRE,Severe,76.9,93.8
2026-09-01 06:53:20,IN-DELHI-01,22.4,88.8,26.0,987.2,329.9,1.07,-0.4,10.97,11.03,1.22,13,445,1288,100,295,531.0,1185,100,25.2,-9.44,1,1,FLASH_FLOOD,Extreme,95.0,92.1
2026-09-01 06:53:25,IN-DELHI-01,25.7,59.6,27.9,1003.7,190.8,1.02,-0.27,10.82,10.87,1.06,188,2656,3941,5,0,0.0,4049,1,178.4,0.0,1,4,HAZARDOUS_AIR_POLLUTION,Extreme,94.6,97.2
2026-09-01 06:53:30,IN-DELHI-01,29.6,44.6,31.3,1002.6,200.2,1.13,-0.2,10.63,10.7,0.89,1,403,4095,0,5,7.5,4068,0,182.8,0.03,0,0,NORMAL,None,6.3,92.8
2026-09-01 06:53:35,IN-DELHI-01,42.0,19.9,43.0,997.8,240.2,1.01,-0.24,10.62,10.67,0.86,77,1054,4087,0,5,7.5,4095,0,187.0,0.0,0,3,WILDFIRE,Severe,91.9,92.0
2026-09-01 06:53:40,IN-DELHI-01,22.5,95.1,26.7,990.9,298.1,1.39,-0.15,10.76,10.85,1.04,16,456,1334,98,346,622.8,1486,90,73.5,-13.99,0,1,FLASH_FLOOD,Severe,85.3,94.0
2026-09-01 06:53:45,IN-DELHI-01,27.1,47.0,28.3,1001.9,205.5,0.95,-0.22,10.65,10.7,0.89,6,421,4042,1,7,10.5,4068,0,175.2,-0.49,0,0,NORMAL,None,16.3,94.5
2026-09-01 06:53:50,IN-DELHI-01,43.0,14.6,43.0,1001.0,213.2,1.0,-0.22,10.69,10.74,0.93,118,1403,4077,0,0,0.0,4095,0,190.8,0.0,0,3,WILDFIRE,Extreme,95.5,95.2
2026-09-01 06:53:55,IN-DELHI-01,25.2,63.3,27.5,999.7,224.4,0.99,-0.13,10.65,10.69,0.88,25,500,1968,76,641,1250.0,3831,9,53.1,-1.64,1,5,WATER_CONTAMINATION,Severe,90.0,86.1
2026-09-01 06:54:00,IN-DELHI-01,27.4,49.5,29.0,1002.4,201.5,1.16,-0.19,10.76,10.83,1.02,1,403,4038,2,8,12.0,4050,1,181.3,-0.03,0,0,NORMAL,None,6.8,93.3
2026-09-01 06:54:05,IN-DELHI-01,26.0,60.0,28.3,1002.3,202.7,1.08,-0.18,10.8,10.85,1.04,102,1624,3995,3,14,21.0,4062,1,181.1,0.0,0,4,HAZARDOUS_AIR_POLLUTION,Severe,84.2,92.9
2026-09-01 06:54:10,IN-DELHI-01,27.9,56.5,30.5,1001.4,209.5,1.15,-0.18,10.81,10.87,1.06,7,424,4095,0,14,21.0,4080,0,185.4,0.19,0,0,NORMAL,None,17.7,92.6
2026-09-01 06:54:15,IN-DELHI-01,28.5,58.0,31.6,1007.9,154.9,1.02,-0.21,10.76,10.81,1.0,185,2620,3971,4,17,25.5,4038,1,178.3,0.0,0,4,HAZARDOUS_AIR_POLLUTION,Extreme,94.2,91.7
2026-09-01 06:54:20,IN-DELHI-01,27.8,56.5,30.4,1002.1,204.4,0.97,-0.12,10.68,10.73,0.92,1,403,4076,0,8,12.0,4065,1,190.0,-0.08,0,0,NORMAL,None,10.9,98.4
2026-09-01 06:54:25,IN-DELHI-01,20.9,89.7,23.9,992.0,289.2,3.58,1.84,10.25,11.01,1.2,8,428,1224,100,170,272.0,1655,84,137.1,-4.17,0,2,LANDSLIDE_PRECURSOR,Extreme,95.0,93.3
2026-09-01 06:54:30,IN-DELHI-01,23.5,93.9,28.1,990.9,298.0,1.03,0.0,10.83,10.88,1.07,14,449,1418,95,309,556.2,1242,98,39.6,-10.75,0,1,FLASH_FLOOD,Severe,92.1,97.0
2026-09-01 06:54:35,IN-DELHI-01,19.1,81.5,20.6,987.2,329.3,-1.73,-1.05,8.84,9.07,0.74,12,442,1230,100,161,257.6,1581,86,145.1,-6.91,0,2,LANDSLIDE_PRECURSOR,Extreme,91.4,96.0
2026-09-01 06:54:40,IN-DELHI-01,24.8,68.4,27.5,1001.8,206.8,1.01,-0.19,10.54,10.59,0.78,16,464,2005,74,894,1743.3,3122,33,60.4,-1.31,1,5,WATER_CONTAMINATION,Severe,96.0,88.8
2026-09-01 06:54:45,IN-DELHI-01,26.3,51.0,27.7,1001.5,209.0,1.09,-0.18,10.76,10.82,1.01,0,400,4033,2,14,21.0,4094,0,194.6,0.08,0,0,NORMAL,None,17.0,94.4
2026-09-01 06:54:50,IN-DELHI-01,21.5,75.4,23.5,1000.4,218.0,1.11,-0.19,10.87,10.93,1.12,26,504,1766,83,758,1478.1,3640,15,64.7,-1.39,0,5,WATER_CONTAMINATION,Severe,94.6,85.5
2026-09-01 06:54:55,IN-DELHI-01,40.2,14.6,40.2,995.9,256.2,1.04,-0.18,10.64,10.69,0.88,115,1377,4095,0,7,10.5,4095,0,188.9,0.0,0,3,WILDFIRE,Severe,85.8,88.1
2026-09-01 06:55:00,IN-DELHI-01,27.2,70.6,31.3,1000.9,213.7,1.12,-0.17,10.73,10.79,0.98,19,476,1921,77,707,1378.6,3870,7,60.5,-0.69,0,5,WATER_CONTAMINATION,Severe,92.6,89.5
2026-09-01 06:55:05,IN-DELHI-01,24.9,56.6,26.4,1000.9,213.8,0.96,-0.23,10.83,10.88,1.07,9,436,1741,84,665,1296.8,3660,15,70.3,-0.97,0,5,WATER_CONTAMINATION,Severe,90.9,87.4
2026-09-01 06:55:10,IN-DELHI-01,42.0,17.5,42.3,994.5,268.5,1.04,-0.26,10.78,10.83,1.02,98,1233,4085,0,4,6.0,4095,0,182.8,0.0,1,3,WILDFIRE,Severe,91.8,93.7
2026-09-01 06:55:15,IN-DELHI-01,27.6,49.3,29.2,1000.6,216.9,0.96,-0.25,10.79,10.84,1.03,8,428,4068,0,20,30.0,4058,1,187.7,0.04,0,0,NORMAL,None,14.1,95.4
2026-09-01 06:55:20,IN-DELHI-01,26.0,58.8,28.2,1003.1,195.3,1.16,-0.18,10.76,10.82,1.01,0,400,4095,0,15,22.5,4034,2,183.0,0.06,1,0,NORMAL,None,9.6,93.7
2026-09-01 06:55:25,IN-DELHI-01,22.6,94.6,26.7,992.0,289.1,1.31,-0.25,10.87,10.95,1.14,17,459,1321,99,345,621.0,1257,98,28.5,-17.19,1,1,FLASH_FLOOD,Extreme,94.3,93.2
2026-09-01 06:55:30,IN-DELHI-01,22.7,93.7,26.8,985.9,340.4,1.08,-0.15,10.83,10.89,1.08,9,431,1328,98,303,545.4,1144,100,22.5,-15.21,1,1,FLASH_FLOOD,Extreme,95.5,95.0
2026-09-01 06:55:35,IN-DELHI-01,30.4,57.2,34.1,998.1,237.5,1.11,-0.2,11.06,11.12,1.31,0,400,4058,1,12,18.0,4090,0,177.4,-0.08,0,0,NORMAL,None,16.6,98.0
2026-09-01 06:55:40,IN-DELHI-01,29.1,44.4,30.6,1001.6,208.2,1.05,-0.29,10.71,10.76,0.95,12,442,4086,0,18,27.0,4077,0,179.9,-0.06,0,0,NORMAL,None,5.3,92.2
2026-09-01 06:55:45,IN-DELHI-01,25.7,93.2,31.5,987.2,329.9,0.96,-0.02,10.88,10.92,1.11,10,435,1403,96,230,414.0,1299,96,60.5,-13.43,0,1,FLASH_FLOOD,Severe,87.9,96.7
2026-09-01 06:55:50,IN-DELHI-01,25.6,50.9,26.7,1000.4,217.9,1.06,-0.23,10.7,10.75,0.94,5,417,4095,0,10,15.0,4085,0,184.0,-0.0,0,0,NORMAL,None,3.3,98.5
2026-09-01 06:55:55,IN-DELHI-01,25.4,99.0,31.7,984.2,354.5,1.14,-0.32,10.82,10.89,1.08,7,424,1400,96,288,518.4,1056,100,50.0,-9.36,0,1,FLASH_FLOOD,Severe,90.0,88.8
2026-09-01 06:56:00,IN-DELHI-01,26.5,49.3,27.8,1002.5,200.5,0.97,-0.22,10.93,10.97,1.16,1,403,4002,3,13,19.5,4088,0,188.9,-0.26,0,0,NORMAL,None,8.5,96.7
2026-09-01 06:56:05,IN-DELHI-01,25.7,64.9,28.3,1001.6,208.2,1.11,-0.23,10.66,10.72,0.91,23,492,1850,80,698,1361.1,2671,49,78.6,-1.77,0,5,WATER_CONTAMINATION,Severe,92.2,90.9
2026-09-01 06:56:10,IN-DELHI-01,23.0,92.2,27.2,983.2,363.6,1.26,-0.22,10.66,10.74,0.93,14,449,1275,100,255,459.0,1232,98,71.7,-6.76,0,1,FLASH_FLOOD,Severe,85.7,88.8
2026-09-01 06:56:15,IN-DELHI-01,21.2,93.3,24.6,988.9,315.6,1.01,-0.19,11.17,11.22,1.41,22,477,1337,98,378,680.4,1439,91,38.5,-14.92,0,1,FLASH_FLOOD,Severe,92.3,97.5
2026-09-01 06:56:20,IN-DELHI-01,27.8,51.8,29.9,1000.2,219.6,1.11,-0.12,10.68,10.73,0.92,1,403,4062,1,0,0.0,4070,0,177.1,-0.14,0,0,NORMAL,None,18.0,97.9
2026-09-01 06:56:25,IN-DELHI-01,21.2,85.8,24.0,993.5,276.2,3.22,2.45,10.18,10.95,1.14,8,428,1343,98,137,219.2,1916,75,108.7,-2.03,1,2,LANDSLIDE_PRECURSOR,Extreme,88.7,87.6
2026-09-01 06:56:30,IN-DELHI-01,27.6,54.4,29.9,1000.6,216.7,1.04,-0.25,10.8,10.86,1.05,19,466,4076,0,9,13.5,4063,1,186.5,-0.02,0,0,NORMAL,None,16.4,93.1
2026-09-01 06:56:35,IN-DELHI-01,42.9,14.8,42.9,998.1,237.8,1.01,-0.28,10.7,10.75,0.94,120,1420,4075,0,2,3.0,4095,0,184.6,0.0,0,3,WILDFIRE,Extreme,95.0,95.7
